{
    "metrics": {
        "check_failure_rate": {
            "fails": 523,
            "passes": 0,
            "thresholds": {
                "rate<0.01": false,
                "rate<=0.05": false
            },
            "value": 0
        },
        "checks": {
            "fails": 0,
            "passes": 523,
            "value": 0
        },
        "data_received": {
            "count": 88910,
            "rate": 288.4092066991902
        },
        "data_sent": {
            "count": 63806,
            "rate": 206.9760189253012
        },
        "http_req_blocked": {
            "avg": 0.01632122370936922,
            "max": 1.029,
            "med": 0.002,
            "min": 0.001,
            "p(90)": 0.003,
            "p(95)": 0.005899999999999977
        },
        "http_req_connecting": {
            "avg": 0.00933652007648184,
            "max": 0.269,
            "med": 0,
            "min": 0,
            "p(90)": 0,
            "p(95)": 0
        },
        "http_req_duration": {
            "avg": 12853.25782791588,
            "max": 16521.034,
            "med": 13910.438,
            "min": 2191.987,
            "p(90)": 16241.995,
            "p(95)": 16350.611799999999,
            "thresholds": {
                "p(95)<5000": true
            }
        },
        "http_req_receiving": {
            "avg": 0.1531912045889104,
            "max": 9.075,
            "med": 0.047,
            "min": 0.033,
            "p(90)": 0.30900000000000005,
            "p(95)": 0.4346999999999999
        },
        "http_req_sending": {
            "avg": 0.015514340344168214,
            "max": 0.109,
            "med": 0.013,
            "min": 0.011,
            "p(90)": 0.016,
            "p(95)": 0.03489999999999998
        },
        "http_req_tls_handshaking": {
            "avg": 0,
            "max": 0,
            "med": 0,
            "min": 0,
            "p(90)": 0,
            "p(95)": 0
        },
        "http_req_waiting": {
            "avg": 12853.089122370944,
            "max": 16520.976,
            "med": 13910.382,
            "min": 2191.872,
            "p(90)": 16241.9324,
            "p(95)": 16350.469
        },
        "http_reqs": {
            "count": 523,
            "rate": 1.6965247452893542
        },
        "iteration_duration": {
            "avg": 12852.996371349887,
            "max": 16520.641456,
            "med": 13910.139443,
            "min": 2192.317482,
            "p(90)": 16241.6145082,
            "p(95)": 16350.2279311
        },
        "iterations": {
            "count": 523,
            "rate": 1.6965247452893542
        },
        "vus": {
            "max": 25,
            "min": 1,
            "value": 1
        },
        "vus_max": {
            "max": 25,
            "min": 25,
            "value": 25
        }
    },
    "root_group": {
        "name": "",
        "path": "",
        "id": "d41d8cd98f00b204e9800998ecf8427e",
        "groups": {},
        "checks": {
            "status is 200": {
                "name": "status is 200",
                "path": "::status is 200",
                "id": "6210a8cd14cd70477eba5c5e4cb3fb5f",
                "passes": 523,
                "fails": 0
            }
        }
    }
}
