{
    "metrics": {
        "check_failure_rate": {
            "fails": 145,
            "passes": 0,
            "thresholds": {
                "rate<0.01": false,
                "rate<=0.05": false
            },
            "value": 0
        },
        "checks": {
            "fails": 0,
            "passes": 145,
            "value": 0
        },
        "data_received": {
            "count": 24650,
            "rate": 74.68897254498211
        },
        "data_sent": {
            "count": 19154,
            "rate": 58.03621014712322
        },
        "http_req_blocked": {
            "avg": 0.05744137931034509,
            "max": 1.153,
            "med": 0.002,
            "min": 0.001,
            "p(90)": 0.274,
            "p(95)": 0.295
        },
        "http_req_connecting": {
            "avg": 0.03598620689655172,
            "max": 0.265,
            "med": 0,
            "min": 0,
            "p(90)": 0.1996,
            "p(95)": 0.211
        },
        "http_req_duration": {
            "avg": 45423.944213793104,
            "max": 55437.401,
            "med": 54956.162,
            "min": 2208.017,
            "p(90)": 55355.6932,
            "p(95)": 55374.9952,
            "thresholds": {
                "p(95)<5000": true
            }
        },
        "http_req_receiving": {
            "avg": 0.16904827586206894,
            "max": 8.791,
            "med": 0.057,
            "min": 0.039,
            "p(90)": 0.2522,
            "p(95)": 0.34559999999999985
        },
        "http_req_sending": {
            "avg": 0.022986206896551696,
            "max": 0.135,
            "med": 0.014,
            "min": 0.01,
            "p(90)": 0.04719999999999999,
            "p(95)": 0.06399999999999983
        },
        "http_req_tls_handshaking": {
            "avg": 0,
            "max": 0,
            "med": 0,
            "min": 0,
            "p(90)": 0,
            "p(95)": 0
        },
        "http_req_waiting": {
            "avg": 45423.75217931034,
            "max": 55437.308,
            "med": 54955.81,
            "min": 2207.924,
            "p(90)": 55355.047000000006,
            "p(95)": 55374.9228
        },
        "http_reqs": {
            "count": 145,
            "rate": 0.4393468973234242
        },
        "iteration_duration": {
            "avg": 45422.76075564828,
            "max": 55435.830755,
            "med": 54954.611804,
            "min": 2208.053299,
            "p(90)": 55354.1614172,
            "p(95)": 55373.459086
        },
        "iterations": {
            "count": 145,
            "rate": 0.4393468973234242
        },
        "vus": {
            "max": 25,
            "min": 1,
            "value": 1
        },
        "vus_max": {
            "max": 25,
            "min": 25,
            "value": 25
        }
    },
    "root_group": {
        "name": "",
        "path": "",
        "id": "d41d8cd98f00b204e9800998ecf8427e",
        "groups": {},
        "checks": {
            "status is 200": {
                "name": "status is 200",
                "path": "::status is 200",
                "id": "6210a8cd14cd70477eba5c5e4cb3fb5f",
                "passes": 145,
                "fails": 0
            }
        }
    }
}
