{
    "metrics": {
        "check_failure_rate": {
            "fails": 803,
            "passes": 0,
            "thresholds": {
                "rate<0.01": false,
                "rate<=0.05": false
            },
            "value": 0
        },
        "checks": {
            "fails": 0,
            "passes": 803,
            "value": 0
        },
        "data_received": {
            "count": 137313,
            "rate": 454.6739194496144
        },
        "data_sent": {
            "count": 89936,
            "rate": 297.7981226804492
        },
        "http_req_blocked": {
            "avg": 0.012129514321295498,
            "max": 1.119,
            "med": 0.002,
            "min": 0.001,
            "p(90)": 0.003,
            "p(95)": 0.004
        },
        "http_req_connecting": {
            "avg": 0.006638854296388543,
            "max": 0.333,
            "med": 0,
            "min": 0,
            "p(90)": 0,
            "p(95)": 0
        },
        "http_req_duration": {
            "avg": 8300.731656288915,
            "max": 15338.035,
            "med": 8865.925,
            "min": 2393.07,
            "p(90)": 9095.714600000001,
            "p(95)": 9320.7518,
            "thresholds": {
                "p(95)<5000": true
            }
        },
        "http_req_receiving": {
            "avg": 0.0798542963885427,
            "max": 1.432,
            "med": 0.045,
            "min": 0.036,
            "p(90)": 0.11280000000000007,
            "p(95)": 0.24989999999999998
        },
        "http_req_sending": {
            "avg": 0.014530510585305046,
            "max": 0.096,
            "med": 0.013,
            "min": 0.01,
            "p(90)": 0.017,
            "p(95)": 0.029
        },
        "http_req_tls_handshaking": {
            "avg": 0,
            "max": 0,
            "med": 0,
            "min": 0,
            "p(90)": 0,
            "p(95)": 0
        },
        "http_req_waiting": {
            "avg": 8300.637271481943,
            "max": 15337.818,
            "med": 8865.869,
            "min": 2392.952,
            "p(90)": 9095.616399999999,
            "p(95)": 9320.692000000001
        },
        "http_reqs": {
            "count": 803,
            "rate": 2.658911809646868
        },
        "iteration_duration": {
            "avg": 8300.607243528022,
            "max": 15338.976554,
            "med": 8865.75616,
            "min": 2393.402207,
            "p(90)": 9095.5394712,
            "p(95)": 9320.574407799999
        },
        "iterations": {
            "count": 803,
            "rate": 2.658911809646868
        },
        "vus": {
            "max": 25,
            "min": 1,
            "value": 3
        },
        "vus_max": {
            "max": 25,
            "min": 25,
            "value": 25
        }
    },
    "root_group": {
        "name": "",
        "path": "",
        "id": "d41d8cd98f00b204e9800998ecf8427e",
        "groups": {},
        "checks": {
            "status is 200": {
                "name": "status is 200",
                "path": "::status is 200",
                "id": "6210a8cd14cd70477eba5c5e4cb3fb5f",
                "passes": 803,
                "fails": 0
            }
        }
    }
}
