{
    "metrics": {
        "check_failure_rate": {
            "fails": 103785,
            "passes": 0,
            "thresholds": {
                "rate<0.01": false,
                "rate<=0.05": false
            },
            "value": 0
        },
        "checks": {
            "fails": 0,
            "passes": 103785,
            "value": 0
        },
        "data_received": {
            "count": 18266160,
            "rate": 60878.35194032899
        },
        "data_sent": {
            "count": 12039060,
            "rate": 40124.36832430774
        },
        "http_req_blocked": {
            "avg": 0.0020804644216438784,
            "max": 0.989,
            "med": 0.002,
            "min": 0.001,
            "p(90)": 0.002,
            "p(95)": 0.003
        },
        "http_req_connecting": {
            "avg": 0.00025937274172568284,
            "max": 0.873,
            "med": 0,
            "min": 0,
            "p(90)": 0,
            "p(95)": 0
        },
        "http_req_duration": {
            "avg": 267.4710727947195,
            "max": 1195.585,
            "med": 268.825,
            "min": 48.668,
            "p(90)": 317.5008,
            "p(95)": 350.0978,
            "thresholds": {
                "p(95)<5000": false
            }
        },
        "http_req_receiving": {
            "avg": 0.11439056703764884,
            "max": 23.508,
            "med": 0.034,
            "min": 0.017,
            "p(90)": 0.315,
            "p(95)": 0.4
        },
        "http_req_sending": {
            "avg": 0.011211205858253444,
            "max": 0.628,
            "med": 0.011,
            "min": 0.006,
            "p(90)": 0.013,
            "p(95)": 0.014
        },
        "http_req_tls_handshaking": {
            "avg": 0,
            "max": 0,
            "med": 0,
            "min": 0,
            "p(90)": 0,
            "p(95)": 0
        },
        "http_req_waiting": {
            "avg": 267.3454710218237,
            "max": 1195.119,
            "med": 268.7,
            "min": 48.62,
            "p(90)": 317.3874,
            "p(95)": 349.983
        },
        "http_reqs": {
            "count": 103785,
            "rate": 345.8997269336874
        },
        "iteration_duration": {
            "avg": 267.5413366426336,
            "max": 1195.622175,
            "med": 268.895367,
            "min": 48.75947,
            "p(90)": 317.568135,
            "p(95)": 350.1599763999999
        },
        "iterations": {
            "count": 103785,
            "rate": 345.8997269336874
        },
        "vus": {
            "max": 100,
            "min": 1,
            "value": 1
        },
        "vus_max": {
            "max": 100,
            "min": 100,
            "value": 100
        }
    },
    "root_group": {
        "name": "",
        "path": "",
        "id": "d41d8cd98f00b204e9800998ecf8427e",
        "groups": {},
        "checks": {
            "status is 200": {
                "name": "status is 200",
                "path": "::status is 200",
                "id": "6210a8cd14cd70477eba5c5e4cb3fb5f",
                "passes": 103785,
                "fails": 0
            }
        }
    }
}
