{
    "metrics": {
        "check_failure_rate": {
            "fails": 768,
            "passes": 0,
            "thresholds": {
                "rate<0.01": false,
                "rate<=0.05": false
            },
            "value": 0
        },
        "checks": {
            "fails": 0,
            "passes": 768,
            "value": 0
        },
        "data_received": {
            "count": 131328,
            "rate": 434.59389079221535
        },
        "data_sent": {
            "count": 86016,
            "rate": 284.64629104519366
        },
        "http_req_blocked": {
            "avg": 0.012398437500000345,
            "max": 0.772,
            "med": 0.002,
            "min": 0.001,
            "p(90)": 0.003,
            "p(95)": 0.004649999999999977
        },
        "http_req_connecting": {
            "avg": 0.00709375,
            "max": 0.416,
            "med": 0,
            "min": 0,
            "p(90)": 0,
            "p(95)": 0
        },
        "http_req_duration": {
            "avg": 8670.817888020838,
            "max": 19044.217,
            "med": 9126.497500000001,
            "min": 2953.732,
            "p(90)": 9401.8016,
            "p(95)": 9583.05085,
            "thresholds": {
                "p(95)<5000": true
            }
        },
        "http_req_receiving": {
            "avg": 0.12221875000000025,
            "max": 10.093,
            "med": 0.052,
            "min": 0.033,
            "p(90)": 0.22730000000000009,
            "p(95)": 0.37929999999999997
        },
        "http_req_sending": {
            "avg": 0.015546874999999924,
            "max": 0.137,
            "med": 0.012,
            "min": 0.009,
            "p(90)": 0.028,
            "p(95)": 0.033
        },
        "http_req_tls_handshaking": {
            "avg": 0,
            "max": 0,
            "med": 0,
            "min": 0,
            "p(90)": 0,
            "p(95)": 0
        },
        "http_req_waiting": {
            "avg": 8670.680122395826,
            "max": 19044.039,
            "med": 9126.115,
            "min": 2953.652,
            "p(90)": 9401.7392,
            "p(95)": 9582.967
        },
        "http_reqs": {
            "count": 768,
            "rate": 2.5414847414749437
        },
        "iteration_duration": {
            "avg": 8671.326661805988,
            "max": 19044.69399,
            "med": 9126.7520355,
            "min": 2953.77771,
            "p(90)": 9402.343234400001,
            "p(95)": 9583.24494115
        },
        "iterations": {
            "count": 768,
            "rate": 2.5414847414749437
        },
        "vus": {
            "max": 25,
            "min": 1,
            "value": 1
        },
        "vus_max": {
            "max": 25,
            "min": 25,
            "value": 25
        }
    },
    "root_group": {
        "name": "",
        "path": "",
        "id": "d41d8cd98f00b204e9800998ecf8427e",
        "groups": {},
        "checks": {
            "status is 200": {
                "name": "status is 200",
                "path": "::status is 200",
                "id": "6210a8cd14cd70477eba5c5e4cb3fb5f",
                "passes": 768,
                "fails": 0
            }
        }
    }
}
