{
    "metrics": {
        "check_failure_rate": {
            "fails": 14190,
            "passes": 1,
            "thresholds": {
                "rate<0.01": false,
                "rate<=0.05": false
            },
            "value": 0
        },
        "checks": {
            "fails": 1,
            "passes": 14190,
            "value": 0
        },
        "data_received": {
            "count": 2469171,
            "rate": 8228.691115528622
        },
        "data_sent": {
            "count": 1646156,
            "rate": 5485.934045059712
        },
        "http_req_blocked": {
            "avg": 0.005080121203579986,
            "max": 1.134,
            "med": 0.002,
            "min": 0.001,
            "p(90)": 0.003,
            "p(95)": 0.004
        },
        "http_req_connecting": {
            "avg": 0.001953773518427172,
            "max": 0.525,
            "med": 0,
            "min": 0,
            "p(90)": 0,
            "p(95)": 0
        },
        "http_req_duration": {
            "avg": 1967.7406444225178,
            "max": 14743.528,
            "med": 691.83,
            "min": 42.606,
            "p(90)": 3506.192,
            "p(95)": 9295.395,
            "thresholds": {
                "p(95)<5000": true
            }
        },
        "http_req_receiving": {
            "avg": 0.10281953350715169,
            "max": 19.4,
            "med": 0.047,
            "min": 0.018,
            "p(90)": 0.27,
            "p(95)": 0.386
        },
        "http_req_sending": {
            "avg": 0.014203861602424775,
            "max": 0.161,
            "med": 0.013,
            "min": 0.006,
            "p(90)": 0.017,
            "p(95)": 0.02
        },
        "http_req_tls_handshaking": {
            "avg": 0,
            "max": 0,
            "med": 0,
            "min": 0,
            "p(90)": 0,
            "p(95)": 0
        },
        "http_req_waiting": {
            "avg": 1967.6236210274058,
            "max": 14743.468,
            "med": 691.769,
            "min": 42.361,
            "p(90)": 3506.127,
            "p(95)": 9295.337
        },
        "http_reqs": {
            "count": 14191,
            "rate": 47.29253487120441
        },
        "iteration_duration": {
            "avg": 1967.7926113402914,
            "max": 14743.223199,
            "med": 691.931428,
            "min": 42.666121,
            "p(90)": 3506.213375,
            "p(95)": 9295.209879
        },
        "iterations": {
            "count": 14191,
            "rate": 47.29253487120441
        },
        "vus": {
            "max": 100,
            "min": 1,
            "value": 1
        },
        "vus_max": {
            "max": 100,
            "min": 100,
            "value": 100
        }
    },
    "root_group": {
        "name": "",
        "path": "",
        "id": "d41d8cd98f00b204e9800998ecf8427e",
        "groups": {},
        "checks": {
            "status is 200": {
                "name": "status is 200",
                "path": "::status is 200",
                "id": "6210a8cd14cd70477eba5c5e4cb3fb5f",
                "passes": 14190,
                "fails": 1
            }
        }
    }
}
