{
    "metrics": {
        "check_failure_rate": {
            "fails": 156041,
            "passes": 0,
            "thresholds": {
                "rate<0.01": false,
                "rate<=0.05": false
            },
            "value": 0
        },
        "checks": {
            "fails": 0,
            "passes": 312082,
            "value": 0
        },
        "data_received": {
            "count": 44939808,
            "rate": 149780.2115984819
        },
        "data_sent": {
            "count": 17164510,
            "rate": 57207.7197077535
        },
        "http_req_blocked": {
            "avg": 0.0018825372818707972,
            "max": 1,
            "med": 0.002,
            "min": 0.001,
            "p(90)": 0.002,
            "p(95)": 0.002
        },
        "http_req_connecting": {
            "avg": 0.00016072698841971023,
            "max": 0.901,
            "med": 0,
            "min": 0,
            "p(90)": 0,
            "p(95)": 0
        },
        "http_req_duration": {
            "avg": 177.82036533347195,
            "max": 368.051,
            "med": 190.277,
            "min": 3.178,
            "p(90)": 205.734,
            "p(95)": 209.884,
            "thresholds": {
                "p(95)<5000": false
            }
        },
        "http_req_receiving": {
            "avg": 0.11990742817592935,
            "max": 16.456,
            "med": 0.033,
            "min": 0.018,
            "p(90)": 0.332,
            "p(95)": 0.418
        },
        "http_req_sending": {
            "avg": 0.011322940765548661,
            "max": 2.178,
            "med": 0.011,
            "min": 0.006,
            "p(90)": 0.013,
            "p(95)": 0.014
        },
        "http_req_tls_handshaking": {
            "avg": 0,
            "max": 0,
            "med": 0,
            "min": 0,
            "p(90)": 0,
            "p(95)": 0
        },
        "http_req_waiting": {
            "avg": 177.68913496453015,
            "max": 367.998,
            "med": 190.14,
            "min": 3.145,
            "p(90)": 205.599,
            "p(95)": 209.744
        },
        "http_reqs": {
            "count": 156041,
            "rate": 520.0701791613955
        },
        "iteration_duration": {
            "avg": 177.9110337300824,
            "max": 368.136459,
            "med": 190.373633,
            "min": 3.242725,
            "p(90)": 205.825764,
            "p(95)": 209.974965
        },
        "iterations": {
            "count": 156041,
            "rate": 520.0701791613955
        },
        "vus": {
            "max": 100,
            "min": 1,
            "value": 1
        },
        "vus_max": {
            "max": 100,
            "min": 100,
            "value": 100
        }
    },
    "root_group": {
        "name": "",
        "path": "",
        "id": "d41d8cd98f00b204e9800998ecf8427e",
        "groups": {},
        "checks": {
            "content is present": {
                "name": "content is present",
                "path": "::content is present",
                "id": "f162f55df55ff1646f977d711ea38a01",
                "passes": 156041,
                "fails": 0
            },
            "status is 200": {
                "name": "status is 200",
                "path": "::status is 200",
                "id": "6210a8cd14cd70477eba5c5e4cb3fb5f",
                "passes": 156041,
                "fails": 0
            }
        }
    }
}
