{
    "metrics": {
        "check_failure_rate": {
            "fails": 871,
            "passes": 0,
            "thresholds": {
                "rate<0.01": false,
                "rate<=0.05": false
            },
            "value": 0
        },
        "checks": {
            "fails": 0,
            "passes": 871,
            "value": 0
        },
        "data_received": {
            "count": 148941,
            "rate": 494.95329811015773
        },
        "data_sent": {
            "count": 97552,
            "rate": 324.17993794349513
        },
        "http_req_blocked": {
            "avg": 0.012063145809414727,
            "max": 0.863,
            "med": 0.002,
            "min": 0.001,
            "p(90)": 0.002,
            "p(95)": 0.017
        },
        "http_req_connecting": {
            "avg": 0.006644087256027556,
            "max": 0.504,
            "med": 0,
            "min": 0,
            "p(90)": 0,
            "p(95)": 0
        },
        "http_req_duration": {
            "avg": 7615.111927669351,
            "max": 16190.891,
            "med": 8176.766,
            "min": 1278.854,
            "p(90)": 8241.527,
            "p(95)": 8264.6895,
            "thresholds": {
                "p(95)<5000": true
            }
        },
        "http_req_receiving": {
            "avg": 0.1361825487944892,
            "max": 1.299,
            "med": 0.055,
            "min": 0.032,
            "p(90)": 0.417,
            "p(95)": 0.521
        },
        "http_req_sending": {
            "avg": 0.01498163030998837,
            "max": 0.15,
            "med": 0.011,
            "min": 0.008,
            "p(90)": 0.027,
            "p(95)": 0.0345
        },
        "http_req_tls_handshaking": {
            "avg": 0,
            "max": 0,
            "med": 0,
            "min": 0,
            "p(90)": 0,
            "p(95)": 0
        },
        "http_req_waiting": {
            "avg": 7614.96076349024,
            "max": 16190.626,
            "med": 8176.599,
            "min": 1278.806,
            "p(90)": 8241.462,
            "p(95)": 8264.633
        },
        "http_reqs": {
            "count": 871,
            "rate": 2.8944637316383495
        },
        "iteration_duration": {
            "avg": 7615.0114001791,
            "max": 16191.622396,
            "med": 8176.666769,
            "min": 1278.900451,
            "p(90)": 8241.368709,
            "p(95)": 8264.529966999999
        },
        "iterations": {
            "count": 871,
            "rate": 2.8944637316383495
        },
        "vus": {
            "max": 25,
            "min": 1,
            "value": 3
        },
        "vus_max": {
            "max": 25,
            "min": 25,
            "value": 25
        }
    },
    "root_group": {
        "name": "",
        "path": "",
        "id": "d41d8cd98f00b204e9800998ecf8427e",
        "groups": {},
        "checks": {
            "status is 200": {
                "name": "status is 200",
                "path": "::status is 200",
                "id": "6210a8cd14cd70477eba5c5e4cb3fb5f",
                "passes": 871,
                "fails": 0
            }
        }
    }
}
