{
    "metrics": {
        "check_failure_rate": {
            "fails": 800,
            "passes": 0,
            "thresholds": {
                "rate<0.01": false,
                "rate<=0.05": false
            },
            "value": 0
        },
        "checks": {
            "fails": 0,
            "passes": 800,
            "value": 0
        },
        "data_received": {
            "count": 136800,
            "rate": 453.61449730446384
        },
        "data_sent": {
            "count": 89600,
            "rate": 297.1042321526313
        },
        "http_req_blocked": {
            "avg": 0.013227500000000347,
            "max": 0.813,
            "med": 0.002,
            "min": 0.001,
            "p(90)": 0.002,
            "p(95)": 0.003
        },
        "http_req_connecting": {
            "avg": 0.007931250000000003,
            "max": 0.522,
            "med": 0,
            "min": 0,
            "p(90)": 0,
            "p(95)": 0
        },
        "http_req_duration": {
            "avg": 8325.183118750001,
            "max": 18449.248,
            "med": 8845.7745,
            "min": 2777.241,
            "p(90)": 8919.3265,
            "p(95)": 8934.367199999999,
            "thresholds": {
                "p(95)<5000": true
            }
        },
        "http_req_receiving": {
            "avg": 0.14640000000000003,
            "max": 10.639,
            "med": 0.049,
            "min": 0.031,
            "p(90)": 0.11930000000000006,
            "p(95)": 0.32304999999999995
        },
        "http_req_sending": {
            "avg": 0.015197499999999866,
            "max": 0.14,
            "med": 0.012,
            "min": 0.009,
            "p(90)": 0.027,
            "p(95)": 0.035049999999999956
        },
        "http_req_tls_handshaking": {
            "avg": 0,
            "max": 0,
            "med": 0,
            "min": 0,
            "p(90)": 0,
            "p(95)": 0
        },
        "http_req_waiting": {
            "avg": 8325.021521249999,
            "max": 18449.06,
            "med": 8845.2845,
            "min": 2777.193,
            "p(90)": 8919.221500000001,
            "p(95)": 8934.279349999999
        },
        "http_reqs": {
            "count": 800,
            "rate": 2.6527163585056366
        },
        "iteration_duration": {
            "avg": 8325.056772931257,
            "max": 18449.773231,
            "med": 8845.5979315,
            "min": 2777.24534,
            "p(90)": 8919.1547516,
            "p(95)": 8934.1994431
        },
        "iterations": {
            "count": 800,
            "rate": 2.6527163585056366
        },
        "vus": {
            "max": 25,
            "min": 1,
            "value": 2
        },
        "vus_max": {
            "max": 25,
            "min": 25,
            "value": 25
        }
    },
    "root_group": {
        "name": "",
        "path": "",
        "id": "d41d8cd98f00b204e9800998ecf8427e",
        "groups": {},
        "checks": {
            "status is 200": {
                "name": "status is 200",
                "path": "::status is 200",
                "id": "6210a8cd14cd70477eba5c5e4cb3fb5f",
                "passes": 800,
                "fails": 0
            }
        }
    }
}
