{
    "metrics": {
        "check_failure_rate": {
            "fails": 773,
            "passes": 0,
            "thresholds": {
                "rate<0.01": false,
                "rate<=0.05": false
            },
            "value": 0
        },
        "checks": {
            "fails": 0,
            "passes": 773,
            "value": 0
        },
        "data_received": {
            "count": 132183,
            "rate": 438.07800260160326
        },
        "data_sent": {
            "count": 86576,
            "rate": 286.92828240572845
        },
        "http_req_blocked": {
            "avg": 0.013095730918499695,
            "max": 0.698,
            "med": 0.002,
            "min": 0.001,
            "p(90)": 0.003,
            "p(95)": 0.019
        },
        "http_req_connecting": {
            "avg": 0.007579560155239328,
            "max": 0.505,
            "med": 0,
            "min": 0,
            "p(90)": 0,
            "p(95)": 0
        },
        "http_req_duration": {
            "avg": 8602.578201811113,
            "max": 16645.643,
            "med": 9204.256,
            "min": 2569.556,
            "p(90)": 9326.9768,
            "p(95)": 9360.1752,
            "thresholds": {
                "p(95)<5000": true
            }
        },
        "http_req_receiving": {
            "avg": 0.12905045278137153,
            "max": 9.912,
            "med": 0.05,
            "min": 0.031,
            "p(90)": 0.22680000000000008,
            "p(95)": 0.4034
        },
        "http_req_sending": {
            "avg": 0.015266494178525132,
            "max": 0.122,
            "med": 0.012,
            "min": 0.009,
            "p(90)": 0.027,
            "p(95)": 0.03439999999999998
        },
        "http_req_tls_handshaking": {
            "avg": 0,
            "max": 0,
            "med": 0,
            "min": 0,
            "p(90)": 0,
            "p(95)": 0
        },
        "http_req_waiting": {
            "avg": 8602.43388486416,
            "max": 16645.497,
            "med": 9204.205,
            "min": 2569.466,
            "p(90)": 9326.6878,
            "p(95)": 9360.0174
        },
        "http_reqs": {
            "count": 773,
            "rate": 2.561859664336861
        },
        "iteration_duration": {
            "avg": 8602.453647075037,
            "max": 16646.1024,
            "med": 9204.061393,
            "min": 2569.631024,
            "p(90)": 9326.84372,
            "p(95)": 9360.0239172
        },
        "iterations": {
            "count": 773,
            "rate": 2.561859664336861
        },
        "vus": {
            "max": 25,
            "min": 1,
            "value": 2
        },
        "vus_max": {
            "max": 25,
            "min": 25,
            "value": 25
        }
    },
    "root_group": {
        "name": "",
        "path": "",
        "id": "d41d8cd98f00b204e9800998ecf8427e",
        "groups": {},
        "checks": {
            "status is 200": {
                "name": "status is 200",
                "path": "::status is 200",
                "id": "6210a8cd14cd70477eba5c5e4cb3fb5f",
                "passes": 773,
                "fails": 0
            }
        }
    }
}
