{
    "metrics": {
        "check_failure_rate": {
            "fails": 858,
            "passes": 0,
            "thresholds": {
                "rate<0.01": false,
                "rate<=0.05": false
            },
            "value": 0
        },
        "checks": {
            "fails": 0,
            "passes": 858,
            "value": 0
        },
        "data_received": {
            "count": 146718,
            "rate": 486.9887233289798
        },
        "data_sent": {
            "count": 96096,
            "rate": 318.9633743441271
        },
        "http_req_blocked": {
            "avg": 0.012934731934732203,
            "max": 0.987,
            "med": 0.002,
            "min": 0.001,
            "p(90)": 0.002,
            "p(95)": 0.017
        },
        "http_req_connecting": {
            "avg": 0.0073193473193473215,
            "max": 0.504,
            "med": 0,
            "min": 0,
            "p(90)": 0,
            "p(95)": 0
        },
        "http_req_duration": {
            "avg": 7738.985585081589,
            "max": 17315.538,
            "med": 8255.281500000001,
            "min": 1622.07,
            "p(90)": 8313.614800000001,
            "p(95)": 8323.793749999999,
            "thresholds": {
                "p(95)<5000": true
            }
        },
        "http_req_receiving": {
            "avg": 0.12945221445221475,
            "max": 4.961,
            "med": 0.054,
            "min": 0.033,
            "p(90)": 0.3421000000000005,
            "p(95)": 0.50545
        },
        "http_req_sending": {
            "avg": 0.015052447552447418,
            "max": 0.113,
            "med": 0.011,
            "min": 0.008,
            "p(90)": 0.027300000000000067,
            "p(95)": 0.037
        },
        "http_req_tls_handshaking": {
            "avg": 0,
            "max": 0,
            "med": 0,
            "min": 0,
            "p(90)": 0,
            "p(95)": 0
        },
        "http_req_waiting": {
            "avg": 7738.841080419586,
            "max": 17315.349,
            "med": 8255.092,
            "min": 1622.017,
            "p(90)": 8313.5519,
            "p(95)": 8323.54925
        },
        "http_reqs": {
            "count": 858,
            "rate": 2.8478872709297063
        },
        "iteration_duration": {
            "avg": 7739.479421594405,
            "max": 17316.256819,
            "med": 8255.464256,
            "min": 1622.111856,
            "p(90)": 8315.278983100001,
            "p(95)": 8323.67475075
        },
        "iterations": {
            "count": 858,
            "rate": 2.8478872709297063
        },
        "vus": {
            "max": 25,
            "min": 1,
            "value": 1
        },
        "vus_max": {
            "max": 25,
            "min": 25,
            "value": 25
        }
    },
    "root_group": {
        "name": "",
        "path": "",
        "id": "d41d8cd98f00b204e9800998ecf8427e",
        "groups": {},
        "checks": {
            "status is 200": {
                "name": "status is 200",
                "path": "::status is 200",
                "id": "6210a8cd14cd70477eba5c5e4cb3fb5f",
                "passes": 858,
                "fails": 0
            }
        }
    }
}
