{
    "metrics": {
        "check_failure_rate": {
            "fails": 843,
            "passes": 0,
            "thresholds": {
                "rate<0.01": false,
                "rate<=0.05": false
            },
            "value": 0
        },
        "checks": {
            "fails": 0,
            "passes": 843,
            "value": 0
        },
        "data_received": {
            "count": 144153,
            "rate": 477.9629751357495
        },
        "data_sent": {
            "count": 94416,
            "rate": 313.05177318832716
        },
        "http_req_blocked": {
            "avg": 0.011673784104389377,
            "max": 1.153,
            "med": 0.002,
            "min": 0.001,
            "p(90)": 0.003,
            "p(95)": 0.018
        },
        "http_req_connecting": {
            "avg": 0.005905100830367733,
            "max": 0.325,
            "med": 0,
            "min": 0,
            "p(90)": 0,
            "p(95)": 0
        },
        "http_req_duration": {
            "avg": 7883.278107947818,
            "max": 17132.801,
            "med": 8304.369,
            "min": 2357.128,
            "p(90)": 8841.3742,
            "p(95)": 9025.1754,
            "thresholds": {
                "p(95)<5000": true
            }
        },
        "http_req_receiving": {
            "avg": 0.13829537366548061,
            "max": 2.582,
            "med": 0.059,
            "min": 0.033,
            "p(90)": 0.37220000000000025,
            "p(95)": 0.468
        },
        "http_req_sending": {
            "avg": 0.016194543297746083,
            "max": 0.144,
            "med": 0.012,
            "min": 0.006,
            "p(90)": 0.029,
            "p(95)": 0.036
        },
        "http_req_tls_handshaking": {
            "avg": 0,
            "max": 0,
            "med": 0,
            "min": 0,
            "p(90)": 0,
            "p(95)": 0
        },
        "http_req_waiting": {
            "avg": 7883.123618030842,
            "max": 17132.532,
            "med": 8304.313,
            "min": 2357,
            "p(90)": 8841.3096,
            "p(95)": 9025.0582
        },
        "http_reqs": {
            "count": 843,
            "rate": 2.795105117752921
        },
        "iteration_duration": {
            "avg": 7883.17504017081,
            "max": 17133.684291,
            "med": 8304.227526,
            "min": 2357.14927,
            "p(90)": 8841.279341399999,
            "p(95)": 9025.0745012
        },
        "iterations": {
            "count": 843,
            "rate": 2.795105117752921
        },
        "vus": {
            "max": 25,
            "min": 1,
            "value": 2
        },
        "vus_max": {
            "max": 25,
            "min": 25,
            "value": 25
        }
    },
    "root_group": {
        "name": "",
        "path": "",
        "id": "d41d8cd98f00b204e9800998ecf8427e",
        "groups": {},
        "checks": {
            "status is 200": {
                "name": "status is 200",
                "path": "::status is 200",
                "id": "6210a8cd14cd70477eba5c5e4cb3fb5f",
                "passes": 843,
                "fails": 0
            }
        }
    }
}
