{
    "metrics": {
        "check_failure_rate": {
            "fails": 34033,
            "passes": 0,
            "thresholds": {
                "rate<0.01": false,
                "rate<=0.05": false
            },
            "value": 0
        },
        "checks": {
            "fails": 0,
            "passes": 68066,
            "value": 0
        },
        "data_received": {
            "count": 9801504,
            "rate": 32665.90042223829
        },
        "data_sent": {
            "count": 3743630,
            "rate": 12476.559189049347
        },
        "http_req_blocked": {
            "avg": 0.004180236828959031,
            "max": 1.654,
            "med": 0.002,
            "min": 0.001,
            "p(90)": 0.004,
            "p(95)": 0.004
        },
        "http_req_connecting": {
            "avg": 0.0011583169276878323,
            "max": 1.457,
            "med": 0,
            "min": 0,
            "p(90)": 0,
            "p(95)": 0
        },
        "http_req_duration": {
            "avg": 816.3252173184827,
            "max": 2802.056,
            "med": 719.65,
            "min": 4.379,
            "p(90)": 1395.3354,
            "p(95)": 1690.5305999999998,
            "thresholds": {
                "p(95)<5000": false
            }
        },
        "http_req_receiving": {
            "avg": 0.6635201715981568,
            "max": 191.391,
            "med": 0.044,
            "min": 0.015,
            "p(90)": 0.304,
            "p(95)": 0.568
        },
        "http_req_sending": {
            "avg": 0.016174154497104562,
            "max": 0.767,
            "med": 0.015,
            "min": 0.005,
            "p(90)": 0.022,
            "p(95)": 0.025
        },
        "http_req_tls_handshaking": {
            "avg": 0,
            "max": 0,
            "med": 0,
            "min": 0,
            "p(90)": 0,
            "p(95)": 0
        },
        "http_req_waiting": {
            "avg": 815.6455229923845,
            "max": 2801.247,
            "med": 717.448,
            "min": 4.338,
            "p(90)": 1395.1182,
            "p(95)": 1690.3318
        },
        "http_reqs": {
            "count": 34033,
            "rate": 113.42326535499406
        },
        "iteration_duration": {
            "avg": 816.4294573379973,
            "max": 2802.087973,
            "med": 719.721209,
            "min": 4.460319,
            "p(90)": 1395.4215636000001,
            "p(95)": 1690.6259183999998
        },
        "iterations": {
            "count": 34033,
            "rate": 113.42326535499406
        },
        "vus": {
            "max": 100,
            "min": 1,
            "value": 1
        },
        "vus_max": {
            "max": 100,
            "min": 100,
            "value": 100
        }
    },
    "root_group": {
        "name": "",
        "path": "",
        "id": "d41d8cd98f00b204e9800998ecf8427e",
        "groups": {},
        "checks": {
            "content is present": {
                "name": "content is present",
                "path": "::content is present",
                "id": "f162f55df55ff1646f977d711ea38a01",
                "passes": 34033,
                "fails": 0
            },
            "status is 200": {
                "name": "status is 200",
                "path": "::status is 200",
                "id": "6210a8cd14cd70477eba5c5e4cb3fb5f",
                "passes": 34033,
                "fails": 0
            }
        }
    }
}
