{
    "metrics": {
        "check_failure_rate": {
            "fails": 25618,
            "passes": 0,
            "thresholds": {
                "rate<0.01": false,
                "rate<=0.05": false
            },
            "value": 0
        },
        "checks": {
            "fails": 0,
            "passes": 25618,
            "value": 0
        },
        "data_received": {
            "count": 4508768,
            "rate": 15024.868052610393
        },
        "data_sent": {
            "count": 2971688,
            "rate": 9902.75394376594
        },
        "http_req_blocked": {
            "avg": 0.004595011320164653,
            "max": 1.508,
            "med": 0.002,
            "min": 0.001,
            "p(90)": 0.004,
            "p(95)": 0.005
        },
        "http_req_connecting": {
            "avg": 0.0013030291201498948,
            "max": 0.994,
            "med": 0,
            "min": 0,
            "p(90)": 0,
            "p(95)": 0
        },
        "http_req_duration": {
            "avg": 1084.9393684909073,
            "max": 4498.784,
            "med": 891.3755,
            "min": 17.589,
            "p(90)": 2204.1569,
            "p(95)": 2800.1253500000003,
            "thresholds": {
                "p(95)<5000": false
            }
        },
        "http_req_receiving": {
            "avg": 0.7414416816301115,
            "max": 207.635,
            "med": 0.05,
            "min": 0.015,
            "p(90)": 0.33629999999999927,
            "p(95)": 0.577
        },
        "http_req_sending": {
            "avg": 0.01715180732297476,
            "max": 1.704,
            "med": 0.016,
            "min": 0.005,
            "p(90)": 0.023,
            "p(95)": 0.026
        },
        "http_req_tls_handshaking": {
            "avg": 0,
            "max": 0,
            "med": 0,
            "min": 0,
            "p(90)": 0,
            "p(95)": 0
        },
        "http_req_waiting": {
            "avg": 1084.1807750019575,
            "max": 4498.708,
            "med": 891.1225,
            "min": 17.526,
            "p(90)": 2203.9674999999997,
            "p(95)": 2799.8139499999997
        },
        "http_reqs": {
            "count": 25618,
            "rate": 85.36856848074086
        },
        "iteration_duration": {
            "avg": 1085.0355485157345,
            "max": 4498.762927,
            "med": 891.4887695,
            "min": 17.717019,
            "p(90)": 2204.1978289999997,
            "p(95)": 2800.174728
        },
        "iterations": {
            "count": 25618,
            "rate": 85.36856848074086
        },
        "vus": {
            "max": 100,
            "min": 1,
            "value": 1
        },
        "vus_max": {
            "max": 100,
            "min": 100,
            "value": 100
        }
    },
    "root_group": {
        "name": "",
        "path": "",
        "id": "d41d8cd98f00b204e9800998ecf8427e",
        "groups": {},
        "checks": {
            "status is 200": {
                "name": "status is 200",
                "path": "::status is 200",
                "id": "6210a8cd14cd70477eba5c5e4cb3fb5f",
                "passes": 25618,
                "fails": 0
            }
        }
    }
}
