{
    "metrics": {
        "check_failure_rate": {
            "fails": 2827,
            "passes": 1,
            "thresholds": {
                "rate<0.01": false,
                "rate<=0.05": false
            },
            "value": 0
        },
        "checks": {
            "fails": 1,
            "passes": 2827,
            "value": 0
        },
        "data_received": {
            "count": 492009,
            "rate": 1568.3201503560551
        },
        "data_sent": {
            "count": 328048,
            "rate": 1045.680645443484
        },
        "http_req_blocked": {
            "avg": 0.014044200848657698,
            "max": 0.977,
            "med": 0.002,
            "min": 0.001,
            "p(90)": 0.003,
            "p(95)": 0.005
        },
        "http_req_connecting": {
            "avg": 0.008137906647807638,
            "max": 0.523,
            "med": 0,
            "min": 0,
            "p(90)": 0,
            "p(95)": 0
        },
        "http_req_duration": {
            "avg": 10178.899244342289,
            "max": 30626.45,
            "med": 4788.668,
            "min": 218.211,
            "p(90)": 20725.751,
            "p(95)": 23550.902,
            "thresholds": {
                "p(95)<5000": true
            }
        },
        "http_req_receiving": {
            "avg": 0.08708380480905242,
            "max": 31.195,
            "med": 0.047,
            "min": 0.034,
            "p(90)": 0.14230000000000018,
            "p(95)": 0.2726500000000001
        },
        "http_req_sending": {
            "avg": 0.015554455445544896,
            "max": 0.249,
            "med": 0.014,
            "min": 0.009,
            "p(90)": 0.017,
            "p(95)": 0.025
        },
        "http_req_tls_handshaking": {
            "avg": 0,
            "max": 0,
            "med": 0,
            "min": 0,
            "p(90)": 0,
            "p(95)": 0
        },
        "http_req_waiting": {
            "avg": 10178.796606082013,
            "max": 30626.388,
            "med": 4788.6115,
            "min": 218.134,
            "p(90)": 20725.680099999998,
            "p(95)": 23550.8379
        },
        "http_reqs": {
            "count": 2828,
            "rate": 9.014488322788656
        },
        "iteration_duration": {
            "avg": 10179.335793764521,
            "max": 30625.642718,
            "med": 4790.060081,
            "min": 218.323704,
            "p(90)": 20725.3240544,
            "p(95)": 23551.02657895
        },
        "iterations": {
            "count": 2828,
            "rate": 9.014488322788656
        },
        "vus": {
            "max": 100,
            "min": 4,
            "value": 4
        },
        "vus_max": {
            "max": 100,
            "min": 100,
            "value": 100
        }
    },
    "root_group": {
        "name": "",
        "path": "",
        "id": "d41d8cd98f00b204e9800998ecf8427e",
        "groups": {},
        "checks": {
            "status is 200": {
                "name": "status is 200",
                "path": "::status is 200",
                "id": "6210a8cd14cd70477eba5c5e4cb3fb5f",
                "passes": 2827,
                "fails": 1
            }
        }
    }
}
