{
    "metrics": {
        "check_failure_rate": {
            "fails": 113235,
            "passes": 0,
            "thresholds": {
                "rate<0.01": false,
                "rate<=0.05": false
            },
            "value": 0
        },
        "checks": {
            "fails": 0,
            "passes": 113235,
            "value": 0
        },
        "data_received": {
            "count": 19929360,
            "rate": 66424.2870030373
        },
        "data_sent": {
            "count": 13135260,
            "rate": 43779.643706547315
        },
        "http_req_blocked": {
            "avg": 0.0025969267452655444,
            "max": 1.632,
            "med": 0.002,
            "min": 0.001,
            "p(90)": 0.003,
            "p(95)": 0.004
        },
        "http_req_connecting": {
            "avg": 0.00026113834061906654,
            "max": 1.535,
            "med": 0,
            "min": 0,
            "p(90)": 0,
            "p(95)": 0
        },
        "http_req_duration": {
            "avg": 245.1204248156483,
            "max": 19184.471,
            "med": 151.387,
            "min": 11.334,
            "p(90)": 627.7802000000001,
            "p(95)": 711.3703999999999,
            "thresholds": {
                "p(95)<5000": false
            }
        },
        "http_req_receiving": {
            "avg": 0.22853014527310217,
            "max": 44.769,
            "med": 0.044,
            "min": 0.015,
            "p(90)": 0.448,
            "p(95)": 0.654
        },
        "http_req_sending": {
            "avg": 0.014077838124247725,
            "max": 0.493,
            "med": 0.014,
            "min": 0.005,
            "p(90)": 0.018,
            "p(95)": 0.02
        },
        "http_req_tls_handshaking": {
            "avg": 0,
            "max": 0,
            "med": 0,
            "min": 0,
            "p(90)": 0,
            "p(95)": 0
        },
        "http_req_waiting": {
            "avg": 244.87781683225575,
            "max": 19184.4,
            "med": 151.089,
            "min": 11.29,
            "p(90)": 627.4246,
            "p(95)": 711.2112999999996
        },
        "http_reqs": {
            "count": 113235,
            "rate": 377.41072160816645
        },
        "iteration_duration": {
            "avg": 245.23122386618004,
            "max": 19184.166311,
            "med": 151.495536,
            "min": 11.412781,
            "p(90)": 627.8940638000001,
            "p(95)": 711.4689455999999
        },
        "iterations": {
            "count": 113235,
            "rate": 377.41072160816645
        },
        "vus": {
            "max": 100,
            "min": 1,
            "value": 1
        },
        "vus_max": {
            "max": 100,
            "min": 100,
            "value": 100
        }
    },
    "root_group": {
        "name": "",
        "path": "",
        "id": "d41d8cd98f00b204e9800998ecf8427e",
        "groups": {},
        "checks": {
            "status is 200": {
                "name": "status is 200",
                "path": "::status is 200",
                "id": "6210a8cd14cd70477eba5c5e4cb3fb5f",
                "passes": 113235,
                "fails": 0
            }
        }
    }
}
