{
    "metrics": {
        "check_failure_rate": {
            "fails": 137441,
            "passes": 0,
            "thresholds": {
                "rate<0.01": false,
                "rate<=0.05": false
            },
            "value": 0
        },
        "checks": {
            "fails": 0,
            "passes": 274882,
            "value": 0
        },
        "data_received": {
            "count": 39583008,
            "rate": 131926.65148958884
        },
        "data_sent": {
            "count": 15118510,
            "rate": 50388.651610606845
        },
        "http_req_blocked": {
            "avg": 0.0025641111458746674,
            "max": 1.775,
            "med": 0.002,
            "min": 0.001,
            "p(90)": 0.003,
            "p(95)": 0.004
        },
        "http_req_connecting": {
            "avg": 0.0002585327522355046,
            "max": 1.692,
            "med": 0,
            "min": 0,
            "p(90)": 0,
            "p(95)": 0
        },
        "http_req_duration": {
            "avg": 201.9472540799358,
            "max": 1426.832,
            "med": 98.58,
            "min": 3.95,
            "p(90)": 599.293,
            "p(95)": 698.5,
            "thresholds": {
                "p(95)<5000": false
            }
        },
        "http_req_receiving": {
            "avg": 0.26327244417601553,
            "max": 48.628,
            "med": 0.042,
            "min": 0.014,
            "p(90)": 0.487,
            "p(95)": 0.736
        },
        "http_req_sending": {
            "avg": 0.014112026251255386,
            "max": 1.084,
            "med": 0.013,
            "min": 0.005,
            "p(90)": 0.018,
            "p(95)": 0.021
        },
        "http_req_tls_handshaking": {
            "avg": 0,
            "max": 0,
            "med": 0,
            "min": 0,
            "p(90)": 0,
            "p(95)": 0
        },
        "http_req_waiting": {
            "avg": 201.66986960950564,
            "max": 1426.768,
            "med": 98.358,
            "min": 3.915,
            "p(90)": 599.126,
            "p(95)": 698.246
        },
        "http_reqs": {
            "count": 137441,
            "rate": 458.0786510055168
        },
        "iteration_duration": {
            "avg": 202.05013808528918,
            "max": 1426.96871,
            "med": 98.691951,
            "min": 4.017596,
            "p(90)": 599.397137,
            "p(95)": 698.586666
        },
        "iterations": {
            "count": 137441,
            "rate": 458.0786510055168
        },
        "vus": {
            "max": 100,
            "min": 1,
            "value": 1
        },
        "vus_max": {
            "max": 100,
            "min": 100,
            "value": 100
        }
    },
    "root_group": {
        "name": "",
        "path": "",
        "id": "d41d8cd98f00b204e9800998ecf8427e",
        "groups": {},
        "checks": {
            "content is present": {
                "name": "content is present",
                "path": "::content is present",
                "id": "f162f55df55ff1646f977d711ea38a01",
                "passes": 137441,
                "fails": 0
            },
            "status is 200": {
                "name": "status is 200",
                "path": "::status is 200",
                "id": "6210a8cd14cd70477eba5c5e4cb3fb5f",
                "passes": 137441,
                "fails": 0
            }
        }
    }
}
