{
    "metrics": {
        "check_failure_rate": {
            "fails": 4888,
            "passes": 101,
            "thresholds": {
                "rate<0.01": true,
                "rate<=0.05": false
            },
            "value": 0
        },
        "checks": {
            "fails": 101,
            "passes": 4888,
            "value": 0
        },
        "data_received": {
            "count": 850956,
            "rate": 2598.531648719561
        },
        "data_sent": {
            "count": 578956,
            "rate": 1767.9356972817423
        },
        "http_req_blocked": {
            "avg": 0.017641451192623774,
            "max": 18.9973,
            "med": 0,
            "min": 0,
            "p(90)": 0,
            "p(95)": 0
        },
        "http_req_connecting": {
            "avg": 0.011859871717779115,
            "max": 18.9973,
            "med": 0,
            "min": 0,
            "p(90)": 0,
            "p(95)": 0
        },
        "http_req_duration": {
            "avg": 5825.388894868718,
            "max": 60001.8602,
            "med": 281.0003,
            "min": 40.0829,
            "p(90)": 15408.036119999999,
            "p(95)": 40707.33036,
            "thresholds": {
                "p(95)<5000": true
            }
        },
        "http_req_receiving": {
            "avg": 0.15560182401282818,
            "max": 58.995,
            "med": 0,
            "min": 0,
            "p(90)": 0.7535399999999989,
            "p(95)": 0.9994
        },
        "http_req_sending": {
            "avg": 0.024745500100220485,
            "max": 1.008,
            "med": 0,
            "min": 0,
            "p(90)": 0,
            "p(95)": 0
        },
        "http_req_tls_handshaking": {
            "avg": 0,
            "max": 0,
            "med": 0,
            "min": 0,
            "p(90)": 0,
            "p(95)": 0
        },
        "http_req_waiting": {
            "avg": 5825.208547544615,
            "max": 60001.8602,
            "med": 280.8591,
            "min": 40.0829,
            "p(90)": 15407.236999999997,
            "p(95)": 40707.33036
        },
        "http_reqs": {
            "count": 4989,
            "rate": 15.234717653394407
        },
        "iteration_duration": {
            "avg": 5825.852840669462,
            "max": 60030.3262,
            "med": 281.0017,
            "min": 40.0829,
            "p(90)": 15408.873119999998,
            "p(95)": 40707.403659999996
        },
        "iterations": {
            "count": 4989,
            "rate": 15.234717653394407
        },
        "vus": {
            "max": 100,
            "min": 1,
            "value": 1
        },
        "vus_max": {
            "max": 100,
            "min": 100,
            "value": 100
        }
    },
    "root_group": {
        "name": "",
        "path": "",
        "id": "d41d8cd98f00b204e9800998ecf8427e",
        "groups": {},
        "checks": {
            "status is 200": {
                "name": "status is 200",
                "path": "::status is 200",
                "id": "6210a8cd14cd70477eba5c5e4cb3fb5f",
                "passes": 4888,
                "fails": 101
            }
        }
    }
}
