{
    "metrics": {
        "check_failure_rate": {
            "fails": 265,
            "passes": 0,
            "thresholds": {
                "rate<0.01": false,
                "rate<=0.05": false
            },
            "value": 0
        },
        "checks": {
            "fails": 0,
            "passes": 265,
            "value": 0
        },
        "data_received": {
            "count": 46110,
            "rate": 1222.1581130362192
        },
        "data_sent": {
            "count": 42340,
            "rate": 1122.2332358697358
        },
        "http_req_blocked": {
            "avg": 0.14354037735849054,
            "max": 2.0072,
            "med": 0,
            "min": 0,
            "p(90)": 0.99708,
            "p(95)": 1.0010000000000001
        },
        "http_req_connecting": {
            "avg": 0.11332226415094342,
            "max": 1.0958,
            "med": 0,
            "min": 0,
            "p(90)": 0.9678399999999998,
            "p(95)": 0.99946
        },
        "http_req_duration": {
            "avg": 6616.786965283015,
            "max": 12094.569,
            "med": 6921.9936,
            "min": 336.6942,
            "p(90)": 10084.09194,
            "p(95)": 11088.53722,
            "thresholds": {
                "p(95)<5000": true
            }
        },
        "http_req_receiving": {
            "avg": 0.16920037735849053,
            "max": 9.0025,
            "med": 0,
            "min": 0,
            "p(90)": 0.99532,
            "p(95)": 0.99918
        },
        "http_req_sending": {
            "avg": 0.052892452830188674,
            "max": 1.0084,
            "med": 0,
            "min": 0,
            "p(90)": 0,
            "p(95)": 0.7977599999999829
        },
        "http_req_tls_handshaking": {
            "avg": 0,
            "max": 0,
            "med": 0,
            "min": 0,
            "p(90)": 0,
            "p(95)": 0
        },
        "http_req_waiting": {
            "avg": 6616.564872452825,
            "max": 12094.569,
            "med": 6921.9936,
            "min": 336.6942,
            "p(90)": 10084.09194,
            "p(95)": 11088.53722
        },
        "http_reqs": {
            "count": 265,
            "rate": 7.023897201357581
        },
        "iteration_duration": {
            "avg": 6617.105042264152,
            "max": 12096.5843,
            "med": 6923.0029,
            "min": 338.6755,
            "p(90)": 10084.1101,
            "p(95)": 11088.55712
        },
        "iterations": {
            "count": 265,
            "rate": 7.023897201357581
        },
        "vus": {
            "max": 100,
            "min": 4,
            "value": 100
        },
        "vus_max": {
            "max": 100,
            "min": 100,
            "value": 100
        }
    },
    "root_group": {
        "name": "",
        "path": "",
        "id": "d41d8cd98f00b204e9800998ecf8427e",
        "groups": {},
        "checks": {
            "status is 200": {
                "name": "status is 200",
                "path": "::status is 200",
                "id": "6210a8cd14cd70477eba5c5e4cb3fb5f",
                "passes": 265,
                "fails": 0
            }
        }
    }
}
