{
    "metrics": {
        "check_failure_rate": {
            "fails": 1365,
            "passes": 0,
            "thresholds": {
                "rate<0.01": false,
                "rate<=0.05": false
            },
            "value": 0
        },
        "checks": {
            "fails": 0,
            "passes": 1365,
            "value": 0
        },
        "data_received": {
            "count": 233415,
            "rate": 777.4965727562017
        },
        "data_sent": {
            "count": 152880,
            "rate": 509.2375213373952
        },
        "http_req_blocked": {
            "avg": 0.008300366300366629,
            "max": 0.904,
            "med": 0.002,
            "min": 0.001,
            "p(90)": 0.003,
            "p(95)": 0.004
        },
        "http_req_connecting": {
            "avg": 0.0038615384615384623,
            "max": 0.245,
            "med": 0,
            "min": 0,
            "p(90)": 0,
            "p(95)": 0
        },
        "http_req_duration": {
            "avg": 4860.915084249087,
            "max": 9877.409,
            "med": 4258.344,
            "min": 383.281,
            "p(90)": 8390.9142,
            "p(95)": 8969.926399999998,
            "thresholds": {
                "p(95)<5000": true
            }
        },
        "http_req_receiving": {
            "avg": 0.44567692307692314,
            "max": 55.717,
            "med": 0.05,
            "min": 0.029,
            "p(90)": 0.37620000000000026,
            "p(95)": 0.49739999999999984
        },
        "http_req_sending": {
            "avg": 0.015626373626373615,
            "max": 0.088,
            "med": 0.014,
            "min": 0.009,
            "p(90)": 0.018,
            "p(95)": 0.022
        },
        "http_req_tls_handshaking": {
            "avg": 0,
            "max": 0,
            "med": 0,
            "min": 0,
            "p(90)": 0,
            "p(95)": 0
        },
        "http_req_waiting": {
            "avg": 4860.453780952381,
            "max": 9877.34,
            "med": 4258.284,
            "min": 383.214,
            "p(90)": 8390.6782,
            "p(95)": 8969.8688
        },
        "http_reqs": {
            "count": 1365,
            "rate": 4.5467635833696
        },
        "iteration_duration": {
            "avg": 4860.890655989015,
            "max": 9877.218765,
            "med": 4258.31837,
            "min": 383.383925,
            "p(90)": 8390.7891894,
            "p(95)": 8969.761604199999
        },
        "iterations": {
            "count": 1365,
            "rate": 4.5467635833696
        },
        "vus": {
            "max": 25,
            "min": 1,
            "value": 1
        },
        "vus_max": {
            "max": 25,
            "min": 25,
            "value": 25
        }
    },
    "root_group": {
        "name": "",
        "path": "",
        "id": "d41d8cd98f00b204e9800998ecf8427e",
        "groups": {},
        "checks": {
            "status is 200": {
                "name": "status is 200",
                "path": "::status is 200",
                "id": "6210a8cd14cd70477eba5c5e4cb3fb5f",
                "passes": 1365,
                "fails": 0
            }
        }
    }
}
