{
    "metrics": {
        "check_failure_rate": {
            "fails": 90180,
            "passes": 0,
            "thresholds": {
                "rate<0.01": false,
                "rate<=0.05": false
            },
            "value": 0
        },
        "checks": {
            "fails": 0,
            "passes": 90180,
            "value": 0
        },
        "data_received": {
            "count": 15871680,
            "rate": 52893.52476092058
        },
        "data_sent": {
            "count": 10460880,
            "rate": 34861.64131969766
        },
        "http_req_blocked": {
            "avg": 0.002428276779775828,
            "max": 1.078,
            "med": 0.002,
            "min": 0.001,
            "p(90)": 0.003,
            "p(95)": 0.003
        },
        "http_req_connecting": {
            "avg": 0.0002548015080949213,
            "max": 0.48,
            "med": 0,
            "min": 0,
            "p(90)": 0,
            "p(95)": 0
        },
        "http_req_duration": {
            "avg": 307.78939329119413,
            "max": 884.795,
            "med": 323.867,
            "min": 11.229,
            "p(90)": 360.1312,
            "p(95)": 372.12535,
            "thresholds": {
                "p(95)<5000": false
            }
        },
        "http_req_receiving": {
            "avg": 0.13178739188291172,
            "max": 8.74,
            "med": 0.043,
            "min": 0.022,
            "p(90)": 0.365,
            "p(95)": 0.458
        },
        "http_req_sending": {
            "avg": 0.013352062541574295,
            "max": 0.706,
            "med": 0.013,
            "min": 0.007,
            "p(90)": 0.016,
            "p(95)": 0.01705000000000291
        },
        "http_req_tls_handshaking": {
            "avg": 0,
            "max": 0,
            "med": 0,
            "min": 0,
            "p(90)": 0,
            "p(95)": 0
        },
        "http_req_waiting": {
            "avg": 307.64425383677246,
            "max": 884.463,
            "med": 323.7075,
            "min": 11.171,
            "p(90)": 359.99830000000003,
            "p(95)": 372.02305
        },
        "http_reqs": {
            "count": 90180,
            "rate": 300.53139068704877
        },
        "iteration_duration": {
            "avg": 307.8751354785779,
            "max": 884.848952,
            "med": 323.9488905,
            "min": 11.305531,
            "p(90)": 360.2139052,
            "p(95)": 372.2279257
        },
        "iterations": {
            "count": 90180,
            "rate": 300.53139068704877
        },
        "vus": {
            "max": 100,
            "min": 1,
            "value": 1
        },
        "vus_max": {
            "max": 100,
            "min": 100,
            "value": 100
        }
    },
    "root_group": {
        "name": "",
        "path": "",
        "id": "d41d8cd98f00b204e9800998ecf8427e",
        "groups": {},
        "checks": {
            "status is 200": {
                "name": "status is 200",
                "path": "::status is 200",
                "id": "6210a8cd14cd70477eba5c5e4cb3fb5f",
                "passes": 90180,
                "fails": 0
            }
        }
    }
}
