{
    "metrics": {
        "check_failure_rate": {
            "fails": 3235,
            "passes": 0,
            "thresholds": {
                "rate<0.01": false,
                "rate<=0.05": false
            },
            "value": 0
        },
        "checks": {
            "fails": 0,
            "passes": 3235,
            "value": 0
        },
        "data_received": {
            "count": 553185,
            "rate": 1842.2822678361006
        },
        "data_sent": {
            "count": 362320,
            "rate": 1206.6410175300775
        },
        "http_req_blocked": {
            "avg": 0.004801854714065246,
            "max": 0.76,
            "med": 0.002,
            "min": 0.001,
            "p(90)": 0.002,
            "p(95)": 0.003
        },
        "http_req_connecting": {
            "avg": 0.0018003091190108196,
            "max": 0.326,
            "med": 0,
            "min": 0,
            "p(90)": 0,
            "p(95)": 0
        },
        "http_req_duration": {
            "avg": 2040.9307319938189,
            "max": 4758.233,
            "med": 1951.932,
            "min": 328.295,
            "p(90)": 3633.2632,
            "p(95)": 4190.8183,
            "thresholds": {
                "p(95)<5000": false
            }
        },
        "http_req_receiving": {
            "avg": 0.17639196290571854,
            "max": 6.179,
            "med": 0.06,
            "min": 0.024,
            "p(90)": 0.429,
            "p(95)": 0.517
        },
        "http_req_sending": {
            "avg": 0.013762596599691155,
            "max": 0.123,
            "med": 0.012,
            "min": 0.007,
            "p(90)": 0.016,
            "p(95)": 0.027
        },
        "http_req_tls_handshaking": {
            "avg": 0,
            "max": 0,
            "med": 0,
            "min": 0,
            "p(90)": 0,
            "p(95)": 0
        },
        "http_req_waiting": {
            "avg": 2040.7405774343076,
            "max": 4758.182,
            "med": 1951.881,
            "min": 328.237,
            "p(90)": 3633.1578,
            "p(95)": 4190.7676
        },
        "http_reqs": {
            "count": 3235,
            "rate": 10.773580513661408
        },
        "iteration_duration": {
            "avg": 2040.9788470825356,
            "max": 4758.189572,
            "med": 1951.966757,
            "min": 328.377021,
            "p(90)": 3633.2479083999997,
            "p(95)": 4190.779670999999
        },
        "iterations": {
            "count": 3235,
            "rate": 10.773580513661408
        },
        "vus": {
            "max": 25,
            "min": 1,
            "value": 1
        },
        "vus_max": {
            "max": 25,
            "min": 25,
            "value": 25
        }
    },
    "root_group": {
        "name": "",
        "path": "",
        "id": "d41d8cd98f00b204e9800998ecf8427e",
        "groups": {},
        "checks": {
            "status is 200": {
                "name": "status is 200",
                "path": "::status is 200",
                "id": "6210a8cd14cd70477eba5c5e4cb3fb5f",
                "passes": 3235,
                "fails": 0
            }
        }
    }
}
