{
    "metrics": {
        "check_failure_rate": {
            "fails": 61659,
            "passes": 0,
            "thresholds": {
                "rate<0.01": false,
                "rate<=0.05": false
            },
            "value": 0
        },
        "checks": {
            "fails": 0,
            "passes": 123318,
            "value": 0
        },
        "data_received": {
            "count": 17757792,
            "rate": 59183.96165842215
        },
        "data_sent": {
            "count": 6782490,
            "rate": 22604.98535564735
        },
        "http_req_blocked": {
            "avg": 0.003185001378550342,
            "max": 1.653,
            "med": 0.002,
            "min": 0.001,
            "p(90)": 0.003,
            "p(95)": 0.004
        },
        "http_req_connecting": {
            "avg": 0.0005946577142023063,
            "max": 1.54,
            "med": 0,
            "min": 0,
            "p(90)": 0,
            "p(95)": 0
        },
        "http_req_duration": {
            "avg": 450.28353838044865,
            "max": 669.349,
            "med": 481.19,
            "min": 4.42,
            "p(90)": 516.2031999999999,
            "p(95)": 538.4111999999999,
            "thresholds": {
                "p(95)<5000": false
            }
        },
        "http_req_receiving": {
            "avg": 0.15739176762515883,
            "max": 39.247,
            "med": 0.048,
            "min": 0.027,
            "p(90)": 0.245,
            "p(95)": 0.371
        },
        "http_req_sending": {
            "avg": 0.015535639565999682,
            "max": 0.349,
            "med": 0.015,
            "min": 0.008,
            "p(90)": 0.019,
            "p(95)": 0.021
        },
        "http_req_tls_handshaking": {
            "avg": 0,
            "max": 0,
            "med": 0,
            "min": 0,
            "p(90)": 0,
            "p(95)": 0
        },
        "http_req_waiting": {
            "avg": 450.1106109732571,
            "max": 669.295,
            "med": 481.022,
            "min": 4.371,
            "p(90)": 515.9874,
            "p(95)": 538.1413
        },
        "http_reqs": {
            "count": 61659,
            "rate": 205.49986686952136
        },
        "iteration_duration": {
            "avg": 450.39516895779457,
            "max": 669.439934,
            "med": 481.290372,
            "min": 4.515177,
            "p(90)": 516.3104516,
            "p(95)": 538.5280506
        },
        "iterations": {
            "count": 61659,
            "rate": 205.49986686952136
        },
        "vus": {
            "max": 100,
            "min": 1,
            "value": 1
        },
        "vus_max": {
            "max": 100,
            "min": 100,
            "value": 100
        }
    },
    "root_group": {
        "name": "",
        "path": "",
        "id": "d41d8cd98f00b204e9800998ecf8427e",
        "groups": {},
        "checks": {
            "content is present": {
                "name": "content is present",
                "path": "::content is present",
                "id": "f162f55df55ff1646f977d711ea38a01",
                "passes": 61659,
                "fails": 0
            },
            "status is 200": {
                "name": "status is 200",
                "path": "::status is 200",
                "id": "6210a8cd14cd70477eba5c5e4cb3fb5f",
                "passes": 61659,
                "fails": 0
            }
        }
    }
}
