{
    "metrics": {
        "check_failure_rate": {
            "fails": 146,
            "passes": 0,
            "thresholds": {
                "rate<0.01": false,
                "rate<=0.05": false
            },
            "value": 0
        },
        "checks": {
            "fails": 0,
            "passes": 146,
            "value": 0
        },
        "data_received": {
            "count": 24820,
            "rate": 75.20310754996083
        },
        "data_sent": {
            "count": 19398,
            "rate": 58.77477357994119
        },
        "http_req_blocked": {
            "avg": 0.08368493150684951,
            "max": 0.732,
            "med": 0.002,
            "min": 0.001,
            "p(90)": 0.3865,
            "p(95)": 0.66625
        },
        "http_req_connecting": {
            "avg": 0.05817123287671233,
            "max": 0.542,
            "med": 0,
            "min": 0,
            "p(90)": 0.2565,
            "p(95)": 0.49075
        },
        "http_req_duration": {
            "avg": 45298.11981506848,
            "max": 54933.413,
            "med": 54841.368,
            "min": 2278.829,
            "p(90)": 54889.020000000004,
            "p(95)": 54899.45375,
            "thresholds": {
                "p(95)<5000": true
            }
        },
        "http_req_receiving": {
            "avg": 0.13597945205479448,
            "max": 9.293,
            "med": 0.0445,
            "min": 0.033,
            "p(90)": 0.086,
            "p(95)": 0.1285
        },
        "http_req_sending": {
            "avg": 0.023143835616438367,
            "max": 0.128,
            "med": 0.012,
            "min": 0.01,
            "p(90)": 0.0545,
            "p(95)": 0.091
        },
        "http_req_tls_handshaking": {
            "avg": 0,
            "max": 0,
            "med": 0,
            "min": 0,
            "p(90)": 0,
            "p(95)": 0
        },
        "http_req_waiting": {
            "avg": 45297.96069178084,
            "max": 54933.365,
            "med": 54841.3085,
            "min": 2278.734,
            "p(90)": 54888.955,
            "p(95)": 54899.332
        },
        "http_reqs": {
            "count": 146,
            "rate": 0.44237122088212255
        },
        "iteration_duration": {
            "avg": 45296.96140643838,
            "max": 54931.852948,
            "med": 54839.8121055,
            "min": 2278.859552,
            "p(90)": 54887.47641,
            "p(95)": 54897.907315000004
        },
        "iterations": {
            "count": 146,
            "rate": 0.44237122088212255
        },
        "vus": {
            "max": 25,
            "min": 1,
            "value": 1
        },
        "vus_max": {
            "max": 25,
            "min": 25,
            "value": 25
        }
    },
    "root_group": {
        "name": "",
        "path": "",
        "id": "d41d8cd98f00b204e9800998ecf8427e",
        "groups": {},
        "checks": {
            "status is 200": {
                "name": "status is 200",
                "path": "::status is 200",
                "id": "6210a8cd14cd70477eba5c5e4cb3fb5f",
                "passes": 146,
                "fails": 0
            }
        }
    }
}
