{
    "metrics": {
        "check_failure_rate": {
            "fails": 34971,
            "passes": 0,
            "thresholds": {
                "rate<0.01": false,
                "rate<=0.05": false
            },
            "value": 0
        },
        "checks": {
            "fails": 0,
            "passes": 34971,
            "value": 0
        },
        "data_received": {
            "count": 6154896,
            "rate": 20512.048899130026
        },
        "data_sent": {
            "count": 4056636,
            "rate": 13519.30495624479
        },
        "http_req_blocked": {
            "avg": 0.00650187869949387,
            "max": 21.0029,
            "med": 0,
            "min": 0,
            "p(90)": 0,
            "p(95)": 0
        },
        "http_req_connecting": {
            "avg": 0.0015136026993794857,
            "max": 20.0027,
            "med": 0,
            "min": 0,
            "p(90)": 0,
            "p(95)": 0
        },
        "http_req_duration": {
            "avg": 794.227506242317,
            "max": 8091.1429,
            "med": 702.4092,
            "min": 11.9979,
            "p(90)": 1295.7765,
            "p(95)": 1592.2594,
            "thresholds": {
                "p(95)<5000": false
            }
        },
        "http_req_receiving": {
            "avg": 0.3792148465871717,
            "max": 299.475,
            "med": 0,
            "min": 0,
            "p(90)": 0.9954,
            "p(95)": 1.0008
        },
        "http_req_sending": {
            "avg": 0.026349832718538205,
            "max": 10.9963,
            "med": 0,
            "min": 0,
            "p(90)": 0,
            "p(95)": 0
        },
        "http_req_tls_handshaking": {
            "avg": 0,
            "max": 0,
            "med": 0,
            "min": 0,
            "p(90)": 0,
            "p(95)": 0
        },
        "http_req_waiting": {
            "avg": 793.8219415630107,
            "max": 8090.1429,
            "med": 702.2894,
            "min": 11.9979,
            "p(90)": 1295.57,
            "p(95)": 1592.0529999999999
        },
        "http_reqs": {
            "count": 34971,
            "rate": 116.5457323814206
        },
        "iteration_duration": {
            "avg": 794.4710978982563,
            "max": 8091.1583,
            "med": 702.6246,
            "min": 11.9979,
            "p(90)": 1295.903,
            "p(95)": 1592.59955
        },
        "iterations": {
            "count": 34971,
            "rate": 116.5457323814206
        },
        "vus": {
            "max": 100,
            "min": 1,
            "value": 1
        },
        "vus_max": {
            "max": 100,
            "min": 100,
            "value": 100
        }
    },
    "root_group": {
        "name": "",
        "path": "",
        "id": "d41d8cd98f00b204e9800998ecf8427e",
        "groups": {},
        "checks": {
            "status is 200": {
                "name": "status is 200",
                "path": "::status is 200",
                "id": "6210a8cd14cd70477eba5c5e4cb3fb5f",
                "passes": 34971,
                "fails": 0
            }
        }
    }
}
