{
    "metrics": {
        "check_failure_rate": {
            "fails": 3994,
            "passes": 0,
            "thresholds": {
                "rate<0.01": false,
                "rate<=0.05": false
            },
            "value": 0
        },
        "checks": {
            "fails": 0,
            "passes": 3994,
            "value": 0
        },
        "data_received": {
            "count": 694956,
            "rate": 2222.785335061838
        },
        "data_sent": {
            "count": 463304,
            "rate": 1481.8568900412251
        },
        "http_req_blocked": {
            "avg": 0.015674511767653124,
            "max": 0.895,
            "med": 0.002,
            "min": 0.001,
            "p(90)": 0.003,
            "p(95)": 0.003
        },
        "http_req_connecting": {
            "avg": 0.009552578868302455,
            "max": 0.51,
            "med": 0,
            "min": 0,
            "p(90)": 0,
            "p(95)": 0
        },
        "http_req_duration": {
            "avg": 7179.275713319994,
            "max": 20962.075,
            "med": 4762.0625,
            "min": 210.275,
            "p(90)": 15047.21130000001,
            "p(95)": 20042.893249999997,
            "thresholds": {
                "p(95)<5000": true
            }
        },
        "http_req_receiving": {
            "avg": 0.07306960440660992,
            "max": 1.17,
            "med": 0.047,
            "min": 0.036,
            "p(90)": 0.122,
            "p(95)": 0.2473499999999999
        },
        "http_req_sending": {
            "avg": 0.016114672008012355,
            "max": 0.251,
            "med": 0.014,
            "min": 0.01,
            "p(90)": 0.017,
            "p(95)": 0.029
        },
        "http_req_tls_handshaking": {
            "avg": 0,
            "max": 0,
            "med": 0,
            "min": 0,
            "p(90)": 0,
            "p(95)": 0
        },
        "http_req_waiting": {
            "avg": 7179.186529043566,
            "max": 20962.012,
            "med": 4761.9665,
            "min": 210.194,
            "p(90)": 15047.15300000001,
            "p(95)": 20042.83635
        },
        "http_reqs": {
            "count": 3994,
            "rate": 12.774628362424355
        },
        "iteration_duration": {
            "avg": 7179.187544403354,
            "max": 20961.555483,
            "med": 4762.025535000001,
            "min": 210.391562,
            "p(90)": 15046.87121230001,
            "p(95)": 20042.39673105
        },
        "iterations": {
            "count": 3994,
            "rate": 12.774628362424355
        },
        "vus": {
            "max": 100,
            "min": 4,
            "value": 4
        },
        "vus_max": {
            "max": 100,
            "min": 100,
            "value": 100
        }
    },
    "root_group": {
        "name": "",
        "path": "",
        "id": "d41d8cd98f00b204e9800998ecf8427e",
        "groups": {},
        "checks": {
            "status is 200": {
                "name": "status is 200",
                "path": "::status is 200",
                "id": "6210a8cd14cd70477eba5c5e4cb3fb5f",
                "passes": 3994,
                "fails": 0
            }
        }
    }
}
