{
    "metrics": {
        "check_failure_rate": {
            "fails": 119515,
            "passes": 0,
            "thresholds": {
                "rate<0.01": false,
                "rate<=0.05": false
            },
            "value": 0
        },
        "checks": {
            "fails": 0,
            "passes": 239030,
            "value": 0
        },
        "data_received": {
            "count": 34420320,
            "rate": 114725.65178663243
        },
        "data_sent": {
            "count": 13146650,
            "rate": 43818.82533517211
        },
        "http_req_blocked": {
            "avg": 0.0019170397021329227,
            "max": 1.458,
            "med": 0.002,
            "min": 0.001,
            "p(90)": 0.002,
            "p(95)": 0.002
        },
        "http_req_connecting": {
            "avg": 0.0002606032715558716,
            "max": 1.364,
            "med": 0,
            "min": 0,
            "p(90)": 0,
            "p(95)": 0
        },
        "http_req_duration": {
            "avg": 232.21605787558093,
            "max": 667.568,
            "med": 248.297,
            "min": 3.548,
            "p(90)": 265.7636,
            "p(95)": 271.991,
            "thresholds": {
                "p(95)<5000": false
            }
        },
        "http_req_receiving": {
            "avg": 0.09699250303313126,
            "max": 8.253,
            "med": 0.031,
            "min": 0.017,
            "p(90)": 0.282,
            "p(95)": 0.357
        },
        "http_req_sending": {
            "avg": 0.010942827260163083,
            "max": 0.399,
            "med": 0.011,
            "min": 0.006,
            "p(90)": 0.012,
            "p(95)": 0.013
        },
        "http_req_tls_handshaking": {
            "avg": 0,
            "max": 0,
            "med": 0,
            "min": 0,
            "p(90)": 0,
            "p(95)": 0
        },
        "http_req_waiting": {
            "avg": 232.10812254528605,
            "max": 667.435,
            "med": 248.181,
            "min": 3.513,
            "p(90)": 265.666,
            "p(95)": 271.89089999999993
        },
        "http_reqs": {
            "count": 119515,
            "rate": 398.35295759247373
        },
        "iteration_duration": {
            "avg": 232.29949783663074,
            "max": 667.617504,
            "med": 248.379355,
            "min": 3.629982,
            "p(90)": 265.8568824,
            "p(95)": 272.0872242
        },
        "iterations": {
            "count": 119515,
            "rate": 398.35295759247373
        },
        "vus": {
            "max": 100,
            "min": 1,
            "value": 1
        },
        "vus_max": {
            "max": 100,
            "min": 100,
            "value": 100
        }
    },
    "root_group": {
        "name": "",
        "path": "",
        "id": "d41d8cd98f00b204e9800998ecf8427e",
        "groups": {},
        "checks": {
            "content is present": {
                "name": "content is present",
                "path": "::content is present",
                "id": "f162f55df55ff1646f977d711ea38a01",
                "passes": 119515,
                "fails": 0
            },
            "status is 200": {
                "name": "status is 200",
                "path": "::status is 200",
                "id": "6210a8cd14cd70477eba5c5e4cb3fb5f",
                "passes": 119515,
                "fails": 0
            }
        }
    }
}
