{
    "metrics": {
        "check_failure_rate": {
            "fails": 551,
            "passes": 0,
            "thresholds": {
                "rate<0.01": false,
                "rate<=0.05": false
            },
            "value": 0
        },
        "checks": {
            "fails": 0,
            "passes": 551,
            "value": 0
        },
        "data_received": {
            "count": 93670,
            "rate": 303.00734939845717
        },
        "data_sent": {
            "count": 67222,
            "rate": 217.45233309771632
        },
        "http_req_blocked": {
            "avg": 0.01941923774954651,
            "max": 0.79,
            "med": 0.002,
            "min": 0.001,
            "p(90)": 0.003,
            "p(95)": 0.028
        },
        "http_req_connecting": {
            "avg": 0.011753176043557169,
            "max": 0.495,
            "med": 0,
            "min": 0,
            "p(90)": 0,
            "p(95)": 0
        },
        "http_req_duration": {
            "avg": 12292.079442831213,
            "max": 15455.025,
            "med": 13147.115,
            "min": 2151.915,
            "p(90)": 15386.33,
            "p(95)": 15424.848,
            "thresholds": {
                "p(95)<5000": true
            }
        },
        "http_req_receiving": {
            "avg": 0.17222504537205097,
            "max": 9.99,
            "med": 0.065,
            "min": 0.024,
            "p(90)": 0.37,
            "p(95)": 0.544
        },
        "http_req_sending": {
            "avg": 0.01874047186932842,
            "max": 0.148,
            "med": 0.012,
            "min": 0.008,
            "p(90)": 0.03,
            "p(95)": 0.043
        },
        "http_req_tls_handshaking": {
            "avg": 0,
            "max": 0,
            "med": 0,
            "min": 0,
            "p(90)": 0,
            "p(95)": 0
        },
        "http_req_waiting": {
            "avg": 12291.888477313976,
            "max": 15454.965,
            "med": 13146.931,
            "min": 2151.819,
            "p(90)": 15386.242,
            "p(95)": 15424.718499999999
        },
        "http_reqs": {
            "count": 551,
            "rate": 1.782396172932101
        },
        "iteration_duration": {
            "avg": 12292.73319426861,
            "max": 15454.677792,
            "med": 13146.983467,
            "min": 2152.355811,
            "p(90)": 15386.092976,
            "p(95)": 15424.4681805
        },
        "iterations": {
            "count": 551,
            "rate": 1.782396172932101
        },
        "vus": {
            "max": 25,
            "min": 1,
            "value": 1
        },
        "vus_max": {
            "max": 25,
            "min": 25,
            "value": 25
        }
    },
    "root_group": {
        "name": "",
        "path": "",
        "id": "d41d8cd98f00b204e9800998ecf8427e",
        "groups": {},
        "checks": {
            "status is 200": {
                "name": "status is 200",
                "path": "::status is 200",
                "id": "6210a8cd14cd70477eba5c5e4cb3fb5f",
                "passes": 551,
                "fails": 0
            }
        }
    }
}
