{
    "metrics": {
        "check_failure_rate": {
            "fails": 550,
            "passes": 0,
            "thresholds": {
                "rate<0.01": false,
                "rate<=0.05": false
            },
            "value": 0
        },
        "checks": {
            "fails": 0,
            "passes": 550,
            "value": 0
        },
        "data_received": {
            "count": 93500,
            "rate": 302.3565178705136
        },
        "data_sent": {
            "count": 67100,
            "rate": 216.98526576589796
        },
        "http_req_blocked": {
            "avg": 0.01819090909090929,
            "max": 0.751,
            "med": 0.002,
            "min": 0.001,
            "p(90)": 0.003,
            "p(95)": 0.025549999999999955
        },
        "http_req_connecting": {
            "avg": 0.010776363636363636,
            "max": 0.488,
            "med": 0,
            "min": 0,
            "p(90)": 0,
            "p(95)": 0
        },
        "http_req_duration": {
            "avg": 12284.95619636364,
            "max": 15486.594,
            "med": 13168.403,
            "min": 2156.223,
            "p(90)": 15419.578500000001,
            "p(95)": 15446.996449999999,
            "thresholds": {
                "p(95)<5000": true
            }
        },
        "http_req_receiving": {
            "avg": 0.15123818181818183,
            "max": 7.886,
            "med": 0.069,
            "min": 0.023,
            "p(90)": 0.37810000000000005,
            "p(95)": 0.51155
        },
        "http_req_sending": {
            "avg": 0.01823999999999993,
            "max": 0.132,
            "med": 0.012,
            "min": 0.007,
            "p(90)": 0.031100000000000023,
            "p(95)": 0.04454999999999995
        },
        "http_req_tls_handshaking": {
            "avg": 0,
            "max": 0,
            "med": 0,
            "min": 0,
            "p(90)": 0,
            "p(95)": 0
        },
        "http_req_waiting": {
            "avg": 12284.786718181822,
            "max": 15486.503,
            "med": 13168.166000000001,
            "min": 2156.121,
            "p(90)": 15419.4723,
            "p(95)": 15446.9478
        },
        "http_reqs": {
            "count": 550,
            "rate": 1.7785677521794916
        },
        "iteration_duration": {
            "avg": 12284.72516154545,
            "max": 15486.253086,
            "med": 13168.111103,
            "min": 2156.280763,
            "p(90)": 15419.2054318,
            "p(95)": 15446.66013615
        },
        "iterations": {
            "count": 550,
            "rate": 1.7785677521794916
        },
        "vus": {
            "max": 25,
            "min": 1,
            "value": 1
        },
        "vus_max": {
            "max": 25,
            "min": 25,
            "value": 25
        }
    },
    "root_group": {
        "name": "",
        "path": "",
        "id": "d41d8cd98f00b204e9800998ecf8427e",
        "groups": {},
        "checks": {
            "status is 200": {
                "name": "status is 200",
                "path": "::status is 200",
                "id": "6210a8cd14cd70477eba5c5e4cb3fb5f",
                "passes": 550,
                "fails": 0
            }
        }
    }
}
