{
    "metrics": {
        "check_failure_rate": {
            "fails": 821,
            "passes": 0,
            "thresholds": {
                "rate<0.01": false,
                "rate<=0.05": false
            },
            "value": 0
        },
        "checks": {
            "fails": 0,
            "passes": 821,
            "value": 0
        },
        "data_received": {
            "count": 140391,
            "rate": 466.1636949299745
        },
        "data_sent": {
            "count": 91952,
            "rate": 305.3235896617377
        },
        "http_req_blocked": {
            "avg": 0.012761266747868746,
            "max": 0.792,
            "med": 0.002,
            "min": 0.001,
            "p(90)": 0.003,
            "p(95)": 0.018
        },
        "http_req_connecting": {
            "avg": 0.0068538367844092575,
            "max": 0.434,
            "med": 0,
            "min": 0,
            "p(90)": 0,
            "p(95)": 0
        },
        "http_req_duration": {
            "avg": 8086.217766138857,
            "max": 18802.144,
            "med": 8539.086,
            "min": 1345.762,
            "p(90)": 8774.572,
            "p(95)": 9097.167,
            "thresholds": {
                "p(95)<5000": true
            }
        },
        "http_req_receiving": {
            "avg": 0.13117661388550547,
            "max": 3.018,
            "med": 0.057,
            "min": 0.033,
            "p(90)": 0.34,
            "p(95)": 0.453
        },
        "http_req_sending": {
            "avg": 0.015594397076735553,
            "max": 0.157,
            "med": 0.012,
            "min": 0.009,
            "p(90)": 0.028,
            "p(95)": 0.035
        },
        "http_req_tls_handshaking": {
            "avg": 0,
            "max": 0,
            "med": 0,
            "min": 0,
            "p(90)": 0,
            "p(95)": 0
        },
        "http_req_waiting": {
            "avg": 8086.0709951279005,
            "max": 18801.949,
            "med": 8538.657,
            "min": 1345.176,
            "p(90)": 8774.519,
            "p(95)": 9096.989
        },
        "http_reqs": {
            "count": 821,
            "rate": 2.726103479122658
        },
        "iteration_duration": {
            "avg": 8086.7731977332505,
            "max": 18802.630506,
            "med": 8540.36312,
            "min": 1345.851502,
            "p(90)": 8774.425705,
            "p(95)": 9096.994765
        },
        "iterations": {
            "count": 821,
            "rate": 2.726103479122658
        },
        "vus": {
            "max": 25,
            "min": 1,
            "value": 1
        },
        "vus_max": {
            "max": 25,
            "min": 25,
            "value": 25
        }
    },
    "root_group": {
        "name": "",
        "path": "",
        "id": "d41d8cd98f00b204e9800998ecf8427e",
        "groups": {},
        "checks": {
            "status is 200": {
                "name": "status is 200",
                "path": "::status is 200",
                "id": "6210a8cd14cd70477eba5c5e4cb3fb5f",
                "passes": 821,
                "fails": 0
            }
        }
    }
}
