{
    "metrics": {
        "check_failure_rate": {
            "fails": 147,
            "passes": 0,
            "thresholds": {
                "rate<0.01": false,
                "rate<=0.05": false
            },
            "value": 0
        },
        "checks": {
            "fails": 0,
            "passes": 147,
            "value": 0
        },
        "data_received": {
            "count": 24990,
            "rate": 75.71946650918149
        },
        "data_sent": {
            "count": 19520,
            "rate": 59.14541761741587
        },
        "http_req_blocked": {
            "avg": 0.09112925170068055,
            "max": 1.04,
            "med": 0.002,
            "min": 0.001,
            "p(90)": 0.5640000000000001,
            "p(95)": 0.6535
        },
        "http_req_connecting": {
            "avg": 0.060394557823129254,
            "max": 0.523,
            "med": 0,
            "min": 0,
            "p(90)": 0.3438000000000005,
            "p(95)": 0.46969999999999995
        },
        "http_req_duration": {
            "avg": 45070.68119047619,
            "max": 54787.286,
            "med": 54532.076,
            "min": 2187.087,
            "p(90)": 54735.1924,
            "p(95)": 54767.8197,
            "thresholds": {
                "p(95)<5000": true
            }
        },
        "http_req_receiving": {
            "avg": 0.20252380952380958,
            "max": 7.792,
            "med": 0.056,
            "min": 0.035,
            "p(90)": 0.43740000000000007,
            "p(95)": 0.6041999999999992
        },
        "http_req_sending": {
            "avg": 0.02612244897959184,
            "max": 0.188,
            "med": 0.012,
            "min": 0.009,
            "p(90)": 0.08440000000000002,
            "p(95)": 0.1147
        },
        "http_req_tls_handshaking": {
            "avg": 0,
            "max": 0,
            "med": 0,
            "min": 0,
            "p(90)": 0,
            "p(95)": 0
        },
        "http_req_waiting": {
            "avg": 45070.45254421768,
            "max": 54787.236,
            "med": 54532.028,
            "min": 2187.007,
            "p(90)": 54734.8548,
            "p(95)": 54767.7518
        },
        "http_reqs": {
            "count": 147,
            "rate": 0.445408626524597
        },
        "iteration_duration": {
            "avg": 45069.549305836736,
            "max": 54785.731601,
            "med": 54530.532645,
            "min": 2187.204709,
            "p(90)": 54733.6628346,
            "p(95)": 54766.2796978
        },
        "iterations": {
            "count": 147,
            "rate": 0.445408626524597
        },
        "vus": {
            "max": 25,
            "min": 1,
            "value": 1
        },
        "vus_max": {
            "max": 25,
            "min": 25,
            "value": 25
        }
    },
    "root_group": {
        "name": "",
        "path": "",
        "id": "d41d8cd98f00b204e9800998ecf8427e",
        "groups": {},
        "checks": {
            "status is 200": {
                "name": "status is 200",
                "path": "::status is 200",
                "id": "6210a8cd14cd70477eba5c5e4cb3fb5f",
                "passes": 147,
                "fails": 0
            }
        }
    }
}
