{
    "metrics": {
        "check_failure_rate": {
            "fails": 555,
            "passes": 0,
            "thresholds": {
                "rate<0.01": false,
                "rate<=0.05": false
            },
            "value": 0
        },
        "checks": {
            "fails": 0,
            "passes": 555,
            "value": 0
        },
        "data_received": {
            "count": 94350,
            "rate": 307.53618045820195
        },
        "data_sent": {
            "count": 67710,
            "rate": 220.7024353876508
        },
        "http_req_blocked": {
            "avg": 0.020535135135135333,
            "max": 0.719,
            "med": 0.002,
            "min": 0.001,
            "p(90)": 0.003,
            "p(95)": 0.02689999999999986
        },
        "http_req_connecting": {
            "avg": 0.012796396396396395,
            "max": 0.481,
            "med": 0,
            "min": 0,
            "p(90)": 0,
            "p(95)": 0
        },
        "http_req_duration": {
            "avg": 12115.144178378381,
            "max": 15210.682,
            "med": 12975.436,
            "min": 2145.668,
            "p(90)": 15114.4094,
            "p(95)": 15165.7258,
            "thresholds": {
                "p(95)<5000": true
            }
        },
        "http_req_receiving": {
            "avg": 0.17145945945945953,
            "max": 7.673,
            "med": 0.076,
            "min": 0.023,
            "p(90)": 0.4512000000000005,
            "p(95)": 0.584
        },
        "http_req_sending": {
            "avg": 0.017780180180180127,
            "max": 0.167,
            "med": 0.012,
            "min": 0.008,
            "p(90)": 0.029,
            "p(95)": 0.038
        },
        "http_req_tls_handshaking": {
            "avg": 0,
            "max": 0,
            "med": 0,
            "min": 0,
            "p(90)": 0,
            "p(95)": 0
        },
        "http_req_waiting": {
            "avg": 12114.954938738727,
            "max": 15210.645,
            "med": 12975.367,
            "min": 2145.621,
            "p(90)": 15114.1032,
            "p(95)": 15165.6707
        },
        "http_reqs": {
            "count": 555,
            "rate": 1.8090363556364821
        },
        "iteration_duration": {
            "avg": 12115.002044381978,
            "max": 15210.305906,
            "med": 12975.142493,
            "min": 2145.683969,
            "p(90)": 15114.1815374,
            "p(95)": 15165.402951400001
        },
        "iterations": {
            "count": 555,
            "rate": 1.8090363556364821
        },
        "vus": {
            "max": 25,
            "min": 1,
            "value": 1
        },
        "vus_max": {
            "max": 25,
            "min": 25,
            "value": 25
        }
    },
    "root_group": {
        "name": "",
        "path": "",
        "id": "d41d8cd98f00b204e9800998ecf8427e",
        "groups": {},
        "checks": {
            "status is 200": {
                "name": "status is 200",
                "path": "::status is 200",
                "id": "6210a8cd14cd70477eba5c5e4cb3fb5f",
                "passes": 555,
                "fails": 0
            }
        }
    }
}
