{
    "metrics": {
        "check_failure_rate": {
            "fails": 4048,
            "passes": 1,
            "thresholds": {
                "rate<0.01": false,
                "rate<=0.05": false
            },
            "value": 0
        },
        "checks": {
            "fails": 1,
            "passes": 4048,
            "value": 0
        },
        "data_received": {
            "count": 704463,
            "rate": 2347.711698192059
        },
        "data_sent": {
            "count": 469684,
            "rate": 1565.281102419345
        },
        "http_req_blocked": {
            "avg": 0.011552235119784034,
            "max": 0.792,
            "med": 0.002,
            "min": 0.001,
            "p(90)": 0.003,
            "p(95)": 0.003
        },
        "http_req_connecting": {
            "avg": 0.006544084959249196,
            "max": 0.525,
            "med": 0,
            "min": 0,
            "p(90)": 0,
            "p(95)": 0
        },
        "http_req_duration": {
            "avg": 6892.867948629287,
            "max": 21059.932,
            "med": 4803.019,
            "min": 48.595,
            "p(90)": 15657.885400000001,
            "p(95)": 20576.9306,
            "thresholds": {
                "p(95)<5000": true
            }
        },
        "http_req_receiving": {
            "avg": 0.07339639417140062,
            "max": 1.949,
            "med": 0.047,
            "min": 0.036,
            "p(90)": 0.10920000000000027,
            "p(95)": 0.239
        },
        "http_req_sending": {
            "avg": 0.015392936527537895,
            "max": 0.135,
            "med": 0.014,
            "min": 0.01,
            "p(90)": 0.016,
            "p(95)": 0.027
        },
        "http_req_tls_handshaking": {
            "avg": 0,
            "max": 0,
            "med": 0,
            "min": 0,
            "p(90)": 0,
            "p(95)": 0
        },
        "http_req_waiting": {
            "avg": 6892.779159298591,
            "max": 21059.862,
            "med": 4802.922,
            "min": 48.541,
            "p(90)": 15657.705800000002,
            "p(95)": 20576.743599999998
        },
        "http_reqs": {
            "count": 4049,
            "rate": 13.493802607063317
        },
        "iteration_duration": {
            "avg": 6892.786030562835,
            "max": 21059.41662,
            "med": 4802.971135,
            "min": 48.723522,
            "p(90)": 15657.530391400001,
            "p(95)": 20576.4394558
        },
        "iterations": {
            "count": 4049,
            "rate": 13.493802607063317
        },
        "vus": {
            "max": 100,
            "min": 1,
            "value": 1
        },
        "vus_max": {
            "max": 100,
            "min": 100,
            "value": 100
        }
    },
    "root_group": {
        "name": "",
        "path": "",
        "id": "d41d8cd98f00b204e9800998ecf8427e",
        "groups": {},
        "checks": {
            "status is 200": {
                "name": "status is 200",
                "path": "::status is 200",
                "id": "6210a8cd14cd70477eba5c5e4cb3fb5f",
                "passes": 4048,
                "fails": 1
            }
        }
    }
}
