{
    "metrics": {
        "check_failure_rate": {
            "fails": 140830,
            "passes": 0,
            "thresholds": {
                "rate<0.01": false,
                "rate<=0.05": false
            },
            "value": 0
        },
        "checks": {
            "fails": 0,
            "passes": 281660,
            "value": 0
        },
        "data_received": {
            "count": 40559040,
            "rate": 135181.14782549712
        },
        "data_sent": {
            "count": 15491300,
            "rate": 51631.68840557181
        },
        "http_req_blocked": {
            "avg": 0.002102904210753153,
            "max": 0.716,
            "med": 0.002,
            "min": 0.001,
            "p(90)": 0.003,
            "p(95)": 0.003
        },
        "http_req_connecting": {
            "avg": 0.0001433643399843783,
            "max": 0.294,
            "med": 0,
            "min": 0,
            "p(90)": 0,
            "p(95)": 0
        },
        "http_req_duration": {
            "avg": 197.0396453738526,
            "max": 552.476,
            "med": 211.667,
            "min": 3.088,
            "p(90)": 237.31,
            "p(95)": 251.25955,
            "thresholds": {
                "p(95)<5000": false
            }
        },
        "http_req_receiving": {
            "avg": 0.12317534616205453,
            "max": 11,
            "med": 0.037,
            "min": 0.019,
            "p(90)": 0.343,
            "p(95)": 0.443
        },
        "http_req_sending": {
            "avg": 0.012740666051247077,
            "max": 0.522,
            "med": 0.012,
            "min": 0.006,
            "p(90)": 0.015,
            "p(95)": 0.017
        },
        "http_req_tls_handshaking": {
            "avg": 0,
            "max": 0,
            "med": 0,
            "min": 0,
            "p(90)": 0,
            "p(95)": 0
        },
        "http_req_waiting": {
            "avg": 196.90372936164295,
            "max": 552.374,
            "med": 211.524,
            "min": 3.05,
            "p(90)": 237.1521,
            "p(95)": 251.11139999999992
        },
        "http_reqs": {
            "count": 140830,
            "rate": 469.3789855051983
        },
        "iteration_duration": {
            "avg": 197.12855986535163,
            "max": 552.60568,
            "med": 211.7557665,
            "min": 3.152703,
            "p(90)": 237.40292110000001,
            "p(95)": 251.36233705
        },
        "iterations": {
            "count": 140830,
            "rate": 469.3789855051983
        },
        "vus": {
            "max": 100,
            "min": 1,
            "value": 1
        },
        "vus_max": {
            "max": 100,
            "min": 100,
            "value": 100
        }
    },
    "root_group": {
        "name": "",
        "path": "",
        "id": "d41d8cd98f00b204e9800998ecf8427e",
        "groups": {},
        "checks": {
            "content is present": {
                "name": "content is present",
                "path": "::content is present",
                "id": "f162f55df55ff1646f977d711ea38a01",
                "passes": 140830,
                "fails": 0
            },
            "status is 200": {
                "name": "status is 200",
                "path": "::status is 200",
                "id": "6210a8cd14cd70477eba5c5e4cb3fb5f",
                "passes": 140830,
                "fails": 0
            }
        }
    }
}
