{
    "metrics": {
        "check_failure_rate": {
            "fails": 143,
            "passes": 0,
            "thresholds": {
                "rate<0.01": false,
                "rate<=0.05": false
            },
            "value": 0
        },
        "checks": {
            "fails": 0,
            "passes": 143,
            "value": 0
        },
        "data_received": {
            "count": 24310,
            "rate": 73.66355226096623
        },
        "data_sent": {
            "count": 19032,
            "rate": 57.67028904280992
        },
        "http_req_blocked": {
            "avg": 0.08665734265734296,
            "max": 1.658,
            "med": 0.002,
            "min": 0.001,
            "p(90)": 0.3701999999999999,
            "p(95)": 0.4753
        },
        "http_req_connecting": {
            "avg": 0.0579160839160839,
            "max": 0.534,
            "med": 0,
            "min": 0,
            "p(90)": 0.2776,
            "p(95)": 0.3614
        },
        "http_req_duration": {
            "avg": 45842.759531468546,
            "max": 55884.423,
            "med": 55545.886,
            "min": 2258.672,
            "p(90)": 55822.5126,
            "p(95)": 55851.7702,
            "thresholds": {
                "p(95)<5000": true
            }
        },
        "http_req_receiving": {
            "avg": 0.33799999999999997,
            "max": 17.696,
            "med": 0.05,
            "min": 0.034,
            "p(90)": 0.16339999999999996,
            "p(95)": 0.41790000000000016
        },
        "http_req_sending": {
            "avg": 0.024916083916083902,
            "max": 0.122,
            "med": 0.013,
            "min": 0.01,
            "p(90)": 0.056799999999999996,
            "p(95)": 0.08460000000000002
        },
        "http_req_tls_handshaking": {
            "avg": 0,
            "max": 0,
            "med": 0,
            "min": 0,
            "p(90)": 0,
            "p(95)": 0
        },
        "http_req_waiting": {
            "avg": 45842.396615384605,
            "max": 55884.367,
            "med": 55545.819,
            "min": 2258.595,
            "p(90)": 55820.4634,
            "p(95)": 55851.6368
        },
        "http_reqs": {
            "count": 143,
            "rate": 0.4333150132998013
        },
        "iteration_duration": {
            "avg": 45842.88608395107,
            "max": 55882.85996,
            "med": 55544.311909,
            "min": 2258.70825,
            "p(90)": 55820.9357416,
            "p(95)": 55850.214885
        },
        "iterations": {
            "count": 143,
            "rate": 0.4333150132998013
        },
        "vus": {
            "max": 25,
            "min": 1,
            "value": 1
        },
        "vus_max": {
            "max": 25,
            "min": 25,
            "value": 25
        }
    },
    "root_group": {
        "name": "",
        "path": "",
        "id": "d41d8cd98f00b204e9800998ecf8427e",
        "groups": {},
        "checks": {
            "status is 200": {
                "name": "status is 200",
                "path": "::status is 200",
                "id": "6210a8cd14cd70477eba5c5e4cb3fb5f",
                "passes": 143,
                "fails": 0
            }
        }
    }
}
