{
    "metrics": {
        "check_failure_rate": {
            "fails": 32282,
            "passes": 0,
            "thresholds": {
                "rate<0.01": false,
                "rate<=0.05": false
            },
            "value": 0
        },
        "checks": {
            "fails": 0,
            "passes": 32282,
            "value": 0
        },
        "data_received": {
            "count": 5681632,
            "rate": 18935.030635177984
        },
        "data_sent": {
            "count": 3744712,
            "rate": 12479.90655500367
        },
        "http_req_blocked": {
            "avg": 0.003285143423578812,
            "max": 1.213,
            "med": 0.002,
            "min": 0.001,
            "p(90)": 0.003,
            "p(95)": 0.003
        },
        "http_req_connecting": {
            "avg": 0.0009160832662164672,
            "max": 0.971,
            "med": 0,
            "min": 0,
            "p(90)": 0,
            "p(95)": 0
        },
        "http_req_duration": {
            "avg": 860.3910583916729,
            "max": 2373.249,
            "med": 904.3945,
            "min": 13.799,
            "p(90)": 1001.8369,
            "p(95)": 1031.0475499999989,
            "thresholds": {
                "p(95)<5000": false
            }
        },
        "http_req_receiving": {
            "avg": 0.1920038721268795,
            "max": 70.786,
            "med": 0.041,
            "min": 0.022,
            "p(90)": 0.178,
            "p(95)": 0.292
        },
        "http_req_sending": {
            "avg": 0.013450994362182993,
            "max": 0.326,
            "med": 0.013,
            "min": 0.007,
            "p(90)": 0.017,
            "p(95)": 0.019
        },
        "http_req_tls_handshaking": {
            "avg": 0,
            "max": 0,
            "med": 0,
            "min": 0,
            "p(90)": 0,
            "p(95)": 0
        },
        "http_req_waiting": {
            "avg": 860.1856035251838,
            "max": 2373.138,
            "med": 904.2815,
            "min": 13.75,
            "p(90)": 1001.7116,
            "p(95)": 1030.5448
        },
        "http_reqs": {
            "count": 32282,
            "rate": 107.58540133623855
        },
        "iteration_duration": {
            "avg": 860.5176851839713,
            "max": 2373.258143,
            "med": 904.5470955000001,
            "min": 13.878123,
            "p(90)": 1001.9584504000001,
            "p(95)": 1031.18141165
        },
        "iterations": {
            "count": 32282,
            "rate": 107.58540133623855
        },
        "vus": {
            "max": 100,
            "min": 1,
            "value": 1
        },
        "vus_max": {
            "max": 100,
            "min": 100,
            "value": 100
        }
    },
    "root_group": {
        "name": "",
        "path": "",
        "id": "d41d8cd98f00b204e9800998ecf8427e",
        "groups": {},
        "checks": {
            "status is 200": {
                "name": "status is 200",
                "path": "::status is 200",
                "id": "6210a8cd14cd70477eba5c5e4cb3fb5f",
                "passes": 32282,
                "fails": 0
            }
        }
    }
}
