{
    "metrics": {
        "check_failure_rate": {
            "fails": 632,
            "passes": 0,
            "thresholds": {
                "rate<0.01": false,
                "rate<=0.05": false
            },
            "value": 0
        },
        "checks": {
            "fails": 0,
            "passes": 632,
            "value": 0
        },
        "data_received": {
            "count": 108072,
            "rate": 355.85839036964063
        },
        "data_sent": {
            "count": 70784,
            "rate": 233.07684047602194
        },
        "http_req_blocked": {
            "avg": 0.06446993670886118,
            "max": 27.082,
            "med": 0.002,
            "min": 0.001,
            "p(90)": 0.004,
            "p(95)": 0.008
        },
        "http_req_connecting": {
            "avg": 0.012134493670886077,
            "max": 0.511,
            "med": 0,
            "min": 0,
            "p(90)": 0,
            "p(95)": 0
        },
        "http_req_duration": {
            "avg": 10602.103803797472,
            "max": 20091.94,
            "med": 11093.568,
            "min": 345.24,
            "p(90)": 15687.767999999998,
            "p(95)": 16133.347999999996,
            "thresholds": {
                "p(95)<5000": true
            }
        },
        "http_req_receiving": {
            "avg": 0.4038829113924054,
            "max": 77.035,
            "med": 0.052,
            "min": 0.03,
            "p(90)": 0.31759999999999994,
            "p(95)": 0.46624999999999966
        },
        "http_req_sending": {
            "avg": 0.03704746835443032,
            "max": 8.859,
            "med": 0.015,
            "min": 0.009,
            "p(90)": 0.021,
            "p(95)": 0.04244999999999993
        },
        "http_req_tls_handshaking": {
            "avg": 0,
            "max": 0,
            "med": 0,
            "min": 0,
            "p(90)": 0,
            "p(95)": 0
        },
        "http_req_waiting": {
            "avg": 10601.662873417717,
            "max": 20091.841,
            "med": 11093.504,
            "min": 345.152,
            "p(90)": 15687.6922,
            "p(95)": 16133.286899999996
        },
        "http_reqs": {
            "count": 632,
            "rate": 2.08104321853591
        },
        "iteration_duration": {
            "avg": 10602.226582613917,
            "max": 20091.513075,
            "med": 11093.3470835,
            "min": 345.482535,
            "p(90)": 15687.446730599999,
            "p(95)": 16132.981835399996
        },
        "iterations": {
            "count": 632,
            "rate": 2.08104321853591
        },
        "vus": {
            "max": 25,
            "min": 1,
            "value": 3
        },
        "vus_max": {
            "max": 25,
            "min": 25,
            "value": 25
        }
    },
    "root_group": {
        "name": "",
        "path": "",
        "id": "d41d8cd98f00b204e9800998ecf8427e",
        "groups": {},
        "checks": {
            "status is 200": {
                "name": "status is 200",
                "path": "::status is 200",
                "id": "6210a8cd14cd70477eba5c5e4cb3fb5f",
                "passes": 632,
                "fails": 0
            }
        }
    }
}
