{
    "metrics": {
        "check_failure_rate": {
            "fails": 145,
            "passes": 0,
            "thresholds": {
                "rate<0.01": false,
                "rate<=0.05": false
            },
            "value": 0
        },
        "checks": {
            "fails": 0,
            "passes": 145,
            "value": 0
        },
        "data_received": {
            "count": 24650,
            "rate": 74.687816591883
        },
        "data_sent": {
            "count": 19276,
            "rate": 58.404963595340234
        },
        "http_req_blocked": {
            "avg": 0.0853517241379313,
            "max": 0.784,
            "med": 0.002,
            "min": 0.001,
            "p(90)": 0.35799999999999993,
            "p(95)": 0.6425999999999995
        },
        "http_req_connecting": {
            "avg": 0.05723448275862068,
            "max": 0.511,
            "med": 0,
            "min": 0,
            "p(90)": 0.24459999999999993,
            "p(95)": 0.449
        },
        "http_req_duration": {
            "avg": 45422.42574482757,
            "max": 55242.076,
            "med": 55104.102,
            "min": 2222,
            "p(90)": 55176.1552,
            "p(95)": 55206.799600000006,
            "thresholds": {
                "p(95)<5000": true
            }
        },
        "http_req_receiving": {
            "avg": 0.14707586206896553,
            "max": 7.95,
            "med": 0.049,
            "min": 0.033,
            "p(90)": 0.10619999999999999,
            "p(95)": 0.31579999999999836
        },
        "http_req_sending": {
            "avg": 0.02444137931034484,
            "max": 0.166,
            "med": 0.012,
            "min": 0.009,
            "p(90)": 0.06699999999999998,
            "p(95)": 0.09099999999999983
        },
        "http_req_tls_handshaking": {
            "avg": 0,
            "max": 0,
            "med": 0,
            "min": 0,
            "p(90)": 0,
            "p(95)": 0
        },
        "http_req_waiting": {
            "avg": 45422.25422758622,
            "max": 55242.028,
            "med": 55104.052,
            "min": 2221.907,
            "p(90)": 55176.091,
            "p(95)": 55206.7396
        },
        "http_reqs": {
            "count": 145,
            "rate": 0.4393400975993118
        },
        "iteration_duration": {
            "avg": 45421.36742077931,
            "max": 55240.517161,
            "med": 55102.535369,
            "min": 2222.36629,
            "p(90)": 55174.599388,
            "p(95)": 55205.2606096
        },
        "iterations": {
            "count": 145,
            "rate": 0.4393400975993118
        },
        "vus": {
            "max": 25,
            "min": 1,
            "value": 1
        },
        "vus_max": {
            "max": 25,
            "min": 25,
            "value": 25
        }
    },
    "root_group": {
        "name": "",
        "path": "",
        "id": "d41d8cd98f00b204e9800998ecf8427e",
        "groups": {},
        "checks": {
            "status is 200": {
                "name": "status is 200",
                "path": "::status is 200",
                "id": "6210a8cd14cd70477eba5c5e4cb3fb5f",
                "passes": 145,
                "fails": 0
            }
        }
    }
}
