{
    "metrics": {
        "check_failure_rate": {
            "fails": 148,
            "passes": 0,
            "thresholds": {
                "rate<0.01": false,
                "rate<=0.05": false
            },
            "value": 0
        },
        "checks": {
            "fails": 0,
            "passes": 148,
            "value": 0
        },
        "data_received": {
            "count": 25160,
            "rate": 76.2327265155784
        },
        "data_sent": {
            "count": 19520,
            "rate": 59.14399131892252
        },
        "http_req_blocked": {
            "avg": 0.08893918918918947,
            "max": 1.058,
            "med": 0.002,
            "min": 0.001,
            "p(90)": 0.3989000000000011,
            "p(95)": 0.654
        },
        "http_req_connecting": {
            "avg": 0.06052702702702703,
            "max": 0.513,
            "med": 0,
            "min": 0,
            "p(90)": 0.29820000000000046,
            "p(95)": 0.471
        },
        "http_req_duration": {
            "avg": 44785.052229729714,
            "max": 54426.459,
            "med": 54224.225000000006,
            "min": 2186.726,
            "p(90)": 54386.5169,
            "p(95)": 54402.15255,
            "thresholds": {
                "p(95)<5000": true
            }
        },
        "http_req_receiving": {
            "avg": 0.1579459459459459,
            "max": 7.523,
            "med": 0.0535,
            "min": 0.034,
            "p(90)": 0.15230000000000024,
            "p(95)": 0.4581000000000011
        },
        "http_req_sending": {
            "avg": 0.026297297297297312,
            "max": 0.193,
            "med": 0.012,
            "min": 0.01,
            "p(90)": 0.07510000000000008,
            "p(95)": 0.10620000000000004
        },
        "http_req_tls_handshaking": {
            "avg": 0,
            "max": 0,
            "med": 0,
            "min": 0,
            "p(90)": 0,
            "p(95)": 0
        },
        "http_req_waiting": {
            "avg": 44784.867986486475,
            "max": 54426.395,
            "med": 54224.155,
            "min": 2186.601,
            "p(90)": 54386.0565,
            "p(95)": 54402.0722
        },
        "http_reqs": {
            "count": 148,
            "rate": 0.44842780303281415
        },
        "iteration_duration": {
            "avg": 44784.53422481082,
            "max": 54424.922418,
            "med": 54222.6885905,
            "min": 2186.799836,
            "p(90)": 54385.0210095,
            "p(95)": 54400.615494050006
        },
        "iterations": {
            "count": 148,
            "rate": 0.44842780303281415
        },
        "vus": {
            "max": 25,
            "min": 1,
            "value": 1
        },
        "vus_max": {
            "max": 25,
            "min": 25,
            "value": 25
        }
    },
    "root_group": {
        "name": "",
        "path": "",
        "id": "d41d8cd98f00b204e9800998ecf8427e",
        "groups": {},
        "checks": {
            "status is 200": {
                "name": "status is 200",
                "path": "::status is 200",
                "id": "6210a8cd14cd70477eba5c5e4cb3fb5f",
                "passes": 148,
                "fails": 0
            }
        }
    }
}
