{
    "metrics": {
        "check_failure_rate": {
            "fails": 2382,
            "passes": 2,
            "thresholds": {
                "rate<0.01": false,
                "rate<=0.05": false
            },
            "value": 0
        },
        "checks": {
            "fails": 2,
            "passes": 2382,
            "value": 0
        },
        "data_received": {
            "count": 414690,
            "rate": 1371.9363017144292
        },
        "data_sent": {
            "count": 276544,
            "rate": 914.9021018623914
        },
        "http_req_blocked": {
            "avg": 0.024609060402686116,
            "max": 0.871,
            "med": 0.002,
            "min": 0.001,
            "p(90)": 0.003,
            "p(95)": 0.005
        },
        "http_req_connecting": {
            "avg": 0.01593875838926175,
            "max": 0.567,
            "med": 0,
            "min": 0,
            "p(90)": 0,
            "p(95)": 0
        },
        "http_req_duration": {
            "avg": 11938.464674077188,
            "max": 29069.899,
            "med": 10710.9475,
            "min": 430.601,
            "p(90)": 20764.472299999998,
            "p(95)": 21087.237749999997,
            "thresholds": {
                "p(95)<5000": true
            }
        },
        "http_req_receiving": {
            "avg": 0.07713255033557069,
            "max": 1.299,
            "med": 0.048,
            "min": 0.033,
            "p(90)": 0.13510000000000083,
            "p(95)": 0.269
        },
        "http_req_sending": {
            "avg": 0.017377097315436497,
            "max": 0.156,
            "med": 0.014,
            "min": 0.009,
            "p(90)": 0.017,
            "p(95)": 0.025
        },
        "http_req_tls_handshaking": {
            "avg": 0,
            "max": 0,
            "med": 0,
            "min": 0,
            "p(90)": 0,
            "p(95)": 0
        },
        "http_req_waiting": {
            "avg": 11938.37016442953,
            "max": 29069.49,
            "med": 10710.8805,
            "min": 430.522,
            "p(90)": 20764.4091,
            "p(95)": 21087.179049999995
        },
        "http_reqs": {
            "count": 2384,
            "rate": 7.887087085020616
        },
        "iteration_duration": {
            "avg": 11938.24420441108,
            "max": 29069.151063,
            "med": 10710.740216,
            "min": 430.696961,
            "p(90)": 20763.9634865,
            "p(95)": 21086.713274199992
        },
        "iterations": {
            "count": 2384,
            "rate": 7.887087085020616
        },
        "vus": {
            "max": 100,
            "min": 4,
            "value": 6
        },
        "vus_max": {
            "max": 100,
            "min": 100,
            "value": 100
        }
    },
    "root_group": {
        "name": "",
        "path": "",
        "id": "d41d8cd98f00b204e9800998ecf8427e",
        "groups": {},
        "checks": {
            "status is 200": {
                "name": "status is 200",
                "path": "::status is 200",
                "id": "6210a8cd14cd70477eba5c5e4cb3fb5f",
                "passes": 2382,
                "fails": 2
            }
        }
    }
}
