{
    "metrics": {
        "check_failure_rate": {
            "fails": 931,
            "passes": 0,
            "thresholds": {
                "rate<0.01": false,
                "rate<=0.05": false
            },
            "value": 0
        },
        "checks": {
            "fails": 0,
            "passes": 931,
            "value": 0
        },
        "data_received": {
            "count": 161994,
            "rate": 3197.8183911807537
        },
        "data_sent": {
            "count": 119596,
            "rate": 2360.8669969977495
        },
        "http_req_blocked": {
            "avg": 0.03283566058002116,
            "max": 1.214,
            "med": 0.002,
            "min": 0.001,
            "p(90)": 0.245,
            "p(95)": 0.2705
        },
        "http_req_connecting": {
            "avg": 0.021393125671321168,
            "max": 0.36,
            "med": 0,
            "min": 0,
            "p(90)": 0.177,
            "p(95)": 0.194
        },
        "http_req_duration": {
            "avg": 3555.238002148225,
            "max": 5163.073,
            "med": 3920.445,
            "min": 214.315,
            "p(90)": 5085.097,
            "p(95)": 5108.954,
            "thresholds": {
                "p(95)<5000": true
            }
        },
        "http_req_receiving": {
            "avg": 0.06595703544575707,
            "max": 0.613,
            "med": 0.046,
            "min": 0.018,
            "p(90)": 0.088,
            "p(95)": 0.2
        },
        "http_req_sending": {
            "avg": 0.0175069817400644,
            "max": 0.16,
            "med": 0.013,
            "min": 0.007,
            "p(90)": 0.034,
            "p(95)": 0.0435
        },
        "http_req_tls_handshaking": {
            "avg": 0,
            "max": 0,
            "med": 0,
            "min": 0,
            "p(90)": 0,
            "p(95)": 0
        },
        "http_req_waiting": {
            "avg": 3555.1545381310407,
            "max": 5163.004,
            "med": 3920.391,
            "min": 214.202,
            "p(90)": 5085.039,
            "p(95)": 5108.896000000001
        },
        "http_reqs": {
            "count": 931,
            "rate": 18.378266615981342
        },
        "iteration_duration": {
            "avg": 3555.274570682061,
            "max": 5163.041817,
            "med": 3920.444052,
            "min": 214.413336,
            "p(90)": 5085.04688,
            "p(95)": 5108.914096500001
        },
        "iterations": {
            "count": 931,
            "rate": 18.378266615981342
        },
        "vus": {
            "max": 100,
            "min": 4,
            "value": 100
        },
        "vus_max": {
            "max": 100,
            "min": 100,
            "value": 100
        }
    },
    "root_group": {
        "name": "",
        "path": "",
        "id": "d41d8cd98f00b204e9800998ecf8427e",
        "groups": {},
        "checks": {
            "status is 200": {
                "name": "status is 200",
                "path": "::status is 200",
                "id": "6210a8cd14cd70477eba5c5e4cb3fb5f",
                "passes": 931,
                "fails": 0
            }
        }
    }
}
