{
    "metrics": {
        "check_failure_rate": {
            "fails": 757,
            "passes": 0,
            "thresholds": {
                "rate<0.01": false,
                "rate<=0.05": false
            },
            "value": 0
        },
        "checks": {
            "fails": 0,
            "passes": 757,
            "value": 0
        },
        "data_received": {
            "count": 129447,
            "rate": 429.0301442272691
        },
        "data_sent": {
            "count": 84784,
            "rate": 281.002199727802
        },
        "http_req_blocked": {
            "avg": 0.013404227212681998,
            "max": 1.056,
            "med": 0.002,
            "min": 0.001,
            "p(90)": 0.003,
            "p(95)": 0.017
        },
        "http_req_connecting": {
            "avg": 0.007710700132100396,
            "max": 0.493,
            "med": 0,
            "min": 0,
            "p(90)": 0,
            "p(95)": 0
        },
        "http_req_duration": {
            "avg": 8785.03645706738,
            "max": 22150.375,
            "med": 9220.987,
            "min": 3009.246,
            "p(90)": 9338.3594,
            "p(95)": 9382.1,
            "thresholds": {
                "p(95)<5000": true
            }
        },
        "http_req_receiving": {
            "avg": 0.09393659180977541,
            "max": 9.93,
            "med": 0.045,
            "min": 0.033,
            "p(90)": 0.103,
            "p(95)": 0.1747999999999997
        },
        "http_req_sending": {
            "avg": 0.015142668428005181,
            "max": 0.104,
            "med": 0.012,
            "min": 0.009,
            "p(90)": 0.028,
            "p(95)": 0.03419999999999993
        },
        "http_req_tls_handshaking": {
            "avg": 0,
            "max": 0,
            "med": 0,
            "min": 0,
            "p(90)": 0,
            "p(95)": 0
        },
        "http_req_waiting": {
            "avg": 8784.927377807137,
            "max": 22150.188,
            "med": 9220.645,
            "min": 3009.192,
            "p(90)": 9338.2458,
            "p(95)": 9382.0412
        },
        "http_reqs": {
            "count": 757,
            "rate": 2.5089482118553748
        },
        "iteration_duration": {
            "avg": 8784.900989771459,
            "max": 22151.048765,
            "med": 9220.801151,
            "min": 3009.261359,
            "p(90)": 9338.2354664,
            "p(95)": 9381.9220936
        },
        "iterations": {
            "count": 757,
            "rate": 2.5089482118553748
        },
        "vus": {
            "max": 25,
            "min": 1,
            "value": 2
        },
        "vus_max": {
            "max": 25,
            "min": 25,
            "value": 25
        }
    },
    "root_group": {
        "name": "",
        "path": "",
        "id": "d41d8cd98f00b204e9800998ecf8427e",
        "groups": {},
        "checks": {
            "status is 200": {
                "name": "status is 200",
                "path": "::status is 200",
                "id": "6210a8cd14cd70477eba5c5e4cb3fb5f",
                "passes": 757,
                "fails": 0
            }
        }
    }
}
