{
    "metrics": {
        "check_failure_rate": {
            "fails": 11112,
            "passes": 0,
            "thresholds": {
                "rate<0.01": false,
                "rate<=0.05": false
            },
            "value": 0
        },
        "checks": {
            "fails": 0,
            "passes": 11112,
            "value": 0
        },
        "data_received": {
            "count": 1933488,
            "rate": 6347.447882024548
        },
        "data_sent": {
            "count": 1288992,
            "rate": 4231.631921349698
        },
        "http_req_blocked": {
            "avg": 0.005258639308856389,
            "max": 0.771,
            "med": 0.002,
            "min": 0.001,
            "p(90)": 0.003,
            "p(95)": 0.004
        },
        "http_req_connecting": {
            "avg": 0.001966882649388048,
            "max": 0.495,
            "med": 0,
            "min": 0,
            "p(90)": 0,
            "p(95)": 0
        },
        "http_req_duration": {
            "avg": 2529.914121580288,
            "max": 13246.646,
            "med": 1347.7495,
            "min": 47.458,
            "p(90)": 5208.3523000000005,
            "p(95)": 9804.402999999977,
            "thresholds": {
                "p(95)<5000": true
            }
        },
        "http_req_receiving": {
            "avg": 0.1131486681065519,
            "max": 4.415,
            "med": 0.052,
            "min": 0.022,
            "p(90)": 0.303,
            "p(95)": 0.428
        },
        "http_req_sending": {
            "avg": 0.0152537796976247,
            "max": 0.632,
            "med": 0.014,
            "min": 0.007,
            "p(90)": 0.019,
            "p(95)": 0.022
        },
        "http_req_tls_handshaking": {
            "avg": 0,
            "max": 0,
            "med": 0,
            "min": 0,
            "p(90)": 0,
            "p(95)": 0
        },
        "http_req_waiting": {
            "avg": 2529.7857191324706,
            "max": 13246.56,
            "med": 1347.684,
            "min": 47.386,
            "p(90)": 5208.2836,
            "p(95)": 9804.336449999977
        },
        "http_reqs": {
            "count": 11112,
            "rate": 36.47958552887671
        },
        "iteration_duration": {
            "avg": 2530.1476562221824,
            "max": 13246.414041,
            "med": 1348.3450375,
            "min": 47.583256,
            "p(90)": 5208.3207311,
            "p(95)": 9805.892736099979
        },
        "iterations": {
            "count": 11112,
            "rate": 36.47958552887671
        },
        "vus": {
            "max": 100,
            "min": 3,
            "value": 3
        },
        "vus_max": {
            "max": 100,
            "min": 100,
            "value": 100
        }
    },
    "root_group": {
        "name": "",
        "path": "",
        "id": "d41d8cd98f00b204e9800998ecf8427e",
        "groups": {},
        "checks": {
            "status is 200": {
                "name": "status is 200",
                "path": "::status is 200",
                "id": "6210a8cd14cd70477eba5c5e4cb3fb5f",
                "passes": 11112,
                "fails": 0
            }
        }
    }
}
