{
    "metrics": {
        "check_failure_rate": {
            "fails": 370,
            "passes": 0,
            "thresholds": {
                "rate<0.01": false,
                "rate<=0.05": false
            },
            "value": 0
        },
        "checks": {
            "fails": 0,
            "passes": 370,
            "value": 0
        },
        "data_received": {
            "count": 62900,
            "rate": 200.09486596211175
        },
        "data_sent": {
            "count": 45140,
            "rate": 143.59749204339786
        },
        "http_req_blocked": {
            "avg": 0.02435405405405443,
            "max": 1.178,
            "med": 0.002,
            "min": 0.001,
            "p(90)": 0.003,
            "p(95)": 0.27710000000000007
        },
        "http_req_connecting": {
            "avg": 0.015108108108108115,
            "max": 0.291,
            "med": 0,
            "min": 0,
            "p(90)": 0,
            "p(95)": 0.20655
        },
        "http_req_duration": {
            "avg": 18331.527037837823,
            "max": 26357.142,
            "med": 17455.297,
            "min": 2796.523,
            "p(90)": 25643.125600000003,
            "p(95)": 25958.19695,
            "thresholds": {
                "p(95)<5000": true
            }
        },
        "http_req_receiving": {
            "avg": 0.41285675675675737,
            "max": 66.661,
            "med": 0.047,
            "min": 0.036,
            "p(90)": 0.16250000000000012,
            "p(95)": 0.29655
        },
        "http_req_sending": {
            "avg": 0.016397297297297213,
            "max": 0.125,
            "med": 0.013,
            "min": 0.01,
            "p(90)": 0.019,
            "p(95)": 0.038
        },
        "http_req_tls_handshaking": {
            "avg": 0,
            "max": 0,
            "med": 0,
            "min": 0,
            "p(90)": 0,
            "p(95)": 0
        },
        "http_req_waiting": {
            "avg": 18331.097783783796,
            "max": 26357.084,
            "med": 17455.236,
            "min": 2795.889,
            "p(90)": 25643.0528,
            "p(95)": 25958.120600000002
        },
        "http_reqs": {
            "count": 370,
            "rate": 1.17702862330654
        },
        "iteration_duration": {
            "avg": 18332.344920191896,
            "max": 26356.466229,
            "med": 17464.005435,
            "min": 2796.869645,
            "p(90)": 25651.6442092,
            "p(95)": 25962.9417796
        },
        "iterations": {
            "count": 370,
            "rate": 1.17702862330654
        },
        "vus": {
            "max": 25,
            "min": 1,
            "value": 1
        },
        "vus_max": {
            "max": 25,
            "min": 25,
            "value": 25
        }
    },
    "root_group": {
        "name": "",
        "path": "",
        "id": "d41d8cd98f00b204e9800998ecf8427e",
        "groups": {},
        "checks": {
            "status is 200": {
                "name": "status is 200",
                "path": "::status is 200",
                "id": "6210a8cd14cd70477eba5c5e4cb3fb5f",
                "passes": 370,
                "fails": 0
            }
        }
    }
}
