{
    "metrics": {
        "check_failure_rate": {
            "fails": 3712,
            "passes": 0,
            "thresholds": {
                "rate<0.01": false,
                "rate<=0.05": false
            },
            "value": 0
        },
        "checks": {
            "fails": 0,
            "passes": 3712,
            "value": 0
        },
        "data_received": {
            "count": 645888,
            "rate": 2152.4987697386164
        },
        "data_sent": {
            "count": 430592,
            "rate": 1434.9991798257442
        },
        "http_req_blocked": {
            "avg": 0.012948545258622051,
            "max": 1.626,
            "med": 0.002,
            "min": 0.001,
            "p(90)": 0.003,
            "p(95)": 0.004
        },
        "http_req_connecting": {
            "avg": 0.007703394396551725,
            "max": 1.482,
            "med": 0,
            "min": 0,
            "p(90)": 0,
            "p(95)": 0
        },
        "http_req_duration": {
            "avg": 7520.82981788795,
            "max": 23372.886,
            "med": 4967.8904999999995,
            "min": 47.483,
            "p(90)": 18653.101000000002,
            "p(95)": 20719.78165,
            "thresholds": {
                "p(95)<5000": true
            }
        },
        "http_req_receiving": {
            "avg": 0.06623141163793081,
            "max": 5.629,
            "med": 0.047,
            "min": 0.034,
            "p(90)": 0.07,
            "p(95)": 0.187
        },
        "http_req_sending": {
            "avg": 0.015536099137931532,
            "max": 0.148,
            "med": 0.014,
            "min": 0.008,
            "p(90)": 0.016,
            "p(95)": 0.018
        },
        "http_req_tls_handshaking": {
            "avg": 0,
            "max": 0,
            "med": 0,
            "min": 0,
            "p(90)": 0,
            "p(95)": 0
        },
        "http_req_waiting": {
            "avg": 7520.748050377139,
            "max": 23372.825,
            "med": 4967.8305,
            "min": 47.417,
            "p(90)": 18652.9491,
            "p(95)": 20719.71625
        },
        "http_reqs": {
            "count": 3712,
            "rate": 12.370682584704692
        },
        "iteration_duration": {
            "avg": 7520.728439544735,
            "max": 23372.297561,
            "med": 4967.8476595,
            "min": 47.599632,
            "p(90)": 18652.6711576,
            "p(95)": 20719.2823441
        },
        "iterations": {
            "count": 3712,
            "rate": 12.370682584704692
        },
        "vus": {
            "max": 100,
            "min": 1,
            "value": 1
        },
        "vus_max": {
            "max": 100,
            "min": 100,
            "value": 100
        }
    },
    "root_group": {
        "name": "",
        "path": "",
        "id": "d41d8cd98f00b204e9800998ecf8427e",
        "groups": {},
        "checks": {
            "status is 200": {
                "name": "status is 200",
                "path": "::status is 200",
                "id": "6210a8cd14cd70477eba5c5e4cb3fb5f",
                "passes": 3712,
                "fails": 0
            }
        }
    }
}
