{
    "metrics": {
        "check_failure_rate": {
            "fails": 146,
            "passes": 0,
            "thresholds": {
                "rate<0.01": false,
                "rate<=0.05": false
            },
            "value": 0
        },
        "checks": {
            "fails": 0,
            "passes": 146,
            "value": 0
        },
        "data_received": {
            "count": 24820,
            "rate": 75.20351542317296
        },
        "data_sent": {
            "count": 19520,
            "rate": 59.14474702096439
        },
        "http_req_blocked": {
            "avg": 0.0814589041095893,
            "max": 1.087,
            "med": 0.002,
            "min": 0.001,
            "p(90)": 0.3635,
            "p(95)": 0.6275
        },
        "http_req_connecting": {
            "avg": 0.0536917808219178,
            "max": 0.515,
            "med": 0,
            "min": 0,
            "p(90)": 0.23299999999999998,
            "p(95)": 0.4185
        },
        "http_req_duration": {
            "avg": 44831.97067808216,
            "max": 54696.247,
            "med": 54162.676,
            "min": 2190.916,
            "p(90)": 54618.096,
            "p(95)": 54634.801,
            "thresholds": {
                "p(95)<5000": true
            }
        },
        "http_req_receiving": {
            "avg": 0.2097465753424658,
            "max": 7.985,
            "med": 0.056,
            "min": 0.034,
            "p(90)": 0.417,
            "p(95)": 0.7715000000000001
        },
        "http_req_sending": {
            "avg": 0.02452054794520549,
            "max": 0.16,
            "med": 0.012,
            "min": 0.01,
            "p(90)": 0.0635,
            "p(95)": 0.08725
        },
        "http_req_tls_handshaking": {
            "avg": 0,
            "max": 0,
            "med": 0,
            "min": 0,
            "p(90)": 0,
            "p(95)": 0
        },
        "http_req_waiting": {
            "avg": 44831.73641095891,
            "max": 54696.16,
            "med": 54162.1305,
            "min": 2190.791,
            "p(90)": 54617.9965,
            "p(95)": 54634.73325
        },
        "http_reqs": {
            "count": 146,
            "rate": 0.44237362013631154
        },
        "iteration_duration": {
            "avg": 44830.84398310956,
            "max": 54694.793708,
            "med": 54161.1486545,
            "min": 2191.013148,
            "p(90)": 54616.5962745,
            "p(95)": 54633.290754249996
        },
        "iterations": {
            "count": 146,
            "rate": 0.44237362013631154
        },
        "vus": {
            "max": 25,
            "min": 1,
            "value": 1
        },
        "vus_max": {
            "max": 25,
            "min": 25,
            "value": 25
        }
    },
    "root_group": {
        "name": "",
        "path": "",
        "id": "d41d8cd98f00b204e9800998ecf8427e",
        "groups": {},
        "checks": {
            "status is 200": {
                "name": "status is 200",
                "path": "::status is 200",
                "id": "6210a8cd14cd70477eba5c5e4cb3fb5f",
                "passes": 146,
                "fails": 0
            }
        }
    }
}
