{
    "metrics": {
        "check_failure_rate": {
            "fails": 638,
            "passes": 0,
            "thresholds": {
                "rate<0.01": false,
                "rate<=0.05": false
            },
            "value": 0
        },
        "checks": {
            "fails": 0,
            "passes": 638,
            "value": 0
        },
        "data_received": {
            "count": 109098,
            "rate": 360.4696942120828
        },
        "data_sent": {
            "count": 71456,
            "rate": 236.09710965937586
        },
        "http_req_blocked": {
            "avg": 0.021463949843260537,
            "max": 1.144,
            "med": 0.002,
            "min": 0.001,
            "p(90)": 0.003,
            "p(95)": 0.006299999999999955
        },
        "http_req_connecting": {
            "avg": 0.013145768025078369,
            "max": 0.543,
            "med": 0,
            "min": 0,
            "p(90)": 0,
            "p(95)": 0
        },
        "http_req_duration": {
            "avg": 10474.070354231975,
            "max": 14392.644,
            "med": 11407.9885,
            "min": 348.166,
            "p(90)": 13181.7731,
            "p(95)": 13484.41,
            "thresholds": {
                "p(95)<5000": true
            }
        },
        "http_req_receiving": {
            "avg": 0.36397492163009404,
            "max": 84.721,
            "med": 0.052,
            "min": 0.029,
            "p(90)": 0.28690000000000015,
            "p(95)": 0.4203499999999998
        },
        "http_req_sending": {
            "avg": 0.01795768025078366,
            "max": 0.134,
            "med": 0.015,
            "min": 0.009,
            "p(90)": 0.021,
            "p(95)": 0.029149999999999978
        },
        "http_req_tls_handshaking": {
            "avg": 0,
            "max": 0,
            "med": 0,
            "min": 0,
            "p(90)": 0,
            "p(95)": 0
        },
        "http_req_waiting": {
            "avg": 10473.688421630097,
            "max": 14392.595,
            "med": 11407.192,
            "min": 348.092,
            "p(90)": 13181.7101,
            "p(95)": 13484.34785
        },
        "http_reqs": {
            "count": 638,
            "rate": 2.108009907672999
        },
        "iteration_duration": {
            "avg": 10473.899894271168,
            "max": 14392.314995,
            "med": 11407.755574499999,
            "min": 348.251682,
            "p(90)": 13181.4932977,
            "p(95)": 13484.113434249999
        },
        "iterations": {
            "count": 638,
            "rate": 2.108009907672999
        },
        "vus": {
            "max": 25,
            "min": 1,
            "value": 3
        },
        "vus_max": {
            "max": 25,
            "min": 25,
            "value": 25
        }
    },
    "root_group": {
        "name": "",
        "path": "",
        "id": "d41d8cd98f00b204e9800998ecf8427e",
        "groups": {},
        "checks": {
            "status is 200": {
                "name": "status is 200",
                "path": "::status is 200",
                "id": "6210a8cd14cd70477eba5c5e4cb3fb5f",
                "passes": 638,
                "fails": 0
            }
        }
    }
}
