{
    "metrics": {
        "check_failure_rate": {
            "fails": 48396,
            "passes": 0,
            "thresholds": {
                "rate<0.01": false,
                "rate<=0.05": false
            },
            "value": 0
        },
        "checks": {
            "fails": 0,
            "passes": 48396,
            "value": 0
        },
        "data_received": {
            "count": 8517696,
            "rate": 28386.960163428343
        },
        "data_sent": {
            "count": 5613936,
            "rate": 18709.587380441408
        },
        "http_req_blocked": {
            "avg": 0.0034718985040076773,
            "max": 1.336,
            "med": 0.002,
            "min": 0.001,
            "p(90)": 0.003,
            "p(95)": 0.004
        },
        "http_req_connecting": {
            "avg": 0.0006210637242747333,
            "max": 1.173,
            "med": 0,
            "min": 0,
            "p(90)": 0,
            "p(95)": 0
        },
        "http_req_duration": {
            "avg": 573.7171945408735,
            "max": 1492.216,
            "med": 598.7505,
            "min": 12.726,
            "p(90)": 669.637,
            "p(95)": 699.1297500000001,
            "thresholds": {
                "p(95)<5000": false
            }
        },
        "http_req_receiving": {
            "avg": 0.15778849491692298,
            "max": 28.527,
            "med": 0.052,
            "min": 0.027,
            "p(90)": 0.318,
            "p(95)": 0.444
        },
        "http_req_sending": {
            "avg": 0.016434767336142034,
            "max": 0.631,
            "med": 0.015,
            "min": 0.007,
            "p(90)": 0.02,
            "p(95)": 0.023
        },
        "http_req_tls_handshaking": {
            "avg": 0,
            "max": 0,
            "med": 0,
            "min": 0,
            "p(90)": 0,
            "p(95)": 0
        },
        "http_req_waiting": {
            "avg": 573.5429712786174,
            "max": 1492.15,
            "med": 598.6195,
            "min": 12.646,
            "p(90)": 669.322,
            "p(95)": 698.9757500000001
        },
        "http_reqs": {
            "count": 48396,
            "rate": 161.28954638311558
        },
        "iteration_duration": {
            "avg": 573.8661722107363,
            "max": 1492.29064,
            "med": 598.861882,
            "min": 12.836965,
            "p(90)": 669.8726704999999,
            "p(95)": 699.585641
        },
        "iterations": {
            "count": 48396,
            "rate": 161.28954638311558
        },
        "vus": {
            "max": 100,
            "min": 1,
            "value": 1
        },
        "vus_max": {
            "max": 100,
            "min": 100,
            "value": 100
        }
    },
    "root_group": {
        "name": "",
        "path": "",
        "id": "d41d8cd98f00b204e9800998ecf8427e",
        "groups": {},
        "checks": {
            "status is 200": {
                "name": "status is 200",
                "path": "::status is 200",
                "id": "6210a8cd14cd70477eba5c5e4cb3fb5f",
                "passes": 48396,
                "fails": 0
            }
        }
    }
}
