{
    "metrics": {
        "check_failure_rate": {
            "fails": 362,
            "passes": 0,
            "thresholds": {
                "rate<0.01": false,
                "rate<=0.05": false
            },
            "value": 0
        },
        "checks": {
            "fails": 0,
            "passes": 362,
            "value": 0
        },
        "data_received": {
            "count": 61540,
            "rate": 194.92617554365293
        },
        "data_sent": {
            "count": 44164,
            "rate": 139.88819656662153
        },
        "http_req_blocked": {
            "avg": 0.027312154696132962,
            "max": 0.823,
            "med": 0.002,
            "min": 0.001,
            "p(90)": 0.003900000000000034,
            "p(95)": 0.26769999999999994
        },
        "http_req_connecting": {
            "avg": 0.016988950276243097,
            "max": 0.484,
            "med": 0,
            "min": 0,
            "p(90)": 0,
            "p(95)": 0.19369999999999993
        },
        "http_req_duration": {
            "avg": 18848.082817679544,
            "max": 33445.618,
            "med": 17755.217,
            "min": 2688.031,
            "p(90)": 26191.1368,
            "p(95)": 27064.0936,
            "thresholds": {
                "p(95)<5000": true
            }
        },
        "http_req_receiving": {
            "avg": 0.393875690607736,
            "max": 58.389,
            "med": 0.047,
            "min": 0.036,
            "p(90)": 0.1448000000000004,
            "p(95)": 0.32109999999999983
        },
        "http_req_sending": {
            "avg": 0.01685635359116015,
            "max": 0.18,
            "med": 0.013,
            "min": 0.01,
            "p(90)": 0.019,
            "p(95)": 0.03794999999999999
        },
        "http_req_tls_handshaking": {
            "avg": 0,
            "max": 0,
            "med": 0,
            "min": 0,
            "p(90)": 0,
            "p(95)": 0
        },
        "http_req_waiting": {
            "avg": 18847.672085635357,
            "max": 33445.55,
            "med": 17755.1575,
            "min": 2687.575,
            "p(90)": 26191.0789,
            "p(95)": 27064.0337
        },
        "http_reqs": {
            "count": 362,
            "rate": 1.1466245620214879
        },
        "iteration_duration": {
            "avg": 18847.65811715194,
            "max": 33444.723696,
            "med": 17754.791437,
            "min": 2688.34277,
            "p(90)": 26190.4538818,
            "p(95)": 27063.400436699998
        },
        "iterations": {
            "count": 362,
            "rate": 1.1466245620214879
        },
        "vus": {
            "max": 25,
            "min": 1,
            "value": 1
        },
        "vus_max": {
            "max": 25,
            "min": 25,
            "value": 25
        }
    },
    "root_group": {
        "name": "",
        "path": "",
        "id": "d41d8cd98f00b204e9800998ecf8427e",
        "groups": {},
        "checks": {
            "status is 200": {
                "name": "status is 200",
                "path": "::status is 200",
                "id": "6210a8cd14cd70477eba5c5e4cb3fb5f",
                "passes": 362,
                "fails": 0
            }
        }
    }
}
