{
    "metrics": {
        "check_failure_rate": {
            "fails": 137454,
            "passes": 0,
            "thresholds": {
                "rate<0.01": false,
                "rate<=0.05": false
            },
            "value": 0
        },
        "checks": {
            "fails": 0,
            "passes": 137454,
            "value": 0
        },
        "data_received": {
            "count": 24191904,
            "rate": 80629.06195883064
        },
        "data_sent": {
            "count": 15944664,
            "rate": 53141.881745592924
        },
        "http_req_blocked": {
            "avg": 0.0025062129876188845,
            "max": 1,
            "med": 0.002,
            "min": 0.001,
            "p(90)": 0.003,
            "p(95)": 0.004
        },
        "http_req_connecting": {
            "avg": 0.0001839306240633231,
            "max": 0.535,
            "med": 0,
            "min": 0,
            "p(90)": 0,
            "p(95)": 0
        },
        "http_req_duration": {
            "avg": 201.8894768649875,
            "max": 1112.267,
            "med": 151.256,
            "min": 10.428,
            "p(90)": 446.50789999999995,
            "p(95)": 520.3898499999999,
            "thresholds": {
                "p(95)<5000": false
            }
        },
        "http_req_receiving": {
            "avg": 0.25493095872071736,
            "max": 47.258,
            "med": 0.044,
            "min": 0.015,
            "p(90)": 0.475,
            "p(95)": 0.7033499999999913
        },
        "http_req_sending": {
            "avg": 0.014067789951538921,
            "max": 0.466,
            "med": 0.014,
            "min": 0.005,
            "p(90)": 0.018,
            "p(95)": 0.02
        },
        "http_req_tls_handshaking": {
            "avg": 0,
            "max": 0,
            "med": 0,
            "min": 0,
            "p(90)": 0,
            "p(95)": 0
        },
        "http_req_waiting": {
            "avg": 201.6204781163153,
            "max": 1112.228,
            "med": 150.9925,
            "min": 10.386,
            "p(90)": 446.1704,
            "p(95)": 520.0685
        },
        "http_reqs": {
            "count": 137454,
            "rate": 458.1196702206286
        },
        "iteration_duration": {
            "avg": 201.98448292611485,
            "max": 1112.321989,
            "med": 151.3472725,
            "min": 10.514404,
            "p(90)": 446.58439269999997,
            "p(95)": 520.4695705
        },
        "iterations": {
            "count": 137454,
            "rate": 458.1196702206286
        },
        "vus": {
            "max": 100,
            "min": 1,
            "value": 1
        },
        "vus_max": {
            "max": 100,
            "min": 100,
            "value": 100
        }
    },
    "root_group": {
        "name": "",
        "path": "",
        "id": "d41d8cd98f00b204e9800998ecf8427e",
        "groups": {},
        "checks": {
            "status is 200": {
                "name": "status is 200",
                "path": "::status is 200",
                "id": "6210a8cd14cd70477eba5c5e4cb3fb5f",
                "passes": 137454,
                "fails": 0
            }
        }
    }
}
