{
    "metrics": {
        "check_failure_rate": {
            "fails": 146,
            "passes": 0,
            "thresholds": {
                "rate<0.01": false,
                "rate<=0.05": false
            },
            "value": 0
        },
        "checks": {
            "fails": 0,
            "passes": 146,
            "value": 0
        },
        "data_received": {
            "count": 24820,
            "rate": 75.20323925378814
        },
        "data_sent": {
            "count": 19520,
            "rate": 59.14452982409123
        },
        "http_req_blocked": {
            "avg": 0.07796575342465768,
            "max": 0.923,
            "med": 0.002,
            "min": 0.001,
            "p(90)": 0.3,
            "p(95)": 0.622
        },
        "http_req_connecting": {
            "avg": 0.0526027397260274,
            "max": 0.542,
            "med": 0,
            "min": 0,
            "p(90)": 0.218,
            "p(95)": 0.35175
        },
        "http_req_duration": {
            "avg": 44893.03457534246,
            "max": 54645.086,
            "med": 54415.102,
            "min": 2206.04,
            "p(90)": 54605.568,
            "p(95)": 54623.5855,
            "thresholds": {
                "p(95)<5000": true
            }
        },
        "http_req_receiving": {
            "avg": 0.16746575342465764,
            "max": 7.705,
            "med": 0.0575,
            "min": 0.034,
            "p(90)": 0.3265,
            "p(95)": 0.46349999999999997
        },
        "http_req_sending": {
            "avg": 0.0238150684931507,
            "max": 0.157,
            "med": 0.012,
            "min": 0.009,
            "p(90)": 0.064,
            "p(95)": 0.10075
        },
        "http_req_tls_handshaking": {
            "avg": 0,
            "max": 0,
            "med": 0,
            "min": 0,
            "p(90)": 0,
            "p(95)": 0
        },
        "http_req_waiting": {
            "avg": 44892.84329452055,
            "max": 54645.039,
            "med": 54414.8545,
            "min": 2205.832,
            "p(90)": 54605.493,
            "p(95)": 54623.51125
        },
        "http_reqs": {
            "count": 146,
            "rate": 0.44237199561051843
        },
        "iteration_duration": {
            "avg": 44891.53267962328,
            "max": 54643.31523,
            "med": 54413.5940625,
            "min": 2206.127072,
            "p(90)": 54603.760699499995,
            "p(95)": 54621.84729525
        },
        "iterations": {
            "count": 146,
            "rate": 0.44237199561051843
        },
        "vus": {
            "max": 25,
            "min": 1,
            "value": 1
        },
        "vus_max": {
            "max": 25,
            "min": 25,
            "value": 25
        }
    },
    "root_group": {
        "name": "",
        "path": "",
        "id": "d41d8cd98f00b204e9800998ecf8427e",
        "groups": {},
        "checks": {
            "status is 200": {
                "name": "status is 200",
                "path": "::status is 200",
                "id": "6210a8cd14cd70477eba5c5e4cb3fb5f",
                "passes": 146,
                "fails": 0
            }
        }
    }
}
