{
    "metrics": {
        "check_failure_rate": {
            "fails": 3331,
            "passes": 0,
            "thresholds": {
                "rate<0.01": false,
                "rate<=0.05": false
            },
            "value": 0
        },
        "checks": {
            "fails": 0,
            "passes": 3331,
            "value": 0
        },
        "data_received": {
            "count": 569601,
            "rate": 1896.5400085599863
        },
        "data_sent": {
            "count": 373072,
            "rate": 1242.178251220576
        },
        "http_req_blocked": {
            "avg": 0.004560492344641491,
            "max": 1.432,
            "med": 0.002,
            "min": 0.001,
            "p(90)": 0.002,
            "p(95)": 0.003
        },
        "http_req_connecting": {
            "avg": 0.0017541278895226659,
            "max": 0.43,
            "med": 0,
            "min": 0,
            "p(90)": 0,
            "p(95)": 0
        },
        "http_req_duration": {
            "avg": 1977.5550759531618,
            "max": 2787.84,
            "med": 2205.526,
            "min": 319.844,
            "p(90)": 2494.231,
            "p(95)": 2575.837,
            "thresholds": {
                "p(95)<5000": false
            }
        },
        "http_req_receiving": {
            "avg": 0.19091714199939844,
            "max": 6.225,
            "med": 0.059,
            "min": 0.021,
            "p(90)": 0.435,
            "p(95)": 0.524
        },
        "http_req_sending": {
            "avg": 0.01333893725607952,
            "max": 0.12,
            "med": 0.012,
            "min": 0.007,
            "p(90)": 0.014,
            "p(95)": 0.028
        },
        "http_req_tls_handshaking": {
            "avg": 0,
            "max": 0,
            "med": 0,
            "min": 0,
            "p(90)": 0,
            "p(95)": 0
        },
        "http_req_waiting": {
            "avg": 1977.3508198739155,
            "max": 2787.799,
            "med": 2205.398,
            "min": 319.782,
            "p(90)": 2494.142,
            "p(95)": 2575.445
        },
        "http_reqs": {
            "count": 3331,
            "rate": 11.090877243040856
        },
        "iteration_duration": {
            "avg": 1977.7193647859472,
            "max": 2790.23707,
            "med": 2205.802583,
            "min": 319.927314,
            "p(90)": 2494.776306,
            "p(95)": 2575.844177
        },
        "iterations": {
            "count": 3331,
            "rate": 11.090877243040856
        },
        "vus": {
            "max": 25,
            "min": 1,
            "value": 1
        },
        "vus_max": {
            "max": 25,
            "min": 25,
            "value": 25
        }
    },
    "root_group": {
        "name": "",
        "path": "",
        "id": "d41d8cd98f00b204e9800998ecf8427e",
        "groups": {},
        "checks": {
            "status is 200": {
                "name": "status is 200",
                "path": "::status is 200",
                "id": "6210a8cd14cd70477eba5c5e4cb3fb5f",
                "passes": 3331,
                "fails": 0
            }
        }
    }
}
