{
    "metrics": {
        "check_failure_rate": {
            "fails": 112765,
            "passes": 0,
            "thresholds": {
                "rate<0.01": false,
                "rate<=0.05": false
            },
            "value": 0
        },
        "checks": {
            "fails": 0,
            "passes": 112765,
            "value": 0
        },
        "data_received": {
            "count": 19846640,
            "rate": 66147.75626370405
        },
        "data_sent": {
            "count": 13080740,
            "rate": 43597.38481016858
        },
        "http_req_blocked": {
            "avg": 0.0025836828803275733,
            "max": 1.468,
            "med": 0.002,
            "min": 0.001,
            "p(90)": 0.003,
            "p(95)": 0.004
        },
        "http_req_connecting": {
            "avg": 0.00023669578326608438,
            "max": 1.29,
            "med": 0,
            "min": 0,
            "p(90)": 0,
            "p(95)": 0
        },
        "http_req_duration": {
            "avg": 246.13569356626942,
            "max": 1592.4,
            "med": 172.639,
            "min": 11.118,
            "p(90)": 586.6748,
            "p(95)": 679.9999999999999,
            "thresholds": {
                "p(95)<5000": false
            }
        },
        "http_req_receiving": {
            "avg": 0.2300574380348465,
            "max": 43.526,
            "med": 0.044,
            "min": 0.013,
            "p(90)": 0.449,
            "p(95)": 0.667
        },
        "http_req_sending": {
            "avg": 0.014143058573131351,
            "max": 0.359,
            "med": 0.014,
            "min": 0.005,
            "p(90)": 0.018,
            "p(95)": 0.02
        },
        "http_req_tls_handshaking": {
            "avg": 0,
            "max": 0,
            "med": 0,
            "min": 0,
            "p(90)": 0,
            "p(95)": 0
        },
        "http_req_waiting": {
            "avg": 245.89149306965606,
            "max": 1592.343,
            "med": 172.342,
            "min": 11.063,
            "p(90)": 586.4204000000001,
            "p(95)": 679.6461999999998
        },
        "http_reqs": {
            "count": 112765,
            "rate": 375.8395242255912
        },
        "iteration_duration": {
            "avg": 246.23048221534006,
            "max": 1592.453059,
            "med": 172.731594,
            "min": 11.238344,
            "p(90)": 586.7642362,
            "p(95)": 680.0824467999997
        },
        "iterations": {
            "count": 112765,
            "rate": 375.8395242255912
        },
        "vus": {
            "max": 100,
            "min": 1,
            "value": 1
        },
        "vus_max": {
            "max": 100,
            "min": 100,
            "value": 100
        }
    },
    "root_group": {
        "name": "",
        "path": "",
        "id": "d41d8cd98f00b204e9800998ecf8427e",
        "groups": {},
        "checks": {
            "status is 200": {
                "name": "status is 200",
                "path": "::status is 200",
                "id": "6210a8cd14cd70477eba5c5e4cb3fb5f",
                "passes": 112765,
                "fails": 0
            }
        }
    }
}
