{
    "metrics": {
        "check_failure_rate": {
            "fails": 3249,
            "passes": 0,
            "thresholds": {
                "rate<0.01": false,
                "rate<=0.05": false
            },
            "value": 0
        },
        "checks": {
            "fails": 0,
            "passes": 3249,
            "value": 0
        },
        "data_received": {
            "count": 555579,
            "rate": 1851.5859876673978
        },
        "data_sent": {
            "count": 363888,
            "rate": 1212.7346819809857
        },
        "http_req_blocked": {
            "avg": 0.004416435826408453,
            "max": 0.649,
            "med": 0.002,
            "min": 0.001,
            "p(90)": 0.002,
            "p(95)": 0.003
        },
        "http_req_connecting": {
            "avg": 0.001623884272083718,
            "max": 0.336,
            "med": 0,
            "min": 0,
            "p(90)": 0,
            "p(95)": 0
        },
        "http_req_duration": {
            "avg": 2028.0409242843937,
            "max": 2817.948,
            "med": 2322.22,
            "min": 320.742,
            "p(90)": 2581.6760000000004,
            "p(95)": 2664.9806,
            "thresholds": {
                "p(95)<5000": false
            }
        },
        "http_req_receiving": {
            "avg": 0.2038673437980923,
            "max": 7.782,
            "med": 0.075,
            "min": 0.023,
            "p(90)": 0.46,
            "p(95)": 0.5456
        },
        "http_req_sending": {
            "avg": 0.013328716528162704,
            "max": 0.129,
            "med": 0.012,
            "min": 0.007,
            "p(90)": 0.015,
            "p(95)": 0.018
        },
        "http_req_tls_handshaking": {
            "avg": 0,
            "max": 0,
            "med": 0,
            "min": 0,
            "p(90)": 0,
            "p(95)": 0
        },
        "http_req_waiting": {
            "avg": 2027.8237282240661,
            "max": 2817.887,
            "med": 2322.036,
            "min": 320.678,
            "p(90)": 2581.1618,
            "p(95)": 2664.8838
        },
        "http_reqs": {
            "count": 3249,
            "rate": 10.827988231973087
        },
        "iteration_duration": {
            "avg": 2028.111328907978,
            "max": 2817.961578,
            "med": 2322.265318,
            "min": 321.06198,
            "p(90)": 2581.704003,
            "p(95)": 2665.0004834
        },
        "iterations": {
            "count": 3249,
            "rate": 10.827988231973087
        },
        "vus": {
            "max": 25,
            "min": 1,
            "value": 1
        },
        "vus_max": {
            "max": 25,
            "min": 25,
            "value": 25
        }
    },
    "root_group": {
        "name": "",
        "path": "",
        "id": "d41d8cd98f00b204e9800998ecf8427e",
        "groups": {},
        "checks": {
            "status is 200": {
                "name": "status is 200",
                "path": "::status is 200",
                "id": "6210a8cd14cd70477eba5c5e4cb3fb5f",
                "passes": 3249,
                "fails": 0
            }
        }
    }
}
