{
    "metrics": {
        "check_failure_rate": {
            "fails": 2998,
            "passes": 0,
            "thresholds": {
                "rate<0.01": false,
                "rate<=0.05": false
            },
            "value": 0
        },
        "checks": {
            "fails": 0,
            "passes": 2998,
            "value": 0
        },
        "data_received": {
            "count": 521652,
            "rate": 1677.2540976391956
        },
        "data_sent": {
            "count": 347768,
            "rate": 1118.1693984261303
        },
        "http_req_blocked": {
            "avg": 0.012452301534357503,
            "max": 0.95,
            "med": 0.002,
            "min": 0.001,
            "p(90)": 0.003,
            "p(95)": 0.007
        },
        "http_req_connecting": {
            "avg": 0.007077384923282186,
            "max": 0.34,
            "med": 0,
            "min": 0,
            "p(90)": 0,
            "p(95)": 0
        },
        "http_req_duration": {
            "avg": 9578.107132755193,
            "max": 23354.471,
            "med": 4795.511,
            "min": 95.74,
            "p(90)": 20404.5358,
            "p(95)": 20602.8896,
            "thresholds": {
                "p(95)<5000": true
            }
        },
        "http_req_receiving": {
            "avg": 0.07275783855904006,
            "max": 0.925,
            "med": 0.047,
            "min": 0.033,
            "p(90)": 0.121,
            "p(95)": 0.23715000000000008
        },
        "http_req_sending": {
            "avg": 0.014992661774516563,
            "max": 0.11,
            "med": 0.013,
            "min": 0.01,
            "p(90)": 0.017,
            "p(95)": 0.02415000000000009
        },
        "http_req_tls_handshaking": {
            "avg": 0,
            "max": 0,
            "med": 0,
            "min": 0,
            "p(90)": 0,
            "p(95)": 0
        },
        "http_req_waiting": {
            "avg": 9578.019382254848,
            "max": 23354.207,
            "med": 4795.455,
            "min": 95.677,
            "p(90)": 20404.4644,
            "p(95)": 20602.82665
        },
        "http_reqs": {
            "count": 2998,
            "rate": 9.639391365742505
        },
        "iteration_duration": {
            "avg": 9577.947650818223,
            "max": 23353.87099,
            "med": 4795.4885885,
            "min": 95.866773,
            "p(90)": 20404.0361826,
            "p(95)": 20602.37102745
        },
        "iterations": {
            "count": 2998,
            "rate": 9.639391365742505
        },
        "vus": {
            "max": 100,
            "min": 0,
            "value": 0
        },
        "vus_max": {
            "max": 100,
            "min": 100,
            "value": 100
        }
    },
    "root_group": {
        "name": "",
        "path": "",
        "id": "d41d8cd98f00b204e9800998ecf8427e",
        "groups": {},
        "checks": {
            "status is 200": {
                "name": "status is 200",
                "path": "::status is 200",
                "id": "6210a8cd14cd70477eba5c5e4cb3fb5f",
                "passes": 2998,
                "fails": 0
            }
        }
    }
}
