{
    "metrics": {
        "check_failure_rate": {
            "fails": 136120,
            "passes": 0,
            "thresholds": {
                "rate<0.01": false,
                "rate<=0.05": false
            },
            "value": 0
        },
        "checks": {
            "fails": 0,
            "passes": 272240,
            "value": 0
        },
        "data_received": {
            "count": 39202560,
            "rate": 130660.79987324595
        },
        "data_sent": {
            "count": 14973200,
            "rate": 49905.166618253665
        },
        "http_req_blocked": {
            "avg": 0.0025229503379382095,
            "max": 0.87,
            "med": 0.002,
            "min": 0.001,
            "p(90)": 0.003,
            "p(95)": 0.004
        },
        "http_req_connecting": {
            "avg": 0.00020930796356156313,
            "max": 0.76,
            "med": 0,
            "min": 0,
            "p(90)": 0,
            "p(95)": 0
        },
        "http_req_duration": {
            "avg": 203.92088057596342,
            "max": 1142.258,
            "med": 88.1075,
            "min": 3.63,
            "p(90)": 668.3802000000002,
            "p(95)": 727.6701999999995,
            "thresholds": {
                "p(95)<5000": false
            }
        },
        "http_req_receiving": {
            "avg": 0.25843743755508153,
            "max": 165.595,
            "med": 0.043,
            "min": 0.014,
            "p(90)": 0.48,
            "p(95)": 0.718
        },
        "http_req_sending": {
            "avg": 0.01416567734351149,
            "max": 1.664,
            "med": 0.014,
            "min": 0.005,
            "p(90)": 0.018,
            "p(95)": 0.021
        },
        "http_req_tls_handshaking": {
            "avg": 0,
            "max": 0,
            "med": 0,
            "min": 0,
            "p(90)": 0,
            "p(95)": 0
        },
        "http_req_waiting": {
            "avg": 203.648277461061,
            "max": 1142.214,
            "med": 87.8765,
            "min": 3.59,
            "p(90)": 667.9970999999999,
            "p(95)": 727.2951499999995
        },
        "http_reqs": {
            "count": 136120,
            "rate": 453.68333289321515
        },
        "iteration_duration": {
            "avg": 204.0248136397133,
            "max": 1142.327454,
            "med": 88.20796,
            "min": 3.699274,
            "p(90)": 668.4967082000001,
            "p(95)": 727.7692009999997
        },
        "iterations": {
            "count": 136120,
            "rate": 453.68333289321515
        },
        "vus": {
            "max": 100,
            "min": 1,
            "value": 1
        },
        "vus_max": {
            "max": 100,
            "min": 100,
            "value": 100
        }
    },
    "root_group": {
        "name": "",
        "path": "",
        "id": "d41d8cd98f00b204e9800998ecf8427e",
        "groups": {},
        "checks": {
            "content is present": {
                "name": "content is present",
                "path": "::content is present",
                "id": "f162f55df55ff1646f977d711ea38a01",
                "passes": 136120,
                "fails": 0
            },
            "status is 200": {
                "name": "status is 200",
                "path": "::status is 200",
                "id": "6210a8cd14cd70477eba5c5e4cb3fb5f",
                "passes": 136120,
                "fails": 0
            }
        }
    }
}
