{
    "metrics": {
        "check_failure_rate": {
            "fails": 134343,
            "passes": 0,
            "thresholds": {
                "rate<0.01": false,
                "rate<=0.05": false
            },
            "value": 0
        },
        "checks": {
            "fails": 0,
            "passes": 134343,
            "value": 0
        },
        "data_received": {
            "count": 23644368,
            "rate": 78804.56600493925
        },
        "data_sent": {
            "count": 15583788,
            "rate": 51939.37304870996
        },
        "http_req_blocked": {
            "avg": 0.0025935329715738513,
            "max": 1.506,
            "med": 0.002,
            "min": 0.001,
            "p(90)": 0.003,
            "p(95)": 0.004
        },
        "http_req_connecting": {
            "avg": 0.00019367588932806326,
            "max": 1.322,
            "med": 0,
            "min": 0,
            "p(90)": 0,
            "p(95)": 0
        },
        "http_req_duration": {
            "avg": 206.58138980817566,
            "max": 2098.763,
            "med": 163.83,
            "min": 10.524,
            "p(90)": 431.2866000000001,
            "p(95)": 511.76279999999997,
            "thresholds": {
                "p(95)<5000": false
            }
        },
        "http_req_receiving": {
            "avg": 0.2511763322242208,
            "max": 53.26,
            "med": 0.045,
            "min": 0.014,
            "p(90)": 0.482,
            "p(95)": 0.73
        },
        "http_req_sending": {
            "avg": 0.014581697594957501,
            "max": 0.483,
            "med": 0.014,
            "min": 0.005,
            "p(90)": 0.018,
            "p(95)": 0.021
        },
        "http_req_tls_handshaking": {
            "avg": 0,
            "max": 0,
            "med": 0,
            "min": 0,
            "p(90)": 0,
            "p(95)": 0
        },
        "http_req_waiting": {
            "avg": 206.31563177835702,
            "max": 2098.507,
            "med": 163.51,
            "min": 10.475,
            "p(90)": 431.0368,
            "p(95)": 511.50459999999987
        },
        "http_reqs": {
            "count": 134343,
            "rate": 447.75321593715483
        },
        "iteration_duration": {
            "avg": 206.67846446838445,
            "max": 2098.848305,
            "med": 163.937587,
            "min": 10.613595,
            "p(90)": 431.36900360000004,
            "p(95)": 511.83355559999995
        },
        "iterations": {
            "count": 134343,
            "rate": 447.75321593715483
        },
        "vus": {
            "max": 100,
            "min": 1,
            "value": 1
        },
        "vus_max": {
            "max": 100,
            "min": 100,
            "value": 100
        }
    },
    "root_group": {
        "name": "",
        "path": "",
        "id": "d41d8cd98f00b204e9800998ecf8427e",
        "groups": {},
        "checks": {
            "status is 200": {
                "name": "status is 200",
                "path": "::status is 200",
                "id": "6210a8cd14cd70477eba5c5e4cb3fb5f",
                "passes": 134343,
                "fails": 0
            }
        }
    }
}
