{
    "metrics": {
        "check_failure_rate": {
            "fails": 83808,
            "passes": 0,
            "thresholds": {
                "rate<0.01": false,
                "rate<=0.05": false
            },
            "value": 0
        },
        "checks": {
            "fails": 0,
            "passes": 83808,
            "value": 0
        },
        "data_received": {
            "count": 14750208,
            "rate": 49159.96355574994
        },
        "data_sent": {
            "count": 9721728,
            "rate": 32400.885070835193
        },
        "http_req_blocked": {
            "avg": 0.002063203990074358,
            "max": 0.901,
            "med": 0.002,
            "min": 0.001,
            "p(90)": 0.002,
            "p(95)": 0.002
        },
        "http_req_connecting": {
            "avg": 0.00024059755631920574,
            "max": 0.325,
            "med": 0,
            "min": 0,
            "p(90)": 0,
            "p(95)": 0
        },
        "http_req_duration": {
            "avg": 331.24621533744113,
            "max": 2459.43,
            "med": 351.0915,
            "min": 10.491,
            "p(90)": 378.811,
            "p(95)": 387.23364999999995,
            "thresholds": {
                "p(95)<5000": false
            }
        },
        "http_req_receiving": {
            "avg": 0.10856995752196959,
            "max": 17.484,
            "med": 0.035,
            "min": 0.021,
            "p(90)": 0.304,
            "p(95)": 0.377
        },
        "http_req_sending": {
            "avg": 0.011352424589529017,
            "max": 1.407,
            "med": 0.011,
            "min": 0.006,
            "p(90)": 0.013,
            "p(95)": 0.014
        },
        "http_req_tls_handshaking": {
            "avg": 0,
            "max": 0,
            "med": 0,
            "min": 0,
            "p(90)": 0,
            "p(95)": 0
        },
        "http_req_waiting": {
            "avg": 331.1262929553255,
            "max": 2459.237,
            "med": 350.97249999999997,
            "min": 10.454,
            "p(90)": 378.707,
            "p(95)": 387.128
        },
        "http_reqs": {
            "count": 83808,
            "rate": 279.3179747485792
        },
        "iteration_duration": {
            "avg": 331.31837509547734,
            "max": 2459.430782,
            "med": 351.164468,
            "min": 10.568816,
            "p(90)": 378.8841957,
            "p(95)": 387.29982005
        },
        "iterations": {
            "count": 83808,
            "rate": 279.3179747485792
        },
        "vus": {
            "max": 100,
            "min": 1,
            "value": 1
        },
        "vus_max": {
            "max": 100,
            "min": 100,
            "value": 100
        }
    },
    "root_group": {
        "name": "",
        "path": "",
        "id": "d41d8cd98f00b204e9800998ecf8427e",
        "groups": {},
        "checks": {
            "status is 200": {
                "name": "status is 200",
                "path": "::status is 200",
                "id": "6210a8cd14cd70477eba5c5e4cb3fb5f",
                "passes": 83808,
                "fails": 0
            }
        }
    }
}
