{
    "metrics": {
        "check_failure_rate": {
            "fails": 50684,
            "passes": 0,
            "thresholds": {
                "rate<0.01": false,
                "rate<=0.05": false
            },
            "value": 0
        },
        "checks": {
            "fails": 0,
            "passes": 50684,
            "value": 0
        },
        "data_received": {
            "count": 8920384,
            "rate": 29730.61971828864
        },
        "data_sent": {
            "count": 5879344,
            "rate": 19595.181177962968
        },
        "http_req_blocked": {
            "avg": 0.0036757359324429387,
            "max": 1.908,
            "med": 0.003,
            "min": 0.001,
            "p(90)": 0.004,
            "p(95)": 0.004
        },
        "http_req_connecting": {
            "avg": 0.0006379922658038038,
            "max": 1.774,
            "med": 0,
            "min": 0,
            "p(90)": 0,
            "p(95)": 0
        },
        "http_req_duration": {
            "avg": 548.1641405177165,
            "max": 2288.125,
            "med": 279.577,
            "min": 12.361,
            "p(90)": 1612.5058000000001,
            "p(95)": 1800.937,
            "thresholds": {
                "p(95)<5000": false
            }
        },
        "http_req_receiving": {
            "avg": 0.32415375660959356,
            "max": 72.844,
            "med": 0.052,
            "min": 0.017,
            "p(90)": 0.391,
            "p(95)": 0.604
        },
        "http_req_sending": {
            "avg": 0.017005307394838062,
            "max": 0.348,
            "med": 0.016,
            "min": 0.007,
            "p(90)": 0.021,
            "p(95)": 0.024
        },
        "http_req_tls_handshaking": {
            "avg": 0,
            "max": 0,
            "med": 0,
            "min": 0,
            "p(90)": 0,
            "p(95)": 0
        },
        "http_req_waiting": {
            "avg": 547.8229814537127,
            "max": 2288.016,
            "med": 279.259,
            "min": 12.056,
            "p(90)": 1612.3447000000003,
            "p(95)": 1800.7938
        },
        "http_reqs": {
            "count": 50684,
            "rate": 168.92397567209454
        },
        "iteration_duration": {
            "avg": 548.2737159467252,
            "max": 2288.24315,
            "med": 279.6985655,
            "min": 12.463123,
            "p(90)": 1612.5974300000003,
            "p(95)": 1801.0159375
        },
        "iterations": {
            "count": 50684,
            "rate": 168.92397567209454
        },
        "vus": {
            "max": 100,
            "min": 1,
            "value": 1
        },
        "vus_max": {
            "max": 100,
            "min": 100,
            "value": 100
        }
    },
    "root_group": {
        "name": "",
        "path": "",
        "id": "d41d8cd98f00b204e9800998ecf8427e",
        "groups": {},
        "checks": {
            "status is 200": {
                "name": "status is 200",
                "path": "::status is 200",
                "id": "6210a8cd14cd70477eba5c5e4cb3fb5f",
                "passes": 50684,
                "fails": 0
            }
        }
    }
}
