{
    "metrics": {
        "check_failure_rate": {
            "fails": 176181,
            "passes": 0,
            "thresholds": {
                "rate<0.01": false,
                "rate<=0.05": false
            },
            "value": 0
        },
        "checks": {
            "fails": 0,
            "passes": 352362,
            "value": 0
        },
        "data_received": {
            "count": 50740128,
            "rate": 169114.3231271286
        },
        "data_sent": {
            "count": 19379910,
            "rate": 64592.2761943894
        },
        "http_req_blocked": {
            "avg": 0.0024001680090373774,
            "max": 0.94,
            "med": 0.002,
            "min": 0.001,
            "p(90)": 0.003,
            "p(95)": 0.003
        },
        "http_req_connecting": {
            "avg": 0.0001581044494014678,
            "max": 0.767,
            "med": 0,
            "min": 0,
            "p(90)": 0,
            "p(95)": 0
        },
        "http_req_duration": {
            "avg": 157.4830987961248,
            "max": 700.848,
            "med": 102.588,
            "min": 3.007,
            "p(90)": 395.973,
            "p(95)": 482.975,
            "thresholds": {
                "p(95)<5000": false
            }
        },
        "http_req_receiving": {
            "avg": 0.2966172345485902,
            "max": 110.019,
            "med": 0.04,
            "min": 0.013,
            "p(90)": 0.536,
            "p(95)": 0.822
        },
        "http_req_sending": {
            "avg": 0.013887899376205383,
            "max": 0.79,
            "med": 0.013,
            "min": 0.005,
            "p(90)": 0.017,
            "p(95)": 0.02
        },
        "http_req_tls_handshaking": {
            "avg": 0,
            "max": 0,
            "med": 0,
            "min": 0,
            "p(90)": 0,
            "p(95)": 0
        },
        "http_req_waiting": {
            "avg": 157.17259366220364,
            "max": 700.803,
            "med": 102.353,
            "min": 2.978,
            "p(90)": 395.755,
            "p(95)": 482.738
        },
        "http_reqs": {
            "count": 176181,
            "rate": 587.2025108580855
        },
        "iteration_duration": {
            "avg": 157.58491457845207,
            "max": 700.947892,
            "med": 102.687486,
            "min": 3.072,
            "p(90)": 396.083036,
            "p(95)": 483.068354
        },
        "iterations": {
            "count": 176181,
            "rate": 587.2025108580855
        },
        "vus": {
            "max": 100,
            "min": 1,
            "value": 1
        },
        "vus_max": {
            "max": 100,
            "min": 100,
            "value": 100
        }
    },
    "root_group": {
        "name": "",
        "path": "",
        "id": "d41d8cd98f00b204e9800998ecf8427e",
        "groups": {},
        "checks": {
            "content is present": {
                "name": "content is present",
                "path": "::content is present",
                "id": "f162f55df55ff1646f977d711ea38a01",
                "passes": 176181,
                "fails": 0
            },
            "status is 200": {
                "name": "status is 200",
                "path": "::status is 200",
                "id": "6210a8cd14cd70477eba5c5e4cb3fb5f",
                "passes": 176181,
                "fails": 0
            }
        }
    }
}
