{
    "metrics": {
        "check_failure_rate": {
            "fails": 117732,
            "passes": 0,
            "thresholds": {
                "rate<0.01": false,
                "rate<=0.05": false
            },
            "value": 0
        },
        "checks": {
            "fails": 0,
            "passes": 235464,
            "value": 0
        },
        "data_received": {
            "count": 33906816,
            "rate": 113008.97509505576
        },
        "data_sent": {
            "count": 12950520,
            "rate": 43163.150209917134
        },
        "http_req_blocked": {
            "avg": 0.0018487242211153992,
            "max": 0.864,
            "med": 0.002,
            "min": 0.001,
            "p(90)": 0.002,
            "p(95)": 0.002
        },
        "http_req_connecting": {
            "avg": 0.0001797302347704957,
            "max": 0.62,
            "med": 0,
            "min": 0,
            "p(90)": 0,
            "p(95)": 0
        },
        "http_req_duration": {
            "avg": 235.77156574253263,
            "max": 1198.312,
            "med": 252.182,
            "min": 3.596,
            "p(90)": 271.785,
            "p(95)": 276.57,
            "thresholds": {
                "p(95)<5000": false
            }
        },
        "http_req_receiving": {
            "avg": 0.09913994495978584,
            "max": 10.95,
            "med": 0.032,
            "min": 0.02,
            "p(90)": 0.286,
            "p(95)": 0.362
        },
        "http_req_sending": {
            "avg": 0.011113350660807465,
            "max": 0.533,
            "med": 0.011,
            "min": 0.006,
            "p(90)": 0.013,
            "p(95)": 0.014
        },
        "http_req_tls_handshaking": {
            "avg": 0,
            "max": 0,
            "med": 0,
            "min": 0,
            "p(90)": 0,
            "p(95)": 0
        },
        "http_req_waiting": {
            "avg": 235.66131244691385,
            "max": 1198.278,
            "med": 252.0685,
            "min": 3.563,
            "p(90)": 271.68190000000004,
            "p(95)": 276.466
        },
        "http_reqs": {
            "count": 117732,
            "rate": 392.3922746356103
        },
        "iteration_duration": {
            "avg": 235.84691597125013,
            "max": 1198.368546,
            "med": 252.25545449999998,
            "min": 3.659286,
            "p(90)": 271.86561470000004,
            "p(95)": 276.64678504999995
        },
        "iterations": {
            "count": 117732,
            "rate": 392.3922746356103
        },
        "vus": {
            "max": 100,
            "min": 1,
            "value": 1
        },
        "vus_max": {
            "max": 100,
            "min": 100,
            "value": 100
        }
    },
    "root_group": {
        "name": "",
        "path": "",
        "id": "d41d8cd98f00b204e9800998ecf8427e",
        "groups": {},
        "checks": {
            "content is present": {
                "name": "content is present",
                "path": "::content is present",
                "id": "f162f55df55ff1646f977d711ea38a01",
                "passes": 117732,
                "fails": 0
            },
            "status is 200": {
                "name": "status is 200",
                "path": "::status is 200",
                "id": "6210a8cd14cd70477eba5c5e4cb3fb5f",
                "passes": 117732,
                "fails": 0
            }
        }
    }
}
