{
    "metrics": {
        "check_failure_rate": {
            "fails": 16769,
            "passes": 0,
            "thresholds": {
                "rate<0.01": false,
                "rate<=0.05": false
            },
            "value": 0
        },
        "checks": {
            "fails": 0,
            "passes": 16769,
            "value": 0
        },
        "data_received": {
            "count": 2917806,
            "rate": 9724.394697084977
        },
        "data_sent": {
            "count": 1945204,
            "rate": 6482.9297980566525
        },
        "http_req_blocked": {
            "avg": 0.0045702188562226215,
            "max": 1.069,
            "med": 0.002,
            "min": 0.001,
            "p(90)": 0.003,
            "p(95)": 0.004
        },
        "http_req_connecting": {
            "avg": 0.0016048064881626811,
            "max": 0.561,
            "med": 0,
            "min": 0,
            "p(90)": 0,
            "p(95)": 0
        },
        "http_req_duration": {
            "avg": 1657.2760028624255,
            "max": 6008.98,
            "med": 1167.845,
            "min": 42.287,
            "p(90)": 4377.715600000002,
            "p(95)": 5338.182399999999,
            "thresholds": {
                "p(95)<5000": true
            }
        },
        "http_req_receiving": {
            "avg": 0.10475210209314657,
            "max": 26.854,
            "med": 0.047,
            "min": 0.017,
            "p(90)": 0.268,
            "p(95)": 0.39059999999999856
        },
        "http_req_sending": {
            "avg": 0.013965650903453657,
            "max": 0.195,
            "med": 0.013,
            "min": 0.006,
            "p(90)": 0.017,
            "p(95)": 0.019
        },
        "http_req_tls_handshaking": {
            "avg": 0,
            "max": 0,
            "med": 0,
            "min": 0,
            "p(90)": 0,
            "p(95)": 0
        },
        "http_req_waiting": {
            "avg": 1657.1572851094313,
            "max": 6008.938,
            "med": 1167.754,
            "min": 42.246,
            "p(90)": 4377.632200000002,
            "p(95)": 5337.584599999999
        },
        "http_reqs": {
            "count": 16769,
            "rate": 55.88732584531597
        },
        "iteration_duration": {
            "avg": 1657.452583363341,
            "max": 6008.918818,
            "med": 1167.953419,
            "min": 42.357533,
            "p(90)": 4377.711372600002,
            "p(95)": 5338.151417599999
        },
        "iterations": {
            "count": 16769,
            "rate": 55.88732584531597
        },
        "vus": {
            "max": 100,
            "min": 1,
            "value": 1
        },
        "vus_max": {
            "max": 100,
            "min": 100,
            "value": 100
        }
    },
    "root_group": {
        "name": "",
        "path": "",
        "id": "d41d8cd98f00b204e9800998ecf8427e",
        "groups": {},
        "checks": {
            "status is 200": {
                "name": "status is 200",
                "path": "::status is 200",
                "id": "6210a8cd14cd70477eba5c5e4cb3fb5f",
                "passes": 16769,
                "fails": 0
            }
        }
    }
}
