{
    "metrics": {
        "check_failure_rate": {
            "fails": 119379,
            "passes": 0,
            "thresholds": {
                "rate<0.01": false,
                "rate<=0.05": false
            },
            "value": 0
        },
        "checks": {
            "fails": 0,
            "passes": 238758,
            "value": 0
        },
        "data_received": {
            "count": 34381152,
            "rate": 114591.11389286144
        },
        "data_sent": {
            "count": 13131690,
            "rate": 43767.43933407902
        },
        "http_req_blocked": {
            "avg": 0.0019787148493490346,
            "max": 12.761,
            "med": 0.002,
            "min": 0.001,
            "p(90)": 0.002,
            "p(95)": 0.002
        },
        "http_req_connecting": {
            "avg": 0.0002954791043650893,
            "max": 12.094,
            "med": 0,
            "min": 0,
            "p(90)": 0,
            "p(95)": 0
        },
        "http_req_duration": {
            "avg": 232.49137360842204,
            "max": 392.375,
            "med": 249.538,
            "min": 3.654,
            "p(90)": 268.3992,
            "p(95)": 273.611,
            "thresholds": {
                "p(95)<5000": false
            }
        },
        "http_req_receiving": {
            "avg": 0.10278291826874536,
            "max": 22.334,
            "med": 0.032,
            "min": 0.017,
            "p(90)": 0.294,
            "p(95)": 0.367
        },
        "http_req_sending": {
            "avg": 0.011074619489174238,
            "max": 0.164,
            "med": 0.011,
            "min": 0.006,
            "p(90)": 0.013,
            "p(95)": 0.014
        },
        "http_req_tls_handshaking": {
            "avg": 0,
            "max": 0,
            "med": 0,
            "min": 0,
            "p(90)": 0,
            "p(95)": 0
        },
        "http_req_waiting": {
            "avg": 232.37751607066738,
            "max": 392.334,
            "med": 249.419,
            "min": 3.612,
            "p(90)": 268.3022,
            "p(95)": 273.487
        },
        "http_reqs": {
            "count": 119379,
            "rate": 397.8858121279911
        },
        "iteration_duration": {
            "avg": 232.56700622581627,
            "max": 392.444533,
            "med": 249.614634,
            "min": 3.715795,
            "p(90)": 268.47605419999996,
            "p(95)": 273.6881067
        },
        "iterations": {
            "count": 119379,
            "rate": 397.8858121279911
        },
        "vus": {
            "max": 100,
            "min": 1,
            "value": 1
        },
        "vus_max": {
            "max": 100,
            "min": 100,
            "value": 100
        }
    },
    "root_group": {
        "name": "",
        "path": "",
        "id": "d41d8cd98f00b204e9800998ecf8427e",
        "groups": {},
        "checks": {
            "content is present": {
                "name": "content is present",
                "path": "::content is present",
                "id": "f162f55df55ff1646f977d711ea38a01",
                "passes": 119379,
                "fails": 0
            },
            "status is 200": {
                "name": "status is 200",
                "path": "::status is 200",
                "id": "6210a8cd14cd70477eba5c5e4cb3fb5f",
                "passes": 119379,
                "fails": 0
            }
        }
    }
}
