{
    "metrics": {
        "check_failure_rate": {
            "fails": 548,
            "passes": 0,
            "thresholds": {
                "rate<0.01": false,
                "rate<=0.05": false
            },
            "value": 0
        },
        "checks": {
            "fails": 0,
            "passes": 548,
            "value": 0
        },
        "data_received": {
            "count": 93160,
            "rate": 303.7074744375277
        },
        "data_sent": {
            "count": 66856,
            "rate": 217.95477577281403
        },
        "http_req_blocked": {
            "avg": 0.018866788321168074,
            "max": 1.017,
            "med": 0.002,
            "min": 0.001,
            "p(90)": 0.003,
            "p(95)": 0.027899999999999862
        },
        "http_req_connecting": {
            "avg": 0.011120437956204382,
            "max": 0.461,
            "med": 0,
            "min": 0,
            "p(90)": 0,
            "p(95)": 0
        },
        "http_req_duration": {
            "avg": 12253.881892335768,
            "max": 15610.48,
            "med": 13119.4745,
            "min": 2152.22,
            "p(90)": 15434.096099999999,
            "p(95)": 15457.024949999999,
            "thresholds": {
                "p(95)<5000": true
            }
        },
        "http_req_receiving": {
            "avg": 0.20462591240875927,
            "max": 15.636,
            "med": 0.065,
            "min": 0.022,
            "p(90)": 0.45030000000000003,
            "p(95)": 0.593
        },
        "http_req_sending": {
            "avg": 0.018301094890510874,
            "max": 0.168,
            "med": 0.012,
            "min": 0.007,
            "p(90)": 0.03130000000000001,
            "p(95)": 0.03929999999999995
        },
        "http_req_tls_handshaking": {
            "avg": 0,
            "max": 0,
            "med": 0,
            "min": 0,
            "p(90)": 0,
            "p(95)": 0
        },
        "http_req_waiting": {
            "avg": 12253.65896532847,
            "max": 15610.035,
            "med": 13118.9225,
            "min": 2152.11,
            "p(90)": 15433.9898,
            "p(95)": 15456.6856
        },
        "http_reqs": {
            "count": 548,
            "rate": 1.786514555514869
        },
        "iteration_duration": {
            "avg": 12253.6532750146,
            "max": 15610.205177,
            "med": 13119.226424,
            "min": 2152.573091,
            "p(90)": 15433.742601900001,
            "p(95)": 15456.7145553
        },
        "iterations": {
            "count": 548,
            "rate": 1.786514555514869
        },
        "vus": {
            "max": 25,
            "min": 1,
            "value": 1
        },
        "vus_max": {
            "max": 25,
            "min": 25,
            "value": 25
        }
    },
    "root_group": {
        "name": "",
        "path": "",
        "id": "d41d8cd98f00b204e9800998ecf8427e",
        "groups": {},
        "checks": {
            "status is 200": {
                "name": "status is 200",
                "path": "::status is 200",
                "id": "6210a8cd14cd70477eba5c5e4cb3fb5f",
                "passes": 548,
                "fails": 0
            }
        }
    }
}
