{
    "metrics": {
        "check_failure_rate": {
            "fails": 83939,
            "passes": 0,
            "thresholds": {
                "rate<0.01": false,
                "rate<=0.05": false
            },
            "value": 0
        },
        "checks": {
            "fails": 0,
            "passes": 83939,
            "value": 0
        },
        "data_received": {
            "count": 14773264,
            "rate": 49234.17546963858
        },
        "data_sent": {
            "count": 9736924,
            "rate": 32449.797468625427
        },
        "http_req_blocked": {
            "avg": 0.0020705512336358332,
            "max": 0.91,
            "med": 0.002,
            "min": 0.001,
            "p(90)": 0.002,
            "p(95)": 0.003
        },
        "http_req_connecting": {
            "avg": 0.0002443560204434173,
            "max": 0.297,
            "med": 0,
            "min": 0,
            "p(90)": 0,
            "p(95)": 0
        },
        "http_req_duration": {
            "avg": 330.7027396085307,
            "max": 2617.97,
            "med": 350.755,
            "min": 10.311,
            "p(90)": 381.477,
            "p(95)": 388.7142,
            "thresholds": {
                "p(95)<5000": false
            }
        },
        "http_req_receiving": {
            "avg": 0.10758430526931181,
            "max": 34.674,
            "med": 0.036,
            "min": 0.021,
            "p(90)": 0.297,
            "p(95)": 0.372
        },
        "http_req_sending": {
            "avg": 0.011466755620143364,
            "max": 0.278,
            "med": 0.011,
            "min": 0.006,
            "p(90)": 0.013,
            "p(95)": 0.014
        },
        "http_req_tls_handshaking": {
            "avg": 0,
            "max": 0,
            "med": 0,
            "min": 0,
            "p(90)": 0,
            "p(95)": 0
        },
        "http_req_waiting": {
            "avg": 330.58368854763734,
            "max": 2617.922,
            "med": 350.63,
            "min": 10.264,
            "p(90)": 381.3772,
            "p(95)": 388.555
        },
        "http_reqs": {
            "count": 83939,
            "rate": 279.7396333502192
        },
        "iteration_duration": {
            "avg": 330.7968489082414,
            "max": 2617.982192,
            "med": 350.845228,
            "min": 10.393294,
            "p(90)": 381.59194560000003,
            "p(95)": 388.833922
        },
        "iterations": {
            "count": 83939,
            "rate": 279.7396333502192
        },
        "vus": {
            "max": 100,
            "min": 1,
            "value": 1
        },
        "vus_max": {
            "max": 100,
            "min": 100,
            "value": 100
        }
    },
    "root_group": {
        "name": "",
        "path": "",
        "id": "d41d8cd98f00b204e9800998ecf8427e",
        "groups": {},
        "checks": {
            "status is 200": {
                "name": "status is 200",
                "path": "::status is 200",
                "id": "6210a8cd14cd70477eba5c5e4cb3fb5f",
                "passes": 83939,
                "fails": 0
            }
        }
    }
}
