{
    "metrics": {
        "check_failure_rate": {
            "fails": 17425,
            "passes": 0,
            "thresholds": {
                "rate<0.01": false,
                "rate<=0.05": false
            },
            "value": 0
        },
        "checks": {
            "fails": 0,
            "passes": 17425,
            "value": 0
        },
        "data_received": {
            "count": 3031950,
            "rate": 10104.364880338351
        },
        "data_sent": {
            "count": 2021300,
            "rate": 6736.2432535589005
        },
        "http_req_blocked": {
            "avg": 0.004024964131994887,
            "max": 0.829,
            "med": 0.002,
            "min": 0.001,
            "p(90)": 0.003,
            "p(95)": 0.003
        },
        "http_req_connecting": {
            "avg": 0.0012581922525107601,
            "max": 0.477,
            "med": 0,
            "min": 0,
            "p(90)": 0,
            "p(95)": 0
        },
        "http_req_duration": {
            "avg": 1599.324359483495,
            "max": 9299.327,
            "med": 1110.788,
            "min": 43.006,
            "p(90)": 3709.5766000000003,
            "p(95)": 4542.5416,
            "thresholds": {
                "p(95)<5000": false
            }
        },
        "http_req_receiving": {
            "avg": 0.09929199426111746,
            "max": 5.894,
            "med": 0.045,
            "min": 0.02,
            "p(90)": 0.262,
            "p(95)": 0.383
        },
        "http_req_sending": {
            "avg": 0.013901578192253274,
            "max": 0.237,
            "med": 0.013,
            "min": 0.006,
            "p(90)": 0.017,
            "p(95)": 0.019
        },
        "http_req_tls_handshaking": {
            "avg": 0,
            "max": 0,
            "med": 0,
            "min": 0,
            "p(90)": 0,
            "p(95)": 0
        },
        "http_req_waiting": {
            "avg": 1599.2111659110444,
            "max": 9299.117,
            "med": 1110.683,
            "min": 42.962,
            "p(90)": 3709.4256,
            "p(95)": 4542.473599999999
        },
        "http_reqs": {
            "count": 17425,
            "rate": 58.07106253068018
        },
        "iteration_duration": {
            "avg": 1599.3859941572427,
            "max": 9299.147106,
            "med": 1110.863746,
            "min": 43.097576,
            "p(90)": 3709.5704452000004,
            "p(95)": 4542.5218056
        },
        "iterations": {
            "count": 17425,
            "rate": 58.07106253068018
        },
        "vus": {
            "max": 100,
            "min": 1,
            "value": 1
        },
        "vus_max": {
            "max": 100,
            "min": 100,
            "value": 100
        }
    },
    "root_group": {
        "name": "",
        "path": "",
        "id": "d41d8cd98f00b204e9800998ecf8427e",
        "groups": {},
        "checks": {
            "status is 200": {
                "name": "status is 200",
                "path": "::status is 200",
                "id": "6210a8cd14cd70477eba5c5e4cb3fb5f",
                "passes": 17425,
                "fails": 0
            }
        }
    }
}
