{
    "metrics": {
        "check_failure_rate": {
            "fails": 3290,
            "passes": 0,
            "thresholds": {
                "rate<0.01": false,
                "rate<=0.05": false
            },
            "value": 0
        },
        "checks": {
            "fails": 0,
            "passes": 3290,
            "value": 0
        },
        "data_received": {
            "count": 562590,
            "rate": 1873.5673561351687
        },
        "data_sent": {
            "count": 368480,
            "rate": 1227.1318355973035
        },
        "http_req_blocked": {
            "avg": 0.004587841945289052,
            "max": 1.92,
            "med": 0.002,
            "min": 0.001,
            "p(90)": 0.002,
            "p(95)": 0.003
        },
        "http_req_connecting": {
            "avg": 0.0017778115501519756,
            "max": 1.039,
            "med": 0,
            "min": 0,
            "p(90)": 0,
            "p(95)": 0
        },
        "http_req_duration": {
            "avg": 2006.3782802431658,
            "max": 3809.412,
            "med": 2205.502,
            "min": 326.006,
            "p(90)": 3091.242,
            "p(95)": 3508.665649999999,
            "thresholds": {
                "p(95)<5000": false
            }
        },
        "http_req_receiving": {
            "avg": 0.1619148936170206,
            "max": 4.5,
            "med": 0.048,
            "min": 0.022,
            "p(90)": 0.413,
            "p(95)": 0.4810999999999994
        },
        "http_req_sending": {
            "avg": 0.01322857142857169,
            "max": 0.13,
            "med": 0.012,
            "min": 0.007,
            "p(90)": 0.014,
            "p(95)": 0.021
        },
        "http_req_tls_handshaking": {
            "avg": 0,
            "max": 0,
            "med": 0,
            "min": 0,
            "p(90)": 0,
            "p(95)": 0
        },
        "http_req_waiting": {
            "avg": 2006.2031367781115,
            "max": 3809.363,
            "med": 2205.4224999999997,
            "min": 325.943,
            "p(90)": 3091.1892000000003,
            "p(95)": 3508.612799999999
        },
        "http_reqs": {
            "count": 3290,
            "rate": 10.956534246404495
        },
        "iteration_duration": {
            "avg": 2006.520458060789,
            "max": 3809.38388,
            "med": 2205.525358,
            "min": 326.084859,
            "p(90)": 3091.2525732,
            "p(95)": 3508.653143299999
        },
        "iterations": {
            "count": 3290,
            "rate": 10.956534246404495
        },
        "vus": {
            "max": 25,
            "min": 1,
            "value": 1
        },
        "vus_max": {
            "max": 25,
            "min": 25,
            "value": 25
        }
    },
    "root_group": {
        "name": "",
        "path": "",
        "id": "d41d8cd98f00b204e9800998ecf8427e",
        "groups": {},
        "checks": {
            "status is 200": {
                "name": "status is 200",
                "path": "::status is 200",
                "id": "6210a8cd14cd70477eba5c5e4cb3fb5f",
                "passes": 3290,
                "fails": 0
            }
        }
    }
}
