{
    "metrics": {
        "check_failure_rate": {
            "fails": 3229,
            "passes": 0,
            "thresholds": {
                "rate<0.01": false,
                "rate<=0.05": false
            },
            "value": 0
        },
        "checks": {
            "fails": 0,
            "passes": 3229,
            "value": 0
        },
        "data_received": {
            "count": 552159,
            "rate": 1839.4794732728137
        },
        "data_sent": {
            "count": 361648,
            "rate": 1204.805269044182
        },
        "http_req_blocked": {
            "avg": 0.004673892846082711,
            "max": 1.298,
            "med": 0.002,
            "min": 0.001,
            "p(90)": 0.003,
            "p(95)": 0.003
        },
        "http_req_connecting": {
            "avg": 0.001733044286156705,
            "max": 0.548,
            "med": 0,
            "min": 0,
            "p(90)": 0,
            "p(95)": 0
        },
        "http_req_duration": {
            "avg": 2044.6054177763965,
            "max": 4829.908,
            "med": 1859.318,
            "min": 329.321,
            "p(90)": 3708.3546,
            "p(95)": 4187.774199999998,
            "thresholds": {
                "p(95)<5000": false
            }
        },
        "http_req_receiving": {
            "avg": 0.2029708888200673,
            "max": 4.956,
            "med": 0.087,
            "min": 0.024,
            "p(90)": 0.45020000000000027,
            "p(95)": 0.522
        },
        "http_req_sending": {
            "avg": 0.013433261071539323,
            "max": 0.128,
            "med": 0.012,
            "min": 0.007,
            "p(90)": 0.015,
            "p(95)": 0.018
        },
        "http_req_tls_handshaking": {
            "avg": 0,
            "max": 0,
            "med": 0,
            "min": 0,
            "p(90)": 0,
            "p(95)": 0
        },
        "http_req_waiting": {
            "avg": 2044.3890136265054,
            "max": 4829.855,
            "med": 1858.949,
            "min": 329.273,
            "p(90)": 3708.2970000000005,
            "p(95)": 4187.583399999999
        },
        "http_reqs": {
            "count": 3229,
            "rate": 10.757189902180198
        },
        "iteration_duration": {
            "avg": 2044.6484971176844,
            "max": 4829.853132,
            "med": 1859.375454,
            "min": 329.415653,
            "p(90)": 3708.3407588000005,
            "p(95)": 4187.751888799998
        },
        "iterations": {
            "count": 3229,
            "rate": 10.757189902180198
        },
        "vus": {
            "max": 25,
            "min": 1,
            "value": 1
        },
        "vus_max": {
            "max": 25,
            "min": 25,
            "value": 25
        }
    },
    "root_group": {
        "name": "",
        "path": "",
        "id": "d41d8cd98f00b204e9800998ecf8427e",
        "groups": {},
        "checks": {
            "status is 200": {
                "name": "status is 200",
                "path": "::status is 200",
                "id": "6210a8cd14cd70477eba5c5e4cb3fb5f",
                "passes": 3229,
                "fails": 0
            }
        }
    }
}
