{
    "metrics": {
        "check_failure_rate": {
            "fails": 717,
            "passes": 0,
            "thresholds": {
                "rate<0.01": false,
                "rate<=0.05": false
            },
            "value": 0
        },
        "checks": {
            "fails": 0,
            "passes": 717,
            "value": 0
        },
        "data_received": {
            "count": 122607,
            "rate": 405.9710548700607
        },
        "data_sent": {
            "count": 80304,
            "rate": 265.8991704412093
        },
        "http_req_blocked": {
            "avg": 0.014463040446304363,
            "max": 1.023,
            "med": 0.002,
            "min": 0.001,
            "p(90)": 0.003,
            "p(95)": 0.005
        },
        "http_req_connecting": {
            "avg": 0.008133891213389123,
            "max": 0.426,
            "med": 0,
            "min": 0,
            "p(90)": 0,
            "p(95)": 0
        },
        "http_req_duration": {
            "avg": 9291.034228730827,
            "max": 15474.613,
            "med": 9805.023,
            "min": 359.438,
            "p(90)": 13484.7016,
            "p(95)": 14280.9306,
            "thresholds": {
                "p(95)<5000": true
            }
        },
        "http_req_receiving": {
            "avg": 0.6586331938633184,
            "max": 85.378,
            "med": 0.048,
            "min": 0.027,
            "p(90)": 0.28679999999999994,
            "p(95)": 0.444
        },
        "http_req_sending": {
            "avg": 0.016075313807531317,
            "max": 0.108,
            "med": 0.014,
            "min": 0.009,
            "p(90)": 0.019,
            "p(95)": 0.03
        },
        "http_req_tls_handshaking": {
            "avg": 0,
            "max": 0,
            "med": 0,
            "min": 0,
            "p(90)": 0,
            "p(95)": 0
        },
        "http_req_waiting": {
            "avg": 9290.359520223155,
            "max": 15474.554,
            "med": 9804.961,
            "min": 359.387,
            "p(90)": 13484.6358,
            "p(95)": 14280.831400000001
        },
        "http_reqs": {
            "count": 717,
            "rate": 2.374099736082226
        },
        "iteration_duration": {
            "avg": 9290.883393972106,
            "max": 15474.259432,
            "med": 9804.842096,
            "min": 359.520557,
            "p(90)": 13484.404787,
            "p(95)": 14280.6117872
        },
        "iterations": {
            "count": 717,
            "rate": 2.374099736082226
        },
        "vus": {
            "max": 25,
            "min": 0,
            "value": 0
        },
        "vus_max": {
            "max": 25,
            "min": 25,
            "value": 25
        }
    },
    "root_group": {
        "name": "",
        "path": "",
        "id": "d41d8cd98f00b204e9800998ecf8427e",
        "groups": {},
        "checks": {
            "status is 200": {
                "name": "status is 200",
                "path": "::status is 200",
                "id": "6210a8cd14cd70477eba5c5e4cb3fb5f",
                "passes": 717,
                "fails": 0
            }
        }
    }
}
