{
    "metrics": {
        "check_failure_rate": {
            "fails": 9656,
            "passes": 1,
            "thresholds": {
                "rate<0.01": false,
                "rate<=0.05": false
            },
            "value": 0
        },
        "checks": {
            "fails": 1,
            "passes": 9656,
            "value": 0
        },
        "data_received": {
            "count": 1680255,
            "rate": 5529.542731098008
        },
        "data_sent": {
            "count": 1120212,
            "rate": 3686.5000383208267
        },
        "http_req_blocked": {
            "avg": 0.007582168375271599,
            "max": 0.919,
            "med": 0.002,
            "min": 0.001,
            "p(90)": 0.003,
            "p(95)": 0.004
        },
        "http_req_connecting": {
            "avg": 0.003678575126850989,
            "max": 0.551,
            "med": 0,
            "min": 0,
            "p(90)": 0,
            "p(95)": 0
        },
        "http_req_duration": {
            "avg": 2917.6079349694514,
            "max": 18405.801,
            "med": 1289.942,
            "min": 45.114,
            "p(90)": 6778.8628,
            "p(95)": 12071.4138,
            "thresholds": {
                "p(95)<5000": true
            }
        },
        "http_req_receiving": {
            "avg": 0.2207624521072786,
            "max": 65.955,
            "med": 0.047,
            "min": 0.021,
            "p(90)": 0.144,
            "p(95)": 0.318
        },
        "http_req_sending": {
            "avg": 0.015346380863622553,
            "max": 0.19,
            "med": 0.014,
            "min": 0.006,
            "p(90)": 0.019,
            "p(95)": 0.022
        },
        "http_req_tls_handshaking": {
            "avg": 0,
            "max": 0,
            "med": 0,
            "min": 0,
            "p(90)": 0,
            "p(95)": 0
        },
        "http_req_waiting": {
            "avg": 2917.3718261364857,
            "max": 18405.617,
            "med": 1289.597,
            "min": 45.063,
            "p(90)": 6778.715399999999,
            "p(95)": 12071.3506
        },
        "http_reqs": {
            "count": 9657,
            "rate": 31.78017274414506
        },
        "iteration_duration": {
            "avg": 2917.64166156002,
            "max": 18405.345263,
            "med": 1289.997197,
            "min": 45.233908,
            "p(90)": 6778.822231599999,
            "p(95)": 12071.156952799998
        },
        "iterations": {
            "count": 9657,
            "rate": 31.78017274414506
        },
        "vus": {
            "max": 100,
            "min": 4,
            "value": 18
        },
        "vus_max": {
            "max": 100,
            "min": 100,
            "value": 100
        }
    },
    "root_group": {
        "name": "",
        "path": "",
        "id": "d41d8cd98f00b204e9800998ecf8427e",
        "groups": {},
        "checks": {
            "status is 200": {
                "name": "status is 200",
                "path": "::status is 200",
                "id": "6210a8cd14cd70477eba5c5e4cb3fb5f",
                "passes": 9656,
                "fails": 1
            }
        }
    }
}
