{
    "metrics": {
        "check_failure_rate": {
            "fails": 27417,
            "passes": 0,
            "thresholds": {
                "rate<0.01": false,
                "rate<=0.05": false
            },
            "value": 0
        },
        "checks": {
            "fails": 0,
            "passes": 27417,
            "value": 0
        },
        "data_received": {
            "count": 4770558,
            "rate": 15889.663570932858
        },
        "data_sent": {
            "count": 3152955,
            "rate": 10501.789141708497
        },
        "http_req_blocked": {
            "avg": 0.0036892074260484126,
            "max": 1.942,
            "med": 0.002,
            "min": 0.001,
            "p(90)": 0.003,
            "p(95)": 0.003
        },
        "http_req_connecting": {
            "avg": 0.001338257285625706,
            "max": 1.838,
            "med": 0,
            "min": 0,
            "p(90)": 0,
            "p(95)": 0
        },
        "http_req_duration": {
            "avg": 1013.5171762410146,
            "max": 8552.753,
            "med": 1073.914,
            "min": 197.494,
            "p(90)": 1277.7002,
            "p(95)": 1333.7581999999998,
            "thresholds": {
                "p(95)<5000": false
            }
        },
        "http_req_receiving": {
            "avg": 0.0975596527701767,
            "max": 25.332,
            "med": 0.043,
            "min": 0.015,
            "p(90)": 0.257,
            "p(95)": 0.357
        },
        "http_req_sending": {
            "avg": 0.01266068497647443,
            "max": 2.051,
            "med": 0.012,
            "min": 0.006,
            "p(90)": 0.015,
            "p(95)": 0.016
        },
        "http_req_tls_handshaking": {
            "avg": 0,
            "max": 0,
            "med": 0,
            "min": 0,
            "p(90)": 0,
            "p(95)": 0
        },
        "http_req_waiting": {
            "avg": 1013.4069559032664,
            "max": 8552.679,
            "med": 1073.861,
            "min": 197.432,
            "p(90)": 1277.5916,
            "p(95)": 1333.4859999999992
        },
        "http_reqs": {
            "count": 27417,
            "rate": 91.3199055800739
        },
        "iteration_duration": {
            "avg": 1013.5906725205974,
            "max": 8552.65222,
            "med": 1073.990316,
            "min": 197.588712,
            "p(90)": 1277.7607576,
            "p(95)": 1333.8025747999998
        },
        "iterations": {
            "count": 27417,
            "rate": 91.3199055800739
        },
        "vus": {
            "max": 100,
            "min": 1,
            "value": 1
        },
        "vus_max": {
            "max": 100,
            "min": 100,
            "value": 100
        }
    },
    "root_group": {
        "name": "",
        "path": "",
        "id": "d41d8cd98f00b204e9800998ecf8427e",
        "groups": {},
        "checks": {
            "status is 200": {
                "name": "status is 200",
                "path": "::status is 200",
                "id": "6210a8cd14cd70477eba5c5e4cb3fb5f",
                "passes": 27417,
                "fails": 0
            }
        }
    }
}
