{
    "metrics": {
        "check_failure_rate": {
            "fails": 12009,
            "passes": 0,
            "thresholds": {
                "rate<0.01": false,
                "rate<=0.05": false
            },
            "value": 0
        },
        "checks": {
            "fails": 0,
            "passes": 24018,
            "value": 0
        },
        "data_received": {
            "count": 2437827,
            "rate": 8125.298595916757
        },
        "data_sent": {
            "count": 899293965,
            "rate": 2997354.6076612137
        },
        "http_req_blocked": {
            "avg": 0.004860188192189515,
            "max": 6.706,
            "med": 0.003,
            "min": 0.001,
            "p(90)": 0.004,
            "p(95)": 0.005
        },
        "http_req_connecting": {
            "avg": 0.0013968690149054872,
            "max": 6.577,
            "med": 0,
            "min": 0,
            "p(90)": 0,
            "p(95)": 0
        },
        "http_req_duration": {
            "avg": 1093.5901000916026,
            "max": 2276.294,
            "med": 1241.013,
            "min": 23.034,
            "p(90)": 1391.6004,
            "p(95)": 1436.7014000000001,
            "thresholds": {
                "p(95)<5000": false
            }
        },
        "http_req_receiving": {
            "avg": 0.13042185027895972,
            "max": 31.141,
            "med": 0.05,
            "min": 0.023,
            "p(90)": 0.332,
            "p(95)": 0.5236000000000004
        },
        "http_req_sending": {
            "avg": 0.16868373719710125,
            "max": 4.255,
            "med": 0.161,
            "min": 0.089,
            "p(90)": 0.21,
            "p(95)": 0.232
        },
        "http_req_tls_handshaking": {
            "avg": 0,
            "max": 0,
            "med": 0,
            "min": 0,
            "p(90)": 0,
            "p(95)": 0
        },
        "http_req_waiting": {
            "avg": 1093.2909945041222,
            "max": 2276.119,
            "med": 1240.653,
            "min": 22.857,
            "p(90)": 1391.2558,
            "p(95)": 1436.1966
        },
        "http_reqs": {
            "count": 12009,
            "rate": 40.02610145771802
        },
        "iteration_duration": {
            "avg": 1094.7039330400576,
            "max": 2277.423281,
            "med": 1242.184338,
            "min": 24.132388,
            "p(90)": 1392.8530436,
            "p(95)": 1437.8857312000002
        },
        "iterations": {
            "count": 12009,
            "rate": 40.02610145771802
        },
        "vus": {
            "max": 50,
            "min": 1,
            "value": 1
        },
        "vus_max": {
            "max": 50,
            "min": 50,
            "value": 50
        }
    },
    "root_group": {
        "name": "",
        "path": "",
        "id": "d41d8cd98f00b204e9800998ecf8427e",
        "groups": {},
        "checks": {
            "content is present": {
                "name": "content is present",
                "path": "::content is present",
                "id": "f162f55df55ff1646f977d711ea38a01",
                "passes": 12009,
                "fails": 0
            },
            "status is 200": {
                "name": "status is 200",
                "path": "::status is 200",
                "id": "6210a8cd14cd70477eba5c5e4cb3fb5f",
                "passes": 12009,
                "fails": 0
            }
        }
    }
}
