{
    "metrics": {
        "check_failure_rate": {
            "fails": 884,
            "passes": 0,
            "thresholds": {
                "rate<0.01": false,
                "rate<=0.05": false
            },
            "value": 0
        },
        "checks": {
            "fails": 0,
            "passes": 884,
            "value": 0
        },
        "data_received": {
            "count": 151164,
            "rate": 503.45237091249606
        },
        "data_sent": {
            "count": 98124,
            "rate": 326.8024162063571
        },
        "http_req_blocked": {
            "avg": 0.010473981900452711,
            "max": 0.828,
            "med": 0.002,
            "min": 0.001,
            "p(90)": 0.002,
            "p(95)": 0.005
        },
        "http_req_connecting": {
            "avg": 0.0056357466063348405,
            "max": 0.358,
            "med": 0,
            "min": 0,
            "p(90)": 0,
            "p(95)": 0
        },
        "http_req_duration": {
            "avg": 7479.948183257918,
            "max": 9972.887,
            "med": 8342.904999999999,
            "min": 330.065,
            "p(90)": 8963.135,
            "p(95)": 9151.91655,
            "thresholds": {
                "p(95)<5000": true
            }
        },
        "http_req_receiving": {
            "avg": 0.09665158371040748,
            "max": 1.424,
            "med": 0.051,
            "min": 0.024,
            "p(90)": 0.2024000000000001,
            "p(95)": 0.39979999999999927
        },
        "http_req_sending": {
            "avg": 0.014116515837103919,
            "max": 0.111,
            "med": 0.011,
            "min": 0.009,
            "p(90)": 0.02480000000000018,
            "p(95)": 0.034
        },
        "http_req_tls_handshaking": {
            "avg": 0,
            "max": 0,
            "med": 0,
            "min": 0,
            "p(90)": 0,
            "p(95)": 0
        },
        "http_req_waiting": {
            "avg": 7479.837415158361,
            "max": 9972.839,
            "med": 8342.765500000001,
            "min": 330.001,
            "p(90)": 8963.0732,
            "p(95)": 9151.867699999999
        },
        "http_reqs": {
            "count": 884,
            "rate": 2.944165911768983
        },
        "iteration_duration": {
            "avg": 7479.848072616519,
            "max": 9972.677002,
            "med": 8342.744332,
            "min": 330.153071,
            "p(90)": 8962.973151000002,
            "p(95)": 9151.730225149999
        },
        "iterations": {
            "count": 884,
            "rate": 2.944165911768983
        },
        "vus": {
            "max": 25,
            "min": 1,
            "value": 1
        },
        "vus_max": {
            "max": 25,
            "min": 25,
            "value": 25
        }
    },
    "root_group": {
        "name": "",
        "path": "",
        "id": "d41d8cd98f00b204e9800998ecf8427e",
        "groups": {},
        "checks": {
            "status is 200": {
                "name": "status is 200",
                "path": "::status is 200",
                "id": "6210a8cd14cd70477eba5c5e4cb3fb5f",
                "passes": 884,
                "fails": 0
            }
        }
    }
}
