{
    "metrics": {
        "check_failure_rate": {
            "fails": 29848,
            "passes": 0,
            "thresholds": {
                "rate<0.01": false,
                "rate<=0.05": false
            },
            "value": 0
        },
        "checks": {
            "fails": 0,
            "passes": 59696,
            "value": 0
        },
        "data_received": {
            "count": 8596224,
            "rate": 28651.854801449936
        },
        "data_sent": {
            "count": 3253432,
            "rate": 10843.931157493205
        },
        "http_req_blocked": {
            "avg": 0.004965123291341413,
            "max": 9.233,
            "med": 0.002,
            "min": 0.001,
            "p(90)": 0.004,
            "p(95)": 0.005
        },
        "http_req_connecting": {
            "avg": 0.0014039466630930049,
            "max": 0.766,
            "med": 0,
            "min": 0,
            "p(90)": 0,
            "p(95)": 0
        },
        "http_req_duration": {
            "avg": 930.8822845081729,
            "max": 4097.078,
            "med": 890.1514999999999,
            "min": 4.238,
            "p(90)": 1697.5894,
            "p(95)": 1904.20675,
            "thresholds": {
                "p(95)<5000": false
            }
        },
        "http_req_receiving": {
            "avg": 0.6439554409005747,
            "max": 109.166,
            "med": 0.045,
            "min": 0.014,
            "p(90)": 0.305,
            "p(95)": 0.563
        },
        "http_req_sending": {
            "avg": 0.016456982042346715,
            "max": 1.833,
            "med": 0.015,
            "min": 0.005,
            "p(90)": 0.022,
            "p(95)": 0.025
        },
        "http_req_tls_handshaking": {
            "avg": 0,
            "max": 0,
            "med": 0,
            "min": 0,
            "p(90)": 0,
            "p(95)": 0
        },
        "http_req_waiting": {
            "avg": 930.2218720852325,
            "max": 4097.009,
            "med": 889.902,
            "min": 4.204,
            "p(90)": 1697.3516,
            "p(95)": 1904.0109499999999
        },
        "http_reqs": {
            "count": 29848,
            "rate": 99.48560694947895
        },
        "iteration_duration": {
            "avg": 931.0851479758832,
            "max": 4097.110117,
            "med": 890.433532,
            "min": 4.317507,
            "p(90)": 1697.7161584,
            "p(95)": 1904.2995006
        },
        "iterations": {
            "count": 29848,
            "rate": 99.48560694947895
        },
        "vus": {
            "max": 100,
            "min": 1,
            "value": 1
        },
        "vus_max": {
            "max": 100,
            "min": 100,
            "value": 100
        }
    },
    "root_group": {
        "name": "",
        "path": "",
        "id": "d41d8cd98f00b204e9800998ecf8427e",
        "groups": {},
        "checks": {
            "content is present": {
                "name": "content is present",
                "path": "::content is present",
                "id": "f162f55df55ff1646f977d711ea38a01",
                "passes": 29848,
                "fails": 0
            },
            "status is 200": {
                "name": "status is 200",
                "path": "::status is 200",
                "id": "6210a8cd14cd70477eba5c5e4cb3fb5f",
                "passes": 29848,
                "fails": 0
            }
        }
    }
}
