{
    "metrics": {
        "check_failure_rate": {
            "fails": 4023,
            "passes": 32,
            "thresholds": {
                "rate<0.01": false,
                "rate<=0.05": false
            },
            "value": 0
        },
        "checks": {
            "fails": 32,
            "passes": 4023,
            "value": 0
        },
        "data_received": {
            "count": 814803,
            "rate": 2619.1237917551985
        },
        "data_sent": {
            "count": 466325,
            "rate": 1498.9671149839198
        },
        "http_req_blocked": {
            "avg": 0.006298890258939089,
            "max": 0.79,
            "med": 0.002,
            "min": 0.001,
            "p(90)": 0.003,
            "p(95)": 0.004
        },
        "http_req_connecting": {
            "avg": 0.002797040690505549,
            "max": 0.475,
            "med": 0,
            "min": 0,
            "p(90)": 0,
            "p(95)": 0
        },
        "http_req_duration": {
            "avg": 3354.560851541306,
            "max": 60010.816,
            "med": 2992.74,
            "min": 761.233,
            "p(90)": 4041.5796,
            "p(95)": 4452.8069000000005,
            "thresholds": {
                "p(95)<5000": false
            }
        },
        "http_req_receiving": {
            "avg": 0.08239013563501857,
            "max": 1.877,
            "med": 0.048,
            "min": 0,
            "p(90)": 0.1725999999999999,
            "p(95)": 0.30429999999999974
        },
        "http_req_sending": {
            "avg": 0.014662885326757314,
            "max": 0.15,
            "med": 0.013,
            "min": 0.007,
            "p(90)": 0.017,
            "p(95)": 0.021
        },
        "http_req_tls_handshaking": {
            "avg": 0,
            "max": 0,
            "med": 0,
            "min": 0,
            "p(90)": 0,
            "p(95)": 0
        },
        "http_req_waiting": {
            "avg": 3354.46379852034,
            "max": 60010.803,
            "med": 2992.659,
            "min": 761.178,
            "p(90)": 4041.5278,
            "p(95)": 4452.721500000001
        },
        "http_reqs": {
            "count": 4055,
            "rate": 13.034496652034086
        },
        "iteration_duration": {
            "avg": 3354.9625738372374,
            "max": 60010.514058,
            "med": 2993.544651,
            "min": 761.339797,
            "p(90)": 4041.5497047999997,
            "p(95)": 4453.082915999999
        },
        "iterations": {
            "count": 4055,
            "rate": 13.034496652034086
        },
        "vus": {
            "max": 50,
            "min": 1,
            "value": 3
        },
        "vus_max": {
            "max": 50,
            "min": 50,
            "value": 50
        }
    },
    "root_group": {
        "name": "",
        "path": "",
        "id": "d41d8cd98f00b204e9800998ecf8427e",
        "groups": {},
        "checks": {
            "status is 200": {
                "name": "status is 200",
                "path": "::status is 200",
                "id": "6210a8cd14cd70477eba5c5e4cb3fb5f",
                "passes": 4023,
                "fails": 32
            }
        }
    }
}
