{
    "metrics": {
        "check_failure_rate": {
            "fails": 2300,
            "passes": 3,
            "thresholds": {
                "rate<0.01": false,
                "rate<=0.05": false
            },
            "value": 0
        },
        "checks": {
            "fails": 3,
            "passes": 2300,
            "value": 0
        },
        "data_received": {
            "count": 466494,
            "rate": 1550.896917497709
        },
        "data_sent": {
            "count": 264845,
            "rate": 880.4985575691878
        },
        "http_req_blocked": {
            "avg": 0.009405557967867545,
            "max": 0.994,
            "med": 0.002,
            "min": 0.001,
            "p(90)": 0.003,
            "p(95)": 0.004
        },
        "http_req_connecting": {
            "avg": 0.004907946157186279,
            "max": 0.476,
            "med": 0,
            "min": 0,
            "p(90)": 0,
            "p(95)": 0
        },
        "http_req_duration": {
            "avg": 5760.830429005644,
            "max": 60010.37,
            "med": 6088.089,
            "min": 802.107,
            "p(90)": 7613.2008000000005,
            "p(95)": 7953.5532,
            "thresholds": {
                "p(95)<5000": true
            }
        },
        "http_req_receiving": {
            "avg": 0.07307121146330907,
            "max": 1.309,
            "med": 0.047,
            "min": 0,
            "p(90)": 0.10780000000000019,
            "p(95)": 0.2279000000000001
        },
        "http_req_sending": {
            "avg": 0.015201910551454874,
            "max": 0.125,
            "med": 0.013,
            "min": 0.01,
            "p(90)": 0.018,
            "p(95)": 0.029
        },
        "http_req_tls_handshaking": {
            "avg": 0,
            "max": 0,
            "med": 0,
            "min": 0,
            "p(90)": 0,
            "p(95)": 0
        },
        "http_req_waiting": {
            "avg": 5760.742155883629,
            "max": 60010.357,
            "med": 6088.031,
            "min": 802.01,
            "p(90)": 7613.138800000001,
            "p(95)": 7953.498100000001
        },
        "http_reqs": {
            "count": 2303,
            "rate": 7.656509196253808
        },
        "iteration_duration": {
            "avg": 5760.778276819359,
            "max": 60008.704528,
            "med": 6088.040176,
            "min": 802.579585,
            "p(90)": 7613.080973800001,
            "p(95)": 7953.420476200001
        },
        "iterations": {
            "count": 2303,
            "rate": 7.656509196253808
        },
        "vus": {
            "max": 50,
            "min": 1,
            "value": 5
        },
        "vus_max": {
            "max": 50,
            "min": 50,
            "value": 50
        }
    },
    "root_group": {
        "name": "",
        "path": "",
        "id": "d41d8cd98f00b204e9800998ecf8427e",
        "groups": {},
        "checks": {
            "status is 200": {
                "name": "status is 200",
                "path": "::status is 200",
                "id": "6210a8cd14cd70477eba5c5e4cb3fb5f",
                "passes": 2300,
                "fails": 3
            }
        }
    }
}
