{
    "metrics": {
        "check_failure_rate": {
            "fails": 30724,
            "passes": 0,
            "thresholds": {
                "rate<0.01": false,
                "rate<=0.05": false
            },
            "value": 0
        },
        "checks": {
            "fails": 0,
            "passes": 61448,
            "value": 0
        },
        "data_received": {
            "count": 8848512,
            "rate": 29490.30130178482
        },
        "data_sent": {
            "count": 3348916,
            "rate": 11161.259867689394
        },
        "http_req_blocked": {
            "avg": 0.004298268454627216,
            "max": 1.018,
            "med": 0.002,
            "min": 0.001,
            "p(90)": 0.004,
            "p(95)": 0.004
        },
        "http_req_connecting": {
            "avg": 0.0011479950527275092,
            "max": 0.653,
            "med": 0,
            "min": 0,
            "p(90)": 0,
            "p(95)": 0
        },
        "http_req_duration": {
            "avg": 904.4477406262245,
            "max": 3115.188,
            "med": 886.7185,
            "min": 4.492,
            "p(90)": 1588.3115,
            "p(95)": 1795.7194,
            "thresholds": {
                "p(95)<5000": false
            }
        },
        "http_req_receiving": {
            "avg": 0.5276385236297567,
            "max": 197.347,
            "med": 0.045,
            "min": 0.013,
            "p(90)": 0.2717000000000008,
            "p(95)": 0.5248499999999986
        },
        "http_req_sending": {
            "avg": 0.016298138263245547,
            "max": 0.359,
            "med": 0.015,
            "min": 0.006,
            "p(90)": 0.022,
            "p(95)": 0.025
        },
        "http_req_tls_handshaking": {
            "avg": 0,
            "max": 0,
            "med": 0,
            "min": 0,
            "p(90)": 0,
            "p(95)": 0
        },
        "http_req_waiting": {
            "avg": 903.9038039643283,
            "max": 3115.133,
            "med": 886.422,
            "min": 4.455,
            "p(90)": 1588.187,
            "p(95)": 1795.54205
        },
        "http_reqs": {
            "count": 30724,
            "rate": 102.39687952008619
        },
        "iteration_duration": {
            "avg": 904.6164681455248,
            "max": 3115.220513,
            "med": 886.907333,
            "min": 4.566552,
            "p(90)": 1588.5548254,
            "p(95)": 1795.9480575
        },
        "iterations": {
            "count": 30724,
            "rate": 102.39687952008619
        },
        "vus": {
            "max": 100,
            "min": 1,
            "value": 1
        },
        "vus_max": {
            "max": 100,
            "min": 100,
            "value": 100
        }
    },
    "root_group": {
        "name": "",
        "path": "",
        "id": "d41d8cd98f00b204e9800998ecf8427e",
        "groups": {},
        "checks": {
            "content is present": {
                "name": "content is present",
                "path": "::content is present",
                "id": "f162f55df55ff1646f977d711ea38a01",
                "passes": 30724,
                "fails": 0
            },
            "status is 200": {
                "name": "status is 200",
                "path": "::status is 200",
                "id": "6210a8cd14cd70477eba5c5e4cb3fb5f",
                "passes": 30724,
                "fails": 0
            }
        }
    }
}
