{
    "metrics": {
        "check_failure_rate": {
            "fails": 31854,
            "passes": 0,
            "thresholds": {
                "rate<0.01": false,
                "rate<=0.05": false
            },
            "value": 0
        },
        "checks": {
            "fails": 0,
            "passes": 63708,
            "value": 0
        },
        "data_received": {
            "count": 6466362,
            "rate": 21544.468391916147
        },
        "data_sent": {
            "count": 2385386790,
            "rate": 7947573.968121382
        },
        "http_req_blocked": {
            "avg": 0.003271645633201042,
            "max": 1.009,
            "med": 0.002,
            "min": 0.001,
            "p(90)": 0.004,
            "p(95)": 0.004
        },
        "http_req_connecting": {
            "avg": 0.0003847240534940668,
            "max": 0.399,
            "med": 0,
            "min": 0,
            "p(90)": 0,
            "p(95)": 0
        },
        "http_req_duration": {
            "avg": 411.57492889433115,
            "max": 1818.434,
            "med": 294.007,
            "min": 21.312,
            "p(90)": 961.1638,
            "p(95)": 1149.2758999999999,
            "thresholds": {
                "p(95)<5000": false
            }
        },
        "http_req_receiving": {
            "avg": 0.2173517925535204,
            "max": 31.539,
            "med": 0.049,
            "min": 0.019,
            "p(90)": 0.443,
            "p(95)": 0.678
        },
        "http_req_sending": {
            "avg": 0.15386701827085994,
            "max": 8.016,
            "med": 0.148,
            "min": 0.083,
            "p(90)": 0.187,
            "p(95)": 0.208
        },
        "http_req_tls_handshaking": {
            "avg": 0,
            "max": 0,
            "med": 0,
            "min": 0,
            "p(90)": 0,
            "p(95)": 0
        },
        "http_req_waiting": {
            "avg": 411.20371008350594,
            "max": 1818.231,
            "med": 293.56550000000004,
            "min": 21.139,
            "p(90)": 960.7792000000001,
            "p(95)": 1148.86675
        },
        "http_reqs": {
            "count": 31854,
            "rate": 106.13038616707462
        },
        "iteration_duration": {
            "avg": 412.6181706775945,
            "max": 1819.328526,
            "med": 295.014813,
            "min": 22.346614,
            "p(90)": 962.0764699,
            "p(95)": 1150.28515675
        },
        "iterations": {
            "count": 31854,
            "rate": 106.13038616707462
        },
        "vus": {
            "max": 50,
            "min": 1,
            "value": 4
        },
        "vus_max": {
            "max": 50,
            "min": 50,
            "value": 50
        }
    },
    "root_group": {
        "name": "",
        "path": "",
        "id": "d41d8cd98f00b204e9800998ecf8427e",
        "groups": {},
        "checks": {
            "content is present": {
                "name": "content is present",
                "path": "::content is present",
                "id": "f162f55df55ff1646f977d711ea38a01",
                "passes": 31854,
                "fails": 0
            },
            "status is 200": {
                "name": "status is 200",
                "path": "::status is 200",
                "id": "6210a8cd14cd70477eba5c5e4cb3fb5f",
                "passes": 31854,
                "fails": 0
            }
        }
    }
}
