{
    "metrics": {
        "check_failure_rate": {
            "fails": 366,
            "passes": 23,
            "thresholds": {
                "rate<0.01": true,
                "rate<=0.05": true
            },
            "value": 0
        },
        "checks": {
            "fails": 23,
            "passes": 366,
            "value": 0
        },
        "data_received": {
            "count": 63684,
            "rate": 909.4340285468377
        },
        "data_sent": {
            "count": 56235,
            "rate": 803.0592078910153
        },
        "http_req_blocked": {
            "avg": 0.09650899742930594,
            "max": 1.844,
            "med": 0.002,
            "min": 0.001,
            "p(90)": 0.29839999999999994,
            "p(95)": 0.3477999999999999
        },
        "http_req_connecting": {
            "avg": 0.07204884318766068,
            "max": 1.735,
            "med": 0,
            "min": 0,
            "p(90)": 0.21639999999999998,
            "p(95)": 0.2515999999999998
        },
        "http_req_duration": {
            "avg": 3961.8177557840627,
            "max": 60006.771,
            "med": 204.547,
            "min": 45.618,
            "p(90)": 1975.120199999999,
            "p(95)": 60001.7754,
            "thresholds": {
                "p(95)<5000": true
            }
        },
        "http_req_receiving": {
            "avg": 0.06432647814910031,
            "max": 1.017,
            "med": 0.045,
            "min": 0,
            "p(90)": 0.06919999999999993,
            "p(95)": 0.20059999999999997
        },
        "http_req_sending": {
            "avg": 0.024082262210796866,
            "max": 0.125,
            "med": 0.014,
            "min": 0.008,
            "p(90)": 0.05619999999999999,
            "p(95)": 0.06859999999999997
        },
        "http_req_tls_handshaking": {
            "avg": 0,
            "max": 0,
            "med": 0,
            "min": 0,
            "p(90)": 0,
            "p(95)": 0
        },
        "http_req_waiting": {
            "avg": 3961.7293470437025,
            "max": 60006.759,
            "med": 204.494,
            "min": 45.457,
            "p(90)": 1975.062599999999,
            "p(95)": 60001.736
        },
        "http_reqs": {
            "count": 389,
            "rate": 5.5550819217498875
        },
        "iteration_duration": {
            "avg": 3961.9157634524395,
            "max": 60005.270441,
            "med": 204.969014,
            "min": 45.717354,
            "p(90)": 1975.1574399999988,
            "p(95)": 60000.5314254
        },
        "iterations": {
            "count": 389,
            "rate": 5.5550819217498875
        },
        "vus": {
            "max": 100,
            "min": 4,
            "value": 100
        },
        "vus_max": {
            "max": 100,
            "min": 100,
            "value": 100
        }
    },
    "root_group": {
        "name": "",
        "path": "",
        "id": "d41d8cd98f00b204e9800998ecf8427e",
        "groups": {},
        "checks": {
            "status is 200": {
                "name": "status is 200",
                "path": "::status is 200",
                "id": "6210a8cd14cd70477eba5c5e4cb3fb5f",
                "passes": 366,
                "fails": 23
            }
        }
    }
}
