{
    "metrics": {
        "check_failure_rate": {
            "fails": 123267,
            "passes": 0,
            "thresholds": {
                "rate<0.01": false,
                "rate<=0.05": false
            },
            "value": 0
        },
        "checks": {
            "fails": 0,
            "passes": 246534,
            "value": 0
        },
        "data_received": {
            "count": 35500896,
            "rate": 118317.54576622964
        },
        "data_sent": {
            "count": 13436103,
            "rate": 44779.90447402441
        },
        "http_req_blocked": {
            "avg": 0.002552069897054222,
            "max": 1.277,
            "med": 0.002,
            "min": 0.001,
            "p(90)": 0.003,
            "p(95)": 0.003
        },
        "http_req_connecting": {
            "avg": 0.00027615663559590154,
            "max": 1.176,
            "med": 0,
            "min": 0,
            "p(90)": 0,
            "p(95)": 0
        },
        "http_req_duration": {
            "avg": 225.16068087972056,
            "max": 1288.697,
            "med": 140.119,
            "min": 4.02,
            "p(90)": 581.0474,
            "p(95)": 706.0595000000001,
            "thresholds": {
                "p(95)<5000": false
            }
        },
        "http_req_receiving": {
            "avg": 0.2465052528251364,
            "max": 50.369,
            "med": 0.043,
            "min": 0.014,
            "p(90)": 0.484,
            "p(95)": 0.712
        },
        "http_req_sending": {
            "avg": 0.013974770214241657,
            "max": 1.451,
            "med": 0.013,
            "min": 0.005,
            "p(90)": 0.018,
            "p(95)": 0.021
        },
        "http_req_tls_handshaking": {
            "avg": 0,
            "max": 0,
            "med": 0,
            "min": 0,
            "p(90)": 0,
            "p(95)": 0
        },
        "http_req_waiting": {
            "avg": 224.90020085667803,
            "max": 1288.653,
            "med": 139.709,
            "min": 3.986,
            "p(90)": 580.7614,
            "p(95)": 705.7456999999999
        },
        "http_reqs": {
            "count": 123267,
            "rate": 410.82481168829736
        },
        "iteration_duration": {
            "avg": 225.26238771977054,
            "max": 1288.764271,
            "med": 140.216269,
            "min": 4.08885,
            "p(90)": 581.1207050000003,
            "p(95)": 706.1481765999999
        },
        "iterations": {
            "count": 123267,
            "rate": 410.82481168829736
        },
        "vus": {
            "max": 100,
            "min": 1,
            "value": 1
        },
        "vus_max": {
            "max": 100,
            "min": 100,
            "value": 100
        }
    },
    "root_group": {
        "name": "",
        "path": "",
        "id": "d41d8cd98f00b204e9800998ecf8427e",
        "groups": {},
        "checks": {
            "content is present": {
                "name": "content is present",
                "path": "::content is present",
                "id": "f162f55df55ff1646f977d711ea38a01",
                "passes": 123267,
                "fails": 0
            },
            "status is 200": {
                "name": "status is 200",
                "path": "::status is 200",
                "id": "6210a8cd14cd70477eba5c5e4cb3fb5f",
                "passes": 123267,
                "fails": 0
            }
        }
    }
}
