{
    "metrics": {
        "check_failure_rate": {
            "fails": 474,
            "passes": 25,
            "thresholds": {
                "rate<0.01": true,
                "rate<=0.05": true
            },
            "value": 0
        },
        "checks": {
            "fails": 25,
            "passes": 474,
            "value": 0
        },
        "data_received": {
            "count": 96126,
            "rate": 511.28565780115696
        },
        "data_sent": {
            "count": 63135,
            "rate": 335.8094584740449
        },
        "http_req_blocked": {
            "avg": 0.047384769539077914,
            "max": 1.887,
            "med": 0.002,
            "min": 0.001,
            "p(90)": 0.24859999999999996,
            "p(95)": 0.28209999999999996
        },
        "http_req_connecting": {
            "avg": 0.031082164328657316,
            "max": 1.289,
            "med": 0,
            "min": 0,
            "p(90)": 0.176,
            "p(95)": 0.20169999999999977
        },
        "http_req_duration": {
            "avg": 13612.796362725452,
            "max": 60006.779,
            "med": 10854.261,
            "min": 763.566,
            "p(90)": 27583.3444,
            "p(95)": 33762.931999999004,
            "thresholds": {
                "p(95)<5000": true
            }
        },
        "http_req_receiving": {
            "avg": 0.07588376753507005,
            "max": 0.982,
            "med": 0.049,
            "min": 0,
            "p(90)": 0.11639999999999992,
            "p(95)": 0.24109999999999962
        },
        "http_req_sending": {
            "avg": 0.020699398797595126,
            "max": 0.184,
            "med": 0.014,
            "min": 0.01,
            "p(90)": 0.045,
            "p(95)": 0.059099999999999965
        },
        "http_req_tls_handshaking": {
            "avg": 0,
            "max": 0,
            "med": 0,
            "min": 0,
            "p(90)": 0,
            "p(95)": 0
        },
        "http_req_waiting": {
            "avg": 13612.699779559129,
            "max": 60006.764,
            "med": 10854.21,
            "min": 763.512,
            "p(90)": 27583.278000000002,
            "p(95)": 33762.881899999
        },
        "http_reqs": {
            "count": 499,
            "rate": 2.6541366877096446
        },
        "iteration_duration": {
            "avg": 13612.962016454921,
            "max": 60005.112783,
            "med": 10855.053036,
            "min": 763.64534,
            "p(90)": 27582.7512536,
            "p(95)": 33762.12752169901
        },
        "iterations": {
            "count": 499,
            "rate": 2.6541366877096446
        },
        "vus": {
            "max": 50,
            "min": 1,
            "value": 50
        },
        "vus_max": {
            "max": 50,
            "min": 50,
            "value": 50
        }
    },
    "root_group": {
        "name": "",
        "path": "",
        "id": "d41d8cd98f00b204e9800998ecf8427e",
        "groups": {},
        "checks": {
            "status is 200": {
                "name": "status is 200",
                "path": "::status is 200",
                "id": "6210a8cd14cd70477eba5c5e4cb3fb5f",
                "passes": 474,
                "fails": 25
            }
        }
    }
}
