{
    "metrics": {
        "check_failure_rate": {
            "fails": 31431,
            "passes": 0,
            "thresholds": {
                "rate<0.01": false,
                "rate<=0.05": false
            },
            "value": 0
        },
        "checks": {
            "fails": 0,
            "passes": 62862,
            "value": 0
        },
        "data_received": {
            "count": 6380493,
            "rate": 21266.667504379744
        },
        "data_sent": {
            "count": 2353710435,
            "rate": 7845095.547120578
        },
        "http_req_blocked": {
            "avg": 0.003276446820018158,
            "max": 0.812,
            "med": 0.003,
            "min": 0.001,
            "p(90)": 0.004,
            "p(95)": 0.004
        },
        "http_req_connecting": {
            "avg": 0.0003570360472145334,
            "max": 0.322,
            "med": 0,
            "min": 0,
            "p(90)": 0,
            "p(95)": 0
        },
        "http_req_duration": {
            "avg": 416.98515771053707,
            "max": 1952.852,
            "med": 250.17,
            "min": 22.123,
            "p(90)": 1064.774,
            "p(95)": 1324.0455,
            "thresholds": {
                "p(95)<5000": false
            }
        },
        "http_req_receiving": {
            "avg": 0.1974395978492515,
            "max": 22.765,
            "med": 0.048,
            "min": 0.019,
            "p(90)": 0.432,
            "p(95)": 0.694
        },
        "http_req_sending": {
            "avg": 0.15911402755241633,
            "max": 7.306,
            "med": 0.154,
            "min": 0.093,
            "p(90)": 0.189,
            "p(95)": 0.211
        },
        "http_req_tls_handshaking": {
            "avg": 0,
            "max": 0,
            "med": 0,
            "min": 0,
            "p(90)": 0,
            "p(95)": 0
        },
        "http_req_waiting": {
            "avg": 416.6286040851413,
            "max": 1952.639,
            "med": 249.745,
            "min": 21.881,
            "p(90)": 1064.149,
            "p(95)": 1323.464
        },
        "http_reqs": {
            "count": 31431,
            "rate": 104.76190888857018
        },
        "iteration_duration": {
            "avg": 418.0859750681185,
            "max": 1953.914303,
            "med": 251.341715,
            "min": 23.189651,
            "p(90)": 1065.723791,
            "p(95)": 1325.2877565
        },
        "iterations": {
            "count": 31431,
            "rate": 104.76190888857018
        },
        "vus": {
            "max": 50,
            "min": 1,
            "value": 1
        },
        "vus_max": {
            "max": 50,
            "min": 50,
            "value": 50
        }
    },
    "root_group": {
        "name": "",
        "path": "",
        "id": "d41d8cd98f00b204e9800998ecf8427e",
        "groups": {},
        "checks": {
            "content is present": {
                "name": "content is present",
                "path": "::content is present",
                "id": "f162f55df55ff1646f977d711ea38a01",
                "passes": 31431,
                "fails": 0
            },
            "status is 200": {
                "name": "status is 200",
                "path": "::status is 200",
                "id": "6210a8cd14cd70477eba5c5e4cb3fb5f",
                "passes": 31431,
                "fails": 0
            }
        }
    }
}
