{
    "metrics": {
        "check_failure_rate": {
            "fails": 15170,
            "passes": 0,
            "thresholds": {
                "rate<0.01": false,
                "rate<=0.05": false
            },
            "value": 0
        },
        "checks": {
            "fails": 0,
            "passes": 30340,
            "value": 0
        },
        "data_received": {
            "count": 3079510,
            "rate": 10263.111599896625
        },
        "data_sent": {
            "count": 1136005450,
            "rate": 3785975.921961866
        },
        "http_req_blocked": {
            "avg": 0.003544759393540618,
            "max": 2.256,
            "med": 0.002,
            "min": 0.001,
            "p(90)": 0.003,
            "p(95)": 0.003
        },
        "http_req_connecting": {
            "avg": 0.0008771259063941989,
            "max": 2.045,
            "med": 0,
            "min": 0,
            "p(90)": 0,
            "p(95)": 0
        },
        "http_req_duration": {
            "avg": 865.5547431114057,
            "max": 3107.973,
            "med": 958.506,
            "min": 20.809,
            "p(90)": 1026.2446,
            "p(95)": 1055.1353,
            "thresholds": {
                "p(95)<5000": false
            }
        },
        "http_req_receiving": {
            "avg": 0.11826025049439769,
            "max": 5.271,
            "med": 0.044,
            "min": 0.021,
            "p(90)": 0.309,
            "p(95)": 0.47554999999999925
        },
        "http_req_sending": {
            "avg": 0.14666097560975647,
            "max": 0.754,
            "med": 0.138,
            "min": 0.082,
            "p(90)": 0.189,
            "p(95)": 0.208
        },
        "http_req_tls_handshaking": {
            "avg": 0,
            "max": 0,
            "med": 0,
            "min": 0,
            "p(90)": 0,
            "p(95)": 0
        },
        "http_req_waiting": {
            "avg": 865.2898218853007,
            "max": 3107.73,
            "med": 958.2585,
            "min": 20.65,
            "p(90)": 1025.9744,
            "p(95)": 1054.8974
        },
        "http_reqs": {
            "count": 15170,
            "rate": 50.55719999949076
        },
        "iteration_duration": {
            "avg": 866.5091767448912,
            "max": 3109.751295,
            "med": 959.412476,
            "min": 21.616422,
            "p(90)": 1027.1658184,
            "p(95)": 1056.1996599
        },
        "iterations": {
            "count": 15170,
            "rate": 50.55719999949076
        },
        "vus": {
            "max": 50,
            "min": 1,
            "value": 1
        },
        "vus_max": {
            "max": 50,
            "min": 50,
            "value": 50
        }
    },
    "root_group": {
        "name": "",
        "path": "",
        "id": "d41d8cd98f00b204e9800998ecf8427e",
        "groups": {},
        "checks": {
            "content is present": {
                "name": "content is present",
                "path": "::content is present",
                "id": "f162f55df55ff1646f977d711ea38a01",
                "passes": 15170,
                "fails": 0
            },
            "status is 200": {
                "name": "status is 200",
                "path": "::status is 200",
                "id": "6210a8cd14cd70477eba5c5e4cb3fb5f",
                "passes": 15170,
                "fails": 0
            }
        }
    }
}
