{
    "metrics": {
        "check_failure_rate": {
            "fails": 14701,
            "passes": 0,
            "thresholds": {
                "rate<0.01": false,
                "rate<=0.05": false
            },
            "value": 0
        },
        "checks": {
            "fails": 0,
            "passes": 14701,
            "value": 0
        },
        "data_received": {
            "count": 2557974,
            "rate": 8520.83982264228
        },
        "data_sent": {
            "count": 1690615,
            "rate": 5631.589537953231
        },
        "http_req_blocked": {
            "avg": 0.004897762057002854,
            "max": 1.463,
            "med": 0.002,
            "min": 0.001,
            "p(90)": 0.003,
            "p(95)": 0.004
        },
        "http_req_connecting": {
            "avg": 0.0017437589279640845,
            "max": 1.381,
            "med": 0,
            "min": 0,
            "p(90)": 0,
            "p(95)": 0
        },
        "http_req_duration": {
            "avg": 1895.0115115298277,
            "max": 6585.448,
            "med": 1169.74,
            "min": 47.359,
            "p(90)": 3536.382,
            "p(95)": 3636.076,
            "thresholds": {
                "p(95)<5000": false
            }
        },
        "http_req_receiving": {
            "avg": 0.11635235698251879,
            "max": 5.672,
            "med": 0.052,
            "min": 0.023,
            "p(90)": 0.307,
            "p(95)": 0.423
        },
        "http_req_sending": {
            "avg": 0.015666349227943684,
            "max": 0.216,
            "med": 0.014,
            "min": 0.006,
            "p(90)": 0.02,
            "p(95)": 0.023
        },
        "http_req_tls_handshaking": {
            "avg": 0,
            "max": 0,
            "med": 0,
            "min": 0,
            "p(90)": 0,
            "p(95)": 0
        },
        "http_req_waiting": {
            "avg": 1894.8794928236182,
            "max": 6585.384,
            "med": 1169.403,
            "min": 47.305,
            "p(90)": 3536.329,
            "p(95)": 3636.017
        },
        "http_reqs": {
            "count": 14701,
            "rate": 48.970343808288966
        },
        "iteration_duration": {
            "avg": 1895.078531715732,
            "max": 6585.378652,
            "med": 1169.873054,
            "min": 47.476165,
            "p(90)": 3536.40289,
            "p(95)": 3636.068685
        },
        "iterations": {
            "count": 14701,
            "rate": 48.970343808288966
        },
        "vus": {
            "max": 100,
            "min": 1,
            "value": 1
        },
        "vus_max": {
            "max": 100,
            "min": 100,
            "value": 100
        }
    },
    "root_group": {
        "name": "",
        "path": "",
        "id": "d41d8cd98f00b204e9800998ecf8427e",
        "groups": {},
        "checks": {
            "status is 200": {
                "name": "status is 200",
                "path": "::status is 200",
                "id": "6210a8cd14cd70477eba5c5e4cb3fb5f",
                "passes": 14701,
                "fails": 0
            }
        }
    }
}
