{
    "metrics": {
        "check_failure_rate": {
            "fails": 41261,
            "passes": 0,
            "thresholds": {
                "rate<0.01": false,
                "rate<=0.05": false
            },
            "value": 0
        },
        "checks": {
            "fails": 0,
            "passes": 41261,
            "value": 0
        },
        "data_received": {
            "count": 7179414,
            "rate": 23534.456717645553
        },
        "data_sent": {
            "count": 4745015,
            "rate": 15554.38231338643
        },
        "http_req_blocked": {
            "avg": 0.0054345750224179465,
            "max": 41.91,
            "med": 0.002,
            "min": 0.001,
            "p(90)": 0.004,
            "p(95)": 0.004
        },
        "http_req_connecting": {
            "avg": 0.0024201546254332177,
            "max": 41.804,
            "med": 0,
            "min": 0,
            "p(90)": 0,
            "p(95)": 0
        },
        "http_req_duration": {
            "avg": 715.572554712681,
            "max": 2947.175,
            "med": 594.647,
            "min": 50.337,
            "p(90)": 1490.035,
            "p(95)": 1936.69,
            "thresholds": {
                "p(95)<5000": false
            }
        },
        "http_req_receiving": {
            "avg": 0.29755754829016606,
            "max": 102.045,
            "med": 0.056,
            "min": 0.013,
            "p(90)": 0.459,
            "p(95)": 0.763
        },
        "http_req_sending": {
            "avg": 0.016038268582922458,
            "max": 1.541,
            "med": 0.015,
            "min": 0.005,
            "p(90)": 0.021,
            "p(95)": 0.024
        },
        "http_req_tls_handshaking": {
            "avg": 0,
            "max": 0,
            "med": 0,
            "min": 0,
            "p(90)": 0,
            "p(95)": 0
        },
        "http_req_waiting": {
            "avg": 715.2589588958112,
            "max": 2947.024,
            "med": 594.289,
            "min": 49.203,
            "p(90)": 1489.849,
            "p(95)": 1936.527
        },
        "http_reqs": {
            "count": 41261,
            "rate": 135.2554983772733
        },
        "iteration_duration": {
            "avg": 715.6766058586028,
            "max": 2947.235383,
            "med": 594.75442,
            "min": 50.41471,
            "p(90)": 1490.102666,
            "p(95)": 1936.738482
        },
        "iterations": {
            "count": 41261,
            "rate": 135.2554983772733
        },
        "vus": {
            "max": 100,
            "min": 1,
            "value": 1
        },
        "vus_max": {
            "max": 100,
            "min": 100,
            "value": 100
        }
    },
    "root_group": {
        "name": "",
        "path": "",
        "id": "d41d8cd98f00b204e9800998ecf8427e",
        "groups": {},
        "checks": {
            "status is 200": {
                "name": "status is 200",
                "path": "::status is 200",
                "id": "6210a8cd14cd70477eba5c5e4cb3fb5f",
                "passes": 41261,
                "fails": 0
            }
        }
    }
}
