{
    "metrics": {
        "check_failure_rate": {
            "fails": 1428,
            "passes": 0,
            "thresholds": {
                "rate<0.01": false,
                "rate<=0.05": false
            },
            "value": 0
        },
        "checks": {
            "fails": 0,
            "passes": 1428,
            "value": 0
        },
        "data_received": {
            "count": 242760,
            "rate": 803.7626155651286
        },
        "data_sent": {
            "count": 172788,
            "rate": 572.0898616669444
        },
        "http_req_blocked": {
            "avg": 0.00913725490196112,
            "max": 0.779,
            "med": 0.002,
            "min": 0.001,
            "p(90)": 0.003,
            "p(95)": 0.003
        },
        "http_req_connecting": {
            "avg": 0.004984593837535013,
            "max": 0.491,
            "med": 0,
            "min": 0,
            "p(90)": 0,
            "p(95)": 0
        },
        "http_req_duration": {
            "avg": 4631.552296918777,
            "max": 6069.086,
            "med": 4860.788500000001,
            "min": 2151.07,
            "p(90)": 5336.3198999999995,
            "p(95)": 5462.69805,
            "thresholds": {
                "p(95)<5000": true
            }
        },
        "http_req_receiving": {
            "avg": 0.07620798319327762,
            "max": 1.282,
            "med": 0.043,
            "min": 0.025,
            "p(90)": 0.147,
            "p(95)": 0.257
        },
        "http_req_sending": {
            "avg": 0.015443977591036507,
            "max": 0.146,
            "med": 0.012,
            "min": 0.008,
            "p(90)": 0.028,
            "p(95)": 0.03
        },
        "http_req_tls_handshaking": {
            "avg": 0,
            "max": 0,
            "med": 0,
            "min": 0,
            "p(90)": 0,
            "p(95)": 0
        },
        "http_req_waiting": {
            "avg": 4631.460644957986,
            "max": 6069.031,
            "med": 4860.5985,
            "min": 2150.876,
            "p(90)": 5336.227,
            "p(95)": 5462.5962
        },
        "http_reqs": {
            "count": 1428,
            "rate": 4.728015385677227
        },
        "iteration_duration": {
            "avg": 4631.534210932771,
            "max": 6068.99907,
            "med": 4860.759527,
            "min": 2151.993024,
            "p(90)": 5336.299125699999,
            "p(95)": 5462.63641545
        },
        "iterations": {
            "count": 1428,
            "rate": 4.728015385677227
        },
        "vus": {
            "max": 25,
            "min": 1,
            "value": 1
        },
        "vus_max": {
            "max": 25,
            "min": 25,
            "value": 25
        }
    },
    "root_group": {
        "name": "",
        "path": "",
        "id": "d41d8cd98f00b204e9800998ecf8427e",
        "groups": {},
        "checks": {
            "status is 200": {
                "name": "status is 200",
                "path": "::status is 200",
                "id": "6210a8cd14cd70477eba5c5e4cb3fb5f",
                "passes": 1428,
                "fails": 0
            }
        }
    }
}
