{
    "metrics": {
        "check_failure_rate": {
            "fails": 340,
            "passes": 0,
            "thresholds": {
                "rate<0.01": false,
                "rate<=0.05": false
            },
            "value": 0
        },
        "checks": {
            "fails": 0,
            "passes": 340,
            "value": 0
        },
        "data_received": {
            "count": 57800,
            "rate": 191.4243405626866
        },
        "data_sent": {
            "count": 41140,
            "rate": 136.24908945932398
        },
        "http_req_blocked": {
            "avg": 0.026073529411764947,
            "max": 0.997,
            "med": 0.002,
            "min": 0.001,
            "p(90)": 0.011100000000000023,
            "p(95)": 0.26605
        },
        "http_req_connecting": {
            "avg": 0.016491176470588235,
            "max": 0.438,
            "med": 0,
            "min": 0,
            "p(90)": 0,
            "p(95)": 0.203
        },
        "http_req_duration": {
            "avg": 19699.5846117647,
            "max": 32380.384,
            "med": 21437.137000000002,
            "min": 2188.913,
            "p(90)": 24677.076500000003,
            "p(95)": 27888.830650000007,
            "thresholds": {
                "p(95)<5000": true
            }
        },
        "http_req_receiving": {
            "avg": 0.24090588235294152,
            "max": 17.703,
            "med": 0.048,
            "min": 0.025,
            "p(90)": 0.10610000000000001,
            "p(95)": 0.2096000000000008
        },
        "http_req_sending": {
            "avg": 0.02180588235294113,
            "max": 0.796,
            "med": 0.012,
            "min": 0.008,
            "p(90)": 0.03510000000000003,
            "p(95)": 0.04615000000000003
        },
        "http_req_tls_handshaking": {
            "avg": 0,
            "max": 0,
            "med": 0,
            "min": 0,
            "p(90)": 0,
            "p(95)": 0
        },
        "http_req_waiting": {
            "avg": 19699.321900000003,
            "max": 32380.275,
            "med": 21437.086499999998,
            "min": 2188.616,
            "p(90)": 24677.006800000003,
            "p(95)": 27888.715000000007
        },
        "http_reqs": {
            "count": 340,
            "rate": 1.126025532721686
        },
        "iteration_duration": {
            "avg": 19699.276326520572,
            "max": 32380.870743,
            "med": 21436.606546,
            "min": 2190.067744,
            "p(90)": 24676.431528900004,
            "p(95)": 27888.229773100007
        },
        "iterations": {
            "count": 340,
            "rate": 1.126025532721686
        },
        "vus": {
            "max": 25,
            "min": 1,
            "value": 2
        },
        "vus_max": {
            "max": 25,
            "min": 25,
            "value": 25
        }
    },
    "root_group": {
        "name": "",
        "path": "",
        "id": "d41d8cd98f00b204e9800998ecf8427e",
        "groups": {},
        "checks": {
            "status is 200": {
                "name": "status is 200",
                "path": "::status is 200",
                "id": "6210a8cd14cd70477eba5c5e4cb3fb5f",
                "passes": 340,
                "fails": 0
            }
        }
    }
}
