{
    "metrics": {
        "check_failure_rate": {
            "fails": 887,
            "passes": 0,
            "thresholds": {
                "rate<0.01": false,
                "rate<=0.05": false
            },
            "value": 0
        },
        "checks": {
            "fails": 0,
            "passes": 887,
            "value": 0
        },
        "data_received": {
            "count": 151677,
            "rate": 504.194755298855
        },
        "data_sent": {
            "count": 98457,
            "rate": 327.2843148431164
        },
        "http_req_blocked": {
            "avg": 0.012421645997745498,
            "max": 1.448,
            "med": 0.002,
            "min": 0.001,
            "p(90)": 0.002,
            "p(95)": 0.003
        },
        "http_req_connecting": {
            "avg": 0.007527621195039458,
            "max": 1.35,
            "med": 0,
            "min": 0,
            "p(90)": 0,
            "p(95)": 0
        },
        "http_req_duration": {
            "avg": 7488.398266065398,
            "max": 14855.061,
            "med": 8068.835,
            "min": 1891.641,
            "p(90)": 8152.8396,
            "p(95)": 8176.0454,
            "thresholds": {
                "p(95)<5000": true
            }
        },
        "http_req_receiving": {
            "avg": 0.13334385569334875,
            "max": 1.406,
            "med": 0.054,
            "min": 0.033,
            "p(90)": 0.40579999999999994,
            "p(95)": 0.532
        },
        "http_req_sending": {
            "avg": 0.014499436302141877,
            "max": 0.114,
            "med": 0.011,
            "min": 0.008,
            "p(90)": 0.026,
            "p(95)": 0.034
        },
        "http_req_tls_handshaking": {
            "avg": 0,
            "max": 0,
            "med": 0,
            "min": 0,
            "p(90)": 0,
            "p(95)": 0
        },
        "http_req_waiting": {
            "avg": 7488.250422773385,
            "max": 14854.866,
            "med": 8068.745,
            "min": 1891.57,
            "p(90)": 8152.6826,
            "p(95)": 8175.9488
        },
        "http_reqs": {
            "count": 887,
            "rate": 2.9485073409289764
        },
        "iteration_duration": {
            "avg": 7488.29746923675,
            "max": 14855.669448,
            "med": 8068.679574,
            "min": 1891.668444,
            "p(90)": 8152.6932624,
            "p(95)": 8175.9102531
        },
        "iterations": {
            "count": 887,
            "rate": 2.9485073409289764
        },
        "vus": {
            "max": 25,
            "min": 1,
            "value": 3
        },
        "vus_max": {
            "max": 25,
            "min": 25,
            "value": 25
        }
    },
    "root_group": {
        "name": "",
        "path": "",
        "id": "d41d8cd98f00b204e9800998ecf8427e",
        "groups": {},
        "checks": {
            "status is 200": {
                "name": "status is 200",
                "path": "::status is 200",
                "id": "6210a8cd14cd70477eba5c5e4cb3fb5f",
                "passes": 887,
                "fails": 0
            }
        }
    }
}
