{
    "metrics": {
        "check_failure_rate": {
            "fails": 12584,
            "passes": 1,
            "thresholds": {
                "rate<0.01": false,
                "rate<=0.05": false
            },
            "value": 0
        },
        "checks": {
            "fails": 1,
            "passes": 12584,
            "value": 0
        },
        "data_received": {
            "count": 2189727,
            "rate": 7268.345914350724
        },
        "data_sent": {
            "count": 1447275,
            "rate": 4803.930048445283
        },
        "http_req_blocked": {
            "avg": 0.004905840286056214,
            "max": 0.85,
            "med": 0.002,
            "min": 0.001,
            "p(90)": 0.003,
            "p(95)": 0.003
        },
        "http_req_connecting": {
            "avg": 0.001989034564958284,
            "max": 0.478,
            "med": 0,
            "min": 0,
            "p(90)": 0,
            "p(95)": 0
        },
        "http_req_duration": {
            "avg": 2254.228510925714,
            "max": 20196.778,
            "med": 71.897,
            "min": 42.392,
            "p(90)": 5500.876600000004,
            "p(95)": 15336.828199999996,
            "thresholds": {
                "p(95)<5000": true
            }
        },
        "http_req_receiving": {
            "avg": 0.08584203416766113,
            "max": 6.734,
            "med": 0.044,
            "min": 0.02,
            "p(90)": 0.201,
            "p(95)": 0.309
        },
        "http_req_sending": {
            "avg": 0.013628684942392413,
            "max": 0.262,
            "med": 0.013,
            "min": 0.007,
            "p(90)": 0.016,
            "p(95)": 0.018
        },
        "http_req_tls_handshaking": {
            "avg": 0,
            "max": 0,
            "med": 0,
            "min": 0,
            "p(90)": 0,
            "p(95)": 0
        },
        "http_req_waiting": {
            "avg": 2254.1290402066006,
            "max": 20196.403,
            "med": 71.76,
            "min": 42.337,
            "p(90)": 5500.806000000004,
            "p(95)": 15336.751999999997
        },
        "http_reqs": {
            "count": 12585,
            "rate": 41.77330476908942
        },
        "iteration_duration": {
            "avg": 2254.3204711893527,
            "max": 20196.259569,
            "med": 72.076374,
            "min": 42.490584,
            "p(90)": 5500.833049800004,
            "p(95)": 15336.487790599997
        },
        "iterations": {
            "count": 12585,
            "rate": 41.77330476908942
        },
        "vus": {
            "max": 100,
            "min": 4,
            "value": 6
        },
        "vus_max": {
            "max": 100,
            "min": 100,
            "value": 100
        }
    },
    "root_group": {
        "name": "",
        "path": "",
        "id": "d41d8cd98f00b204e9800998ecf8427e",
        "groups": {},
        "checks": {
            "status is 200": {
                "name": "status is 200",
                "path": "::status is 200",
                "id": "6210a8cd14cd70477eba5c5e4cb3fb5f",
                "passes": 12584,
                "fails": 1
            }
        }
    }
}
