{
    "metrics": {
        "check_failure_rate": {
            "fails": 646,
            "passes": 0,
            "thresholds": {
                "rate<0.01": false,
                "rate<=0.05": false
            },
            "value": 0
        },
        "checks": {
            "fails": 0,
            "passes": 646,
            "value": 0
        },
        "data_received": {
            "count": 110466,
            "rate": 367.5597047196505
        },
        "data_sent": {
            "count": 71706,
            "rate": 238.59138727415908
        },
        "http_req_blocked": {
            "avg": 0.020360681114551415,
            "max": 1.302,
            "med": 0.002,
            "min": 0.001,
            "p(90)": 0.003,
            "p(95)": 0.00675
        },
        "http_req_connecting": {
            "avg": 0.012120743034055729,
            "max": 0.501,
            "med": 0,
            "min": 0,
            "p(90)": 0,
            "p(95)": 0
        },
        "http_req_duration": {
            "avg": 10300.747097523217,
            "max": 15606.056,
            "med": 11195.2685,
            "min": 366.67,
            "p(90)": 13176.313,
            "p(95)": 13878.494750000002,
            "thresholds": {
                "p(95)<5000": true
            }
        },
        "http_req_receiving": {
            "avg": 0.3056749226006192,
            "max": 77.908,
            "med": 0.048,
            "min": 0.025,
            "p(90)": 0.076,
            "p(95)": 0.18125
        },
        "http_req_sending": {
            "avg": 0.017238390092879228,
            "max": 0.178,
            "med": 0.014,
            "min": 0.008,
            "p(90)": 0.02,
            "p(95)": 0.03075
        },
        "http_req_tls_handshaking": {
            "avg": 0,
            "max": 0,
            "med": 0,
            "min": 0,
            "p(90)": 0,
            "p(95)": 0
        },
        "http_req_waiting": {
            "avg": 10300.424184210515,
            "max": 15606.001,
            "med": 11195.207999999999,
            "min": 366.623,
            "p(90)": 13176.254,
            "p(95)": 13878.386
        },
        "http_reqs": {
            "count": 646,
            "rate": 2.1494719574248564
        },
        "iteration_duration": {
            "avg": 10300.587761176474,
            "max": 15605.689035,
            "med": 11195.043486999999,
            "min": 366.768165,
            "p(90)": 13176.021778999999,
            "p(95)": 13878.20965375
        },
        "iterations": {
            "count": 646,
            "rate": 2.1494719574248564
        },
        "vus": {
            "max": 25,
            "min": 1,
            "value": 2
        },
        "vus_max": {
            "max": 25,
            "min": 25,
            "value": 25
        }
    },
    "root_group": {
        "name": "",
        "path": "",
        "id": "d41d8cd98f00b204e9800998ecf8427e",
        "groups": {},
        "checks": {
            "status is 200": {
                "name": "status is 200",
                "path": "::status is 200",
                "id": "6210a8cd14cd70477eba5c5e4cb3fb5f",
                "passes": 646,
                "fails": 0
            }
        }
    }
}
