{
    "metrics": {
        "check_failure_rate": {
            "fails": 798,
            "passes": 0,
            "thresholds": {
                "rate<0.01": false,
                "rate<=0.05": false
            },
            "value": 0
        },
        "checks": {
            "fails": 0,
            "passes": 798,
            "value": 0
        },
        "data_received": {
            "count": 136458,
            "rate": 451.66440358388746
        },
        "data_sent": {
            "count": 88578,
            "rate": 293.1856654842778
        },
        "http_req_blocked": {
            "avg": 0.011667919799499087,
            "max": 1.007,
            "med": 0.002,
            "min": 0.001,
            "p(90)": 0.003,
            "p(95)": 0.004
        },
        "http_req_connecting": {
            "avg": 0.006516290726817042,
            "max": 0.374,
            "med": 0,
            "min": 0,
            "p(90)": 0,
            "p(95)": 0
        },
        "http_req_duration": {
            "avg": 8352.979136591484,
            "max": 17853.701,
            "med": 8874.567,
            "min": 2824.202,
            "p(90)": 9047.3762,
            "p(95)": 9420.28175,
            "thresholds": {
                "p(95)<5000": true
            }
        },
        "http_req_receiving": {
            "avg": 0.09151127819548849,
            "max": 1.967,
            "med": 0.045,
            "min": 0.036,
            "p(90)": 0.21130000000000007,
            "p(95)": 0.30844999999999995
        },
        "http_req_sending": {
            "avg": 0.015209273182957356,
            "max": 0.157,
            "med": 0.013,
            "min": 0.009,
            "p(90)": 0.017,
            "p(95)": 0.031
        },
        "http_req_tls_handshaking": {
            "avg": 0,
            "max": 0,
            "med": 0,
            "min": 0,
            "p(90)": 0,
            "p(95)": 0
        },
        "http_req_waiting": {
            "avg": 8352.872416040102,
            "max": 17853.417,
            "med": 8874.513500000001,
            "min": 2824.146,
            "p(90)": 9047.3123,
            "p(95)": 9420.0943
        },
        "http_reqs": {
            "count": 798,
            "rate": 2.6413123016601605
        },
        "iteration_duration": {
            "avg": 8353.450984248118,
            "max": 17854.432877,
            "med": 8875.115980999999,
            "min": 2824.231342,
            "p(90)": 9047.2322548,
            "p(95)": 9420.10499905
        },
        "iterations": {
            "count": 798,
            "rate": 2.6413123016601605
        },
        "vus": {
            "max": 25,
            "min": 1,
            "value": 1
        },
        "vus_max": {
            "max": 25,
            "min": 25,
            "value": 25
        }
    },
    "root_group": {
        "name": "",
        "path": "",
        "id": "d41d8cd98f00b204e9800998ecf8427e",
        "groups": {},
        "checks": {
            "status is 200": {
                "name": "status is 200",
                "path": "::status is 200",
                "id": "6210a8cd14cd70477eba5c5e4cb3fb5f",
                "passes": 798,
                "fails": 0
            }
        }
    }
}
