{
    "metrics": {
        "check_failure_rate": {
            "fails": 148,
            "passes": 0,
            "thresholds": {
                "rate<0.01": false,
                "rate<=0.05": false
            },
            "value": 0
        },
        "checks": {
            "fails": 0,
            "passes": 148,
            "value": 0
        },
        "data_received": {
            "count": 25160,
            "rate": 76.23288358153965
        },
        "data_sent": {
            "count": 19360,
            "rate": 58.6593253632197
        },
        "http_req_blocked": {
            "avg": 0.08977027027027058,
            "max": 0.702,
            "med": 0.002,
            "min": 0.001,
            "p(90)": 0.5211000000000008,
            "p(95)": 0.63395
        },
        "http_req_connecting": {
            "avg": 0.06225675675675676,
            "max": 0.531,
            "med": 0,
            "min": 0,
            "p(90)": 0.35940000000000005,
            "p(95)": 0.46
        },
        "http_req_duration": {
            "avg": 44816.293304054045,
            "max": 54810.878,
            "med": 54137.9565,
            "min": 2167.325,
            "p(90)": 54651.0763,
            "p(95)": 54665.3867,
            "thresholds": {
                "p(95)<5000": true
            }
        },
        "http_req_receiving": {
            "avg": 0.1361013513513514,
            "max": 1.588,
            "med": 0.0555,
            "min": 0.035,
            "p(90)": 0.40890000000000026,
            "p(95)": 0.5366000000000001
        },
        "http_req_sending": {
            "avg": 0.026256756756756764,
            "max": 0.142,
            "med": 0.012,
            "min": 0.01,
            "p(90)": 0.07930000000000001,
            "p(95)": 0.10365
        },
        "http_req_tls_handshaking": {
            "avg": 0,
            "max": 0,
            "med": 0,
            "min": 0,
            "p(90)": 0,
            "p(95)": 0
        },
        "http_req_waiting": {
            "avg": 44816.13094594595,
            "max": 54810.3,
            "med": 54137.896,
            "min": 2167.174,
            "p(90)": 54650.447799999994,
            "p(95)": 54665.336650000005
        },
        "http_reqs": {
            "count": 148,
            "rate": 0.4484287269502332
        },
        "iteration_duration": {
            "avg": 44815.165736810835,
            "max": 54809.396085,
            "med": 54136.464027,
            "min": 2168.199768,
            "p(90)": 54649.5322481,
            "p(95)": 54663.856883
        },
        "iterations": {
            "count": 148,
            "rate": 0.4484287269502332
        },
        "vus": {
            "max": 25,
            "min": 1,
            "value": 1
        },
        "vus_max": {
            "max": 25,
            "min": 25,
            "value": 25
        }
    },
    "root_group": {
        "name": "",
        "path": "",
        "id": "d41d8cd98f00b204e9800998ecf8427e",
        "groups": {},
        "checks": {
            "status is 200": {
                "name": "status is 200",
                "path": "::status is 200",
                "id": "6210a8cd14cd70477eba5c5e4cb3fb5f",
                "passes": 148,
                "fails": 0
            }
        }
    }
}
