{
    "metrics": {
        "check_failure_rate": {
            "fails": 13391,
            "passes": 0,
            "thresholds": {
                "rate<0.01": false,
                "rate<=0.05": false
            },
            "value": 0
        },
        "checks": {
            "fails": 0,
            "passes": 13391,
            "value": 0
        },
        "data_received": {
            "count": 2330034,
            "rate": 7726.734882924315
        },
        "data_sent": {
            "count": 1539965,
            "rate": 5106.750066300553
        },
        "http_req_blocked": {
            "avg": 0.0058534090060482135,
            "max": 4.275,
            "med": 0.002,
            "min": 0.001,
            "p(90)": 0.003,
            "p(95)": 0.004
        },
        "http_req_connecting": {
            "avg": 0.002649988798446717,
            "max": 4.084,
            "med": 0,
            "min": 0,
            "p(90)": 0,
            "p(95)": 0
        },
        "http_req_duration": {
            "avg": 2088.052007915759,
            "max": 6793.559,
            "med": 1164.625,
            "min": 199.731,
            "p(90)": 4878.842,
            "p(95)": 5398.146500000001,
            "thresholds": {
                "p(95)<5000": true
            }
        },
        "http_req_receiving": {
            "avg": 0.09495258009110542,
            "max": 24.313,
            "med": 0.045,
            "min": 0.018,
            "p(90)": 0.235,
            "p(95)": 0.3605
        },
        "http_req_sending": {
            "avg": 0.013842356806811142,
            "max": 0.19,
            "med": 0.013,
            "min": 0.006,
            "p(90)": 0.016,
            "p(95)": 0.019
        },
        "http_req_tls_handshaking": {
            "avg": 0,
            "max": 0,
            "med": 0,
            "min": 0,
            "p(90)": 0,
            "p(95)": 0
        },
        "http_req_waiting": {
            "avg": 2087.9432129788665,
            "max": 6793.505,
            "med": 1164.439,
            "min": 199.662,
            "p(90)": 4878.796,
            "p(95)": 5398.0830000000005
        },
        "http_reqs": {
            "count": 13391,
            "rate": 44.40652231565698
        },
        "iteration_duration": {
            "avg": 2088.0985655446934,
            "max": 6793.446552,
            "med": 1164.691339,
            "min": 199.813973,
            "p(90)": 4878.79701,
            "p(95)": 5398.087193
        },
        "iterations": {
            "count": 13391,
            "rate": 44.40652231565698
        },
        "vus": {
            "max": 100,
            "min": 3,
            "value": 3
        },
        "vus_max": {
            "max": 100,
            "min": 100,
            "value": 100
        }
    },
    "root_group": {
        "name": "",
        "path": "",
        "id": "d41d8cd98f00b204e9800998ecf8427e",
        "groups": {},
        "checks": {
            "status is 200": {
                "name": "status is 200",
                "path": "::status is 200",
                "id": "6210a8cd14cd70477eba5c5e4cb3fb5f",
                "passes": 13391,
                "fails": 0
            }
        }
    }
}
