{
    "metrics": {
        "check_failure_rate": {
            "fails": 9910,
            "passes": 0,
            "thresholds": {
                "rate<0.01": false,
                "rate<=0.05": false
            },
            "value": 0
        },
        "checks": {
            "fails": 0,
            "passes": 9910,
            "value": 0
        },
        "data_received": {
            "count": 1724340,
            "rate": 5747.104945127936
        },
        "data_sent": {
            "count": 1139650,
            "rate": 3798.373957986854
        },
        "http_req_blocked": {
            "avg": 0.00598647830474388,
            "max": 0.898,
            "med": 0.002,
            "min": 0.001,
            "p(90)": 0.003,
            "p(95)": 0.004
        },
        "http_req_connecting": {
            "avg": 0.0026726538849646815,
            "max": 0.631,
            "med": 0,
            "min": 0,
            "p(90)": 0,
            "p(95)": 0
        },
        "http_req_duration": {
            "avg": 2808.757500302716,
            "max": 3785.403,
            "med": 3309.4215,
            "min": 48.755,
            "p(90)": 3504.6262,
            "p(95)": 3557.77095,
            "thresholds": {
                "p(95)<5000": false
            }
        },
        "http_req_receiving": {
            "avg": 0.18602805247225132,
            "max": 70.851,
            "med": 0.048,
            "min": 0.022,
            "p(90)": 0.164,
            "p(95)": 0.29454999999999926
        },
        "http_req_sending": {
            "avg": 0.01483319878910232,
            "max": 0.138,
            "med": 0.014,
            "min": 0.007,
            "p(90)": 0.018,
            "p(95)": 0.021
        },
        "http_req_tls_handshaking": {
            "avg": 0,
            "max": 0,
            "med": 0,
            "min": 0,
            "p(90)": 0,
            "p(95)": 0
        },
        "http_req_waiting": {
            "avg": 2808.5566390514605,
            "max": 3785.355,
            "med": 3309.319,
            "min": 48.695,
            "p(90)": 3504.5543,
            "p(95)": 3557.6562
        },
        "http_reqs": {
            "count": 9910,
            "rate": 33.02933876510308
        },
        "iteration_duration": {
            "avg": 2809.00634087599,
            "max": 3785.387759,
            "med": 3309.727708,
            "min": 48.851009,
            "p(90)": 3505.1737293,
            "p(95)": 3557.93336635
        },
        "iterations": {
            "count": 9910,
            "rate": 33.02933876510308
        },
        "vus": {
            "max": 100,
            "min": 1,
            "value": 1
        },
        "vus_max": {
            "max": 100,
            "min": 100,
            "value": 100
        }
    },
    "root_group": {
        "name": "",
        "path": "",
        "id": "d41d8cd98f00b204e9800998ecf8427e",
        "groups": {},
        "checks": {
            "status is 200": {
                "name": "status is 200",
                "path": "::status is 200",
                "id": "6210a8cd14cd70477eba5c5e4cb3fb5f",
                "passes": 9910,
                "fails": 0
            }
        }
    }
}
