{
    "metrics": {
        "check_failure_rate": {
            "fails": 3008,
            "passes": 0,
            "thresholds": {
                "rate<0.01": false,
                "rate<=0.05": false
            },
            "value": 0
        },
        "checks": {
            "fails": 0,
            "passes": 3008,
            "value": 0
        },
        "data_received": {
            "count": 514368,
            "rate": 1714.1740422865523
        },
        "data_sent": {
            "count": 333888,
            "rate": 1112.7094660456567
        },
        "http_req_blocked": {
            "avg": 0.0050691489361705915,
            "max": 0.843,
            "med": 0.002,
            "min": 0.001,
            "p(90)": 0.003,
            "p(95)": 0.004
        },
        "http_req_connecting": {
            "avg": 0.0018533909574468084,
            "max": 0.386,
            "med": 0,
            "min": 0,
            "p(90)": 0,
            "p(95)": 0
        },
        "http_req_duration": {
            "avg": 2192.0717702792595,
            "max": 4570.79,
            "med": 2307.237,
            "min": 326.468,
            "p(90)": 3826.6465000000017,
            "p(95)": 4231.494250000001,
            "thresholds": {
                "p(95)<5000": false
            }
        },
        "http_req_receiving": {
            "avg": 0.17846941489361684,
            "max": 5.222,
            "med": 0.054,
            "min": 0.025,
            "p(90)": 0.45,
            "p(95)": 0.5409500000000003
        },
        "http_req_sending": {
            "avg": 0.014378656914893784,
            "max": 0.195,
            "med": 0.013,
            "min": 0.007,
            "p(90)": 0.017,
            "p(95)": 0.02
        },
        "http_req_tls_handshaking": {
            "avg": 0,
            "max": 0,
            "med": 0,
            "min": 0,
            "p(90)": 0,
            "p(95)": 0
        },
        "http_req_waiting": {
            "avg": 2191.8789222074474,
            "max": 4570.733,
            "med": 2307.0874999999996,
            "min": 326.389,
            "p(90)": 3826.5067000000017,
            "p(95)": 4231.43825
        },
        "http_reqs": {
            "count": 3008,
            "rate": 10.024409604014926
        },
        "iteration_duration": {
            "avg": 2192.118157833779,
            "max": 4570.77864,
            "med": 2307.269927,
            "min": 326.58022,
            "p(90)": 3826.6417251000016,
            "p(95)": 4231.4686874
        },
        "iterations": {
            "count": 3008,
            "rate": 10.024409604014926
        },
        "vus": {
            "max": 25,
            "min": 1,
            "value": 1
        },
        "vus_max": {
            "max": 25,
            "min": 25,
            "value": 25
        }
    },
    "root_group": {
        "name": "",
        "path": "",
        "id": "d41d8cd98f00b204e9800998ecf8427e",
        "groups": {},
        "checks": {
            "status is 200": {
                "name": "status is 200",
                "path": "::status is 200",
                "id": "6210a8cd14cd70477eba5c5e4cb3fb5f",
                "passes": 3008,
                "fails": 0
            }
        }
    }
}
