{
    "metrics": {
        "check_failure_rate": {
            "fails": 45927,
            "passes": 1,
            "thresholds": {
                "rate<0.01": false,
                "rate<=0.05": false
            },
            "value": 0
        },
        "checks": {
            "fails": 1,
            "passes": 45927,
            "value": 0
        },
        "data_received": {
            "count": 7991409,
            "rate": 26630.442276850197
        },
        "data_sent": {
            "count": 5281720,
            "rate": 17600.718419303183
        },
        "http_req_blocked": {
            "avg": 0.0038367009231840177,
            "max": 5.736,
            "med": 0.002,
            "min": 0.001,
            "p(90)": 0.003,
            "p(95)": 0.004
        },
        "http_req_connecting": {
            "avg": 0.0010322678975788191,
            "max": 5.663,
            "med": 0,
            "min": 0,
            "p(90)": 0,
            "p(95)": 0
        },
        "http_req_duration": {
            "avg": 604.7305604206587,
            "max": 10244.285,
            "med": 563.295,
            "min": 43.537,
            "p(90)": 998.3699000000001,
            "p(95)": 1106.1187,
            "thresholds": {
                "p(95)<5000": false
            }
        },
        "http_req_receiving": {
            "avg": 0.23674960808223036,
            "max": 95.151,
            "med": 0.047,
            "min": 0.014,
            "p(90)": 0.32,
            "p(95)": 0.605
        },
        "http_req_sending": {
            "avg": 0.014797596237588704,
            "max": 0.583,
            "med": 0.014,
            "min": 0.005,
            "p(90)": 0.019,
            "p(95)": 0.022
        },
        "http_req_tls_handshaking": {
            "avg": 0,
            "max": 0,
            "med": 0,
            "min": 0,
            "p(90)": 0,
            "p(95)": 0
        },
        "http_req_waiting": {
            "avg": 604.4790132163397,
            "max": 10244.229,
            "med": 562.96,
            "min": 43.485,
            "p(90)": 998.1123,
            "p(95)": 1106.0330999999999
        },
        "http_reqs": {
            "count": 45928,
            "rate": 153.04972538524507
        },
        "iteration_duration": {
            "avg": 604.8268959151568,
            "max": 10244.092766,
            "med": 563.4080200000001,
            "min": 43.64651,
            "p(90)": 998.4520433000001,
            "p(95)": 1106.21122265
        },
        "iterations": {
            "count": 45928,
            "rate": 153.04972538524507
        },
        "vus": {
            "max": 100,
            "min": 2,
            "value": 2
        },
        "vus_max": {
            "max": 100,
            "min": 100,
            "value": 100
        }
    },
    "root_group": {
        "name": "",
        "path": "",
        "id": "d41d8cd98f00b204e9800998ecf8427e",
        "groups": {},
        "checks": {
            "status is 200": {
                "name": "status is 200",
                "path": "::status is 200",
                "id": "6210a8cd14cd70477eba5c5e4cb3fb5f",
                "passes": 45927,
                "fails": 1
            }
        }
    }
}
