{
    "metrics": {
        "check_failure_rate": {
            "fails": 308,
            "passes": 0,
            "thresholds": {
                "rate<0.01": false,
                "rate<=0.05": false
            },
            "value": 0
        },
        "checks": {
            "fails": 0,
            "passes": 308,
            "value": 0
        },
        "data_received": {
            "count": 52360,
            "rate": 171.17096389148514
        },
        "data_sent": {
            "count": 37268,
            "rate": 121.83345076982178
        },
        "http_req_blocked": {
            "avg": 0.04191883116883153,
            "max": 1.936,
            "med": 0.002,
            "min": 0.001,
            "p(90)": 0.004,
            "p(95)": 0.33619999999999983
        },
        "http_req_connecting": {
            "avg": 0.02637662337662338,
            "max": 0.619,
            "med": 0,
            "min": 0,
            "p(90)": 0,
            "p(95)": 0.25265
        },
        "http_req_duration": {
            "avg": 21964.623873376608,
            "max": 29562.101,
            "med": 24083.1895,
            "min": 2186.534,
            "p(90)": 26509.654000000002,
            "p(95)": 27136.019,
            "thresholds": {
                "p(95)<5000": true
            }
        },
        "http_req_receiving": {
            "avg": 0.5551006493506495,
            "max": 74.222,
            "med": 0.049,
            "min": 0.024,
            "p(90)": 0.07980000000000007,
            "p(95)": 0.2051499999999984
        },
        "http_req_sending": {
            "avg": 0.02064610389610386,
            "max": 0.181,
            "med": 0.015,
            "min": 0.009,
            "p(90)": 0.02230000000000001,
            "p(95)": 0.060199999999999816
        },
        "http_req_tls_handshaking": {
            "avg": 0,
            "max": 0,
            "med": 0,
            "min": 0,
            "p(90)": 0,
            "p(95)": 0
        },
        "http_req_waiting": {
            "avg": 21964.048126623384,
            "max": 29562.039,
            "med": 24083.1095,
            "min": 2186.485,
            "p(90)": 26487.3326,
            "p(95)": 27135.961049999998
        },
        "http_reqs": {
            "count": 308,
            "rate": 1.006888022891089
        },
        "iteration_duration": {
            "avg": 21964.130203730532,
            "max": 29561.346168,
            "med": 24082.572700999997,
            "min": 2186.568242,
            "p(90)": 26508.996520900004,
            "p(95)": 27135.32092735
        },
        "iterations": {
            "count": 308,
            "rate": 1.006888022891089
        },
        "vus": {
            "max": 25,
            "min": 1,
            "value": 1
        },
        "vus_max": {
            "max": 25,
            "min": 25,
            "value": 25
        }
    },
    "root_group": {
        "name": "",
        "path": "",
        "id": "d41d8cd98f00b204e9800998ecf8427e",
        "groups": {},
        "checks": {
            "status is 200": {
                "name": "status is 200",
                "path": "::status is 200",
                "id": "6210a8cd14cd70477eba5c5e4cb3fb5f",
                "passes": 308,
                "fails": 0
            }
        }
    }
}
