{
    "metrics": {
        "check_failure_rate": {
            "fails": 430,
            "passes": 0,
            "thresholds": {
                "rate<0.01": false,
                "rate<=0.05": false
            },
            "value": 0
        },
        "checks": {
            "fails": 0,
            "passes": 430,
            "value": 0
        },
        "data_received": {
            "count": 73100,
            "rate": 243.25049911774607
        },
        "data_sent": {
            "count": 52030,
            "rate": 173.13711996027808
        },
        "http_req_blocked": {
            "avg": 0.018039534883720867,
            "max": 0.769,
            "med": 0.002,
            "min": 0.001,
            "p(90)": 0.003,
            "p(95)": 0.236
        },
        "http_req_connecting": {
            "avg": 0.010820930232558139,
            "max": 0.271,
            "med": 0,
            "min": 0,
            "p(90)": 0,
            "p(95)": 0.17
        },
        "http_req_duration": {
            "avg": 15544.816593023254,
            "max": 21774.919,
            "med": 16788.578,
            "min": 2175.346,
            "p(90)": 18788.2671,
            "p(95)": 19335.752199999995,
            "thresholds": {
                "p(95)<5000": true
            }
        },
        "http_req_receiving": {
            "avg": 0.07314418604651175,
            "max": 1.868,
            "med": 0.044,
            "min": 0.026,
            "p(90)": 0.097,
            "p(95)": 0.12664999999999987
        },
        "http_req_sending": {
            "avg": 0.01582558139534881,
            "max": 0.124,
            "med": 0.011,
            "min": 0.009,
            "p(90)": 0.028100000000000024,
            "p(95)": 0.043
        },
        "http_req_tls_handshaking": {
            "avg": 0,
            "max": 0,
            "med": 0,
            "min": 0,
            "p(90)": 0,
            "p(95)": 0
        },
        "http_req_waiting": {
            "avg": 15544.72762325582,
            "max": 21774.333,
            "med": 16788.477,
            "min": 2175.176,
            "p(90)": 18788.215500000002,
            "p(95)": 19335.65844999999
        },
        "http_reqs": {
            "count": 430,
            "rate": 1.430885288927918
        },
        "iteration_duration": {
            "avg": 15545.602720020932,
            "max": 21774.372689,
            "med": 16788.21168,
            "min": 2176.29382,
            "p(90)": 18788.828522900003,
            "p(95)": 19335.268698949993
        },
        "iterations": {
            "count": 430,
            "rate": 1.430885288927918
        },
        "vus": {
            "max": 25,
            "min": 1,
            "value": 6
        },
        "vus_max": {
            "max": 25,
            "min": 25,
            "value": 25
        }
    },
    "root_group": {
        "name": "",
        "path": "",
        "id": "d41d8cd98f00b204e9800998ecf8427e",
        "groups": {},
        "checks": {
            "status is 200": {
                "name": "status is 200",
                "path": "::status is 200",
                "id": "6210a8cd14cd70477eba5c5e4cb3fb5f",
                "passes": 430,
                "fails": 0
            }
        }
    }
}
