{
    "metrics": {
        "check_failure_rate": {
            "fails": 2894,
            "passes": 0,
            "thresholds": {
                "rate<0.01": false,
                "rate<=0.05": false
            },
            "value": 0
        },
        "checks": {
            "fails": 0,
            "passes": 2894,
            "value": 0
        },
        "data_received": {
            "count": 494874,
            "rate": 1647.911335967275
        },
        "data_sent": {
            "count": 321234,
            "rate": 1069.6968321191084
        },
        "http_req_blocked": {
            "avg": 0.004755701451278795,
            "max": 0.96,
            "med": 0.002,
            "min": 0.001,
            "p(90)": 0.002,
            "p(95)": 0.003
        },
        "http_req_connecting": {
            "avg": 0.001795438838977194,
            "max": 0.424,
            "med": 0,
            "min": 0,
            "p(90)": 0,
            "p(95)": 0
        },
        "http_req_duration": {
            "avg": 2278.4782322045576,
            "max": 4632.564,
            "med": 2955.9715,
            "min": 324.616,
            "p(90)": 3645.2994000000003,
            "p(95)": 3828.7617,
            "thresholds": {
                "p(95)<5000": false
            }
        },
        "http_req_receiving": {
            "avg": 0.06583655839668268,
            "max": 4.365,
            "med": 0.04,
            "min": 0.023,
            "p(90)": 0.09370000000000027,
            "p(95)": 0.199
        },
        "http_req_sending": {
            "avg": 0.013142363510712062,
            "max": 0.134,
            "med": 0.012,
            "min": 0.007,
            "p(90)": 0.014,
            "p(95)": 0.018349999999999908
        },
        "http_req_tls_handshaking": {
            "avg": 0,
            "max": 0,
            "med": 0,
            "min": 0,
            "p(90)": 0,
            "p(95)": 0
        },
        "http_req_waiting": {
            "avg": 2278.3992532826514,
            "max": 4632.514,
            "med": 2955.9205,
            "min": 324.549,
            "p(90)": 3645.2509000000005,
            "p(95)": 3828.70735
        },
        "http_reqs": {
            "count": 2894,
            "rate": 9.636908397469444
        },
        "iteration_duration": {
            "avg": 2278.682880951625,
            "max": 4632.51919,
            "med": 2955.980753,
            "min": 324.715051,
            "p(90)": 3645.3330509,
            "p(95)": 3828.7516222
        },
        "iterations": {
            "count": 2894,
            "rate": 9.636908397469444
        },
        "vus": {
            "max": 25,
            "min": 1,
            "value": 1
        },
        "vus_max": {
            "max": 25,
            "min": 25,
            "value": 25
        }
    },
    "root_group": {
        "name": "",
        "path": "",
        "id": "d41d8cd98f00b204e9800998ecf8427e",
        "groups": {},
        "checks": {
            "status is 200": {
                "name": "status is 200",
                "path": "::status is 200",
                "id": "6210a8cd14cd70477eba5c5e4cb3fb5f",
                "passes": 2894,
                "fails": 0
            }
        }
    }
}
