{
    "metrics": {
        "check_failure_rate": {
            "fails": 6831,
            "passes": 0,
            "thresholds": {
                "rate<0.01": false,
                "rate<=0.05": false
            },
            "value": 0
        },
        "checks": {
            "fails": 0,
            "passes": 6831,
            "value": 0
        },
        "data_received": {
            "count": 1188594,
            "rate": 3948.2319365900066
        },
        "data_sent": {
            "count": 785565,
            "rate": 2609.463636252016
        },
        "http_req_blocked": {
            "avg": 0.01051993851559069,
            "max": 4.9999,
            "med": 0,
            "min": 0,
            "p(90)": 0,
            "p(95)": 0
        },
        "http_req_connecting": {
            "avg": 0.00610518225735617,
            "max": 4.9999,
            "med": 0,
            "min": 0,
            "p(90)": 0,
            "p(95)": 0
        },
        "http_req_duration": {
            "avg": 4079.301234519095,
            "max": 9011.5982,
            "med": 3375.9532,
            "min": 83.5323,
            "p(90)": 7433.0679,
            "p(95)": 7842.227150000001,
            "thresholds": {
                "p(95)<5000": true
            }
        },
        "http_req_receiving": {
            "avg": 0.1745282828282827,
            "max": 55.0024,
            "med": 0,
            "min": 0,
            "p(90)": 0.9964,
            "p(95)": 1.0006
        },
        "http_req_sending": {
            "avg": 0.026240140535792697,
            "max": 6.9984,
            "med": 0,
            "min": 0,
            "p(90)": 0,
            "p(95)": 0
        },
        "http_req_tls_handshaking": {
            "avg": 0,
            "max": 0,
            "med": 0,
            "min": 0,
            "p(90)": 0,
            "p(95)": 0
        },
        "http_req_waiting": {
            "avg": 4079.100466095735,
            "max": 9011.5982,
            "med": 3375.7296,
            "min": 83.5323,
            "p(90)": 7433.0679,
            "p(95)": 7842.227150000001
        },
        "http_reqs": {
            "count": 6831,
            "rate": 22.690988141321878
        },
        "iteration_duration": {
            "avg": 4079.5477268189125,
            "max": 9011.6144,
            "med": 3376.4639,
            "min": 83.5324,
            "p(90)": 7433.2517,
            "p(95)": 7842.5485
        },
        "iterations": {
            "count": 6831,
            "rate": 22.690988141321878
        },
        "vus": {
            "max": 100,
            "min": 1,
            "value": 1
        },
        "vus_max": {
            "max": 100,
            "min": 100,
            "value": 100
        }
    },
    "root_group": {
        "name": "",
        "path": "",
        "id": "d41d8cd98f00b204e9800998ecf8427e",
        "groups": {},
        "checks": {
            "status is 200": {
                "name": "status is 200",
                "path": "::status is 200",
                "id": "6210a8cd14cd70477eba5c5e4cb3fb5f",
                "passes": 6831,
                "fails": 0
            }
        }
    }
}
