{
    "metrics": {
        "check_failure_rate": {
            "fails": 4057,
            "passes": 2,
            "thresholds": {
                "rate<0.01": false,
                "rate<=0.05": false
            },
            "value": 0
        },
        "checks": {
            "fails": 2,
            "passes": 4057,
            "value": 0
        },
        "data_received": {
            "count": 821704,
            "rate": 2605.758145050703
        },
        "data_sent": {
            "count": 466785,
            "rate": 1480.2517886459025
        },
        "http_req_blocked": {
            "avg": 0.00675905395417555,
            "max": 1.089,
            "med": 0.002,
            "min": 0.001,
            "p(90)": 0.004,
            "p(95)": 0.004
        },
        "http_req_connecting": {
            "avg": 0.002785168760778518,
            "max": 0.948,
            "med": 0,
            "min": 0,
            "p(90)": 0,
            "p(95)": 0
        },
        "http_req_duration": {
            "avg": 3256.2759191919076,
            "max": 60002.252,
            "med": 3155.615,
            "min": 799.282,
            "p(90)": 4696.0686000000005,
            "p(95)": 5123.784000000001,
            "thresholds": {
                "p(95)<5000": true
            }
        },
        "http_req_receiving": {
            "avg": 0.11018009361911787,
            "max": 3.018,
            "med": 0.053,
            "min": 0,
            "p(90)": 0.253,
            "p(95)": 0.43
        },
        "http_req_sending": {
            "avg": 0.016143138704114584,
            "max": 0.122,
            "med": 0.014,
            "min": 0.008,
            "p(90)": 0.02,
            "p(95)": 0.027
        },
        "http_req_tls_handshaking": {
            "avg": 0,
            "max": 0,
            "med": 0,
            "min": 0,
            "p(90)": 0,
            "p(95)": 0
        },
        "http_req_waiting": {
            "avg": 3256.149595959602,
            "max": 60002.238,
            "med": 3155.338,
            "min": 799.22,
            "p(90)": 4695.8566,
            "p(95)": 5123.7031
        },
        "http_reqs": {
            "count": 4059,
            "rate": 12.871754683877413
        },
        "iteration_duration": {
            "avg": 3256.3059409891594,
            "max": 60000.603618,
            "med": 3155.632781,
            "min": 799.392374,
            "p(90)": 4696.0378886,
            "p(95)": 5123.7717082
        },
        "iterations": {
            "count": 4059,
            "rate": 12.871754683877413
        },
        "vus": {
            "max": 50,
            "min": 1,
            "value": 1
        },
        "vus_max": {
            "max": 50,
            "min": 50,
            "value": 50
        }
    },
    "root_group": {
        "name": "",
        "path": "",
        "id": "d41d8cd98f00b204e9800998ecf8427e",
        "groups": {},
        "checks": {
            "status is 200": {
                "name": "status is 200",
                "path": "::status is 200",
                "id": "6210a8cd14cd70477eba5c5e4cb3fb5f",
                "passes": 4057,
                "fails": 2
            }
        }
    }
}
