{
    "metrics": {
        "check_failure_rate": {
            "fails": 30277,
            "passes": 0,
            "thresholds": {
                "rate<0.01": false,
                "rate<=0.05": false
            },
            "value": 0
        },
        "checks": {
            "fails": 0,
            "passes": 60554,
            "value": 0
        },
        "data_received": {
            "count": 8719776,
            "rate": 29060.12424881982
        },
        "data_sent": {
            "count": 3300193,
            "rate": 10998.449802504723
        },
        "http_req_blocked": {
            "avg": 0.004195627043629547,
            "max": 2.359,
            "med": 0.002,
            "min": 0.001,
            "p(90)": 0.004,
            "p(95)": 0.005
        },
        "http_req_connecting": {
            "avg": 0.0010154903061730027,
            "max": 0.915,
            "med": 0,
            "min": 0,
            "p(90)": 0,
            "p(95)": 0
        },
        "http_req_duration": {
            "avg": 917.8051482313346,
            "max": 3085.268,
            "med": 806.003,
            "min": 4.33,
            "p(90)": 1691.0336,
            "p(95)": 1899.9514000000001,
            "thresholds": {
                "p(95)<5000": false
            }
        },
        "http_req_receiving": {
            "avg": 0.6451582719556197,
            "max": 116.423,
            "med": 0.048,
            "min": 0.016,
            "p(90)": 0.357,
            "p(95)": 0.599
        },
        "http_req_sending": {
            "avg": 0.01637444264623188,
            "max": 0.298,
            "med": 0.015,
            "min": 0.006,
            "p(90)": 0.022,
            "p(95)": 0.025
        },
        "http_req_tls_handshaking": {
            "avg": 0,
            "max": 0,
            "med": 0,
            "min": 0,
            "p(90)": 0,
            "p(95)": 0
        },
        "http_req_waiting": {
            "avg": 917.1436155167228,
            "max": 3085.195,
            "med": 805.744,
            "min": 4.292,
            "p(90)": 1690.7330000000002,
            "p(95)": 1899.7046
        },
        "http_reqs": {
            "count": 30277,
            "rate": 100.90320919729103
        },
        "iteration_duration": {
            "avg": 917.9122310092768,
            "max": 3085.29984,
            "med": 806.126193,
            "min": 4.413587,
            "p(90)": 1691.1037826,
            "p(95)": 1900.0323263999999
        },
        "iterations": {
            "count": 30277,
            "rate": 100.90320919729103
        },
        "vus": {
            "max": 100,
            "min": 1,
            "value": 1
        },
        "vus_max": {
            "max": 100,
            "min": 100,
            "value": 100
        }
    },
    "root_group": {
        "name": "",
        "path": "",
        "id": "d41d8cd98f00b204e9800998ecf8427e",
        "groups": {},
        "checks": {
            "content is present": {
                "name": "content is present",
                "path": "::content is present",
                "id": "f162f55df55ff1646f977d711ea38a01",
                "passes": 30277,
                "fails": 0
            },
            "status is 200": {
                "name": "status is 200",
                "path": "::status is 200",
                "id": "6210a8cd14cd70477eba5c5e4cb3fb5f",
                "passes": 30277,
                "fails": 0
            }
        }
    }
}
