{
    "metrics": {
        "check_failure_rate": {
            "fails": 13319,
            "passes": 0,
            "thresholds": {
                "rate<0.01": false,
                "rate<=0.05": false
            },
            "value": 0
        },
        "checks": {
            "fails": 0,
            "passes": 13319,
            "value": 0
        },
        "data_received": {
            "count": 2317506,
            "rate": 7723.995952616601
        },
        "data_sent": {
            "count": 1531685,
            "rate": 5104.939853740857
        },
        "http_req_blocked": {
            "avg": 0.006145506419399805,
            "max": 6.19,
            "med": 0.002,
            "min": 0.001,
            "p(90)": 0.003,
            "p(95)": 0.003
        },
        "http_req_connecting": {
            "avg": 0.00308048652301224,
            "max": 6.118,
            "med": 0,
            "min": 0,
            "p(90)": 0,
            "p(95)": 0
        },
        "http_req_duration": {
            "avg": 2087.744369397098,
            "max": 2713.272,
            "med": 2203.444,
            "min": 46.444,
            "p(90)": 2408.5104,
            "p(95)": 2477.248,
            "thresholds": {
                "p(95)<5000": false
            }
        },
        "http_req_receiving": {
            "avg": 0.36528883549815805,
            "max": 85.455,
            "med": 0.044,
            "min": 0.021,
            "p(90)": 0.179,
            "p(95)": 0.32009999999999855
        },
        "http_req_sending": {
            "avg": 0.013921465575493857,
            "max": 0.158,
            "med": 0.013,
            "min": 0.006,
            "p(90)": 0.017,
            "p(95)": 0.02
        },
        "http_req_tls_handshaking": {
            "avg": 0,
            "max": 0,
            "med": 0,
            "min": 0,
            "p(90)": 0,
            "p(95)": 0
        },
        "http_req_waiting": {
            "avg": 2087.365159096021,
            "max": 2713.038,
            "med": 2203.268,
            "min": 46.406,
            "p(90)": 2408.3362,
            "p(95)": 2477.0721999999996
        },
        "http_reqs": {
            "count": 13319,
            "rate": 44.39078133687702
        },
        "iteration_duration": {
            "avg": 2087.787275427284,
            "max": 2713.30399,
            "med": 2203.47212,
            "min": 46.519888,
            "p(90)": 2408.5336934,
            "p(95)": 2477.2585685999998
        },
        "iterations": {
            "count": 13319,
            "rate": 44.39078133687702
        },
        "vus": {
            "max": 100,
            "min": 1,
            "value": 1
        },
        "vus_max": {
            "max": 100,
            "min": 100,
            "value": 100
        }
    },
    "root_group": {
        "name": "",
        "path": "",
        "id": "d41d8cd98f00b204e9800998ecf8427e",
        "groups": {},
        "checks": {
            "status is 200": {
                "name": "status is 200",
                "path": "::status is 200",
                "id": "6210a8cd14cd70477eba5c5e4cb3fb5f",
                "passes": 13319,
                "fails": 0
            }
        }
    }
}
