{
    "metrics": {
        "check_failure_rate": {
            "fails": 3406,
            "passes": 0,
            "thresholds": {
                "rate<0.01": false,
                "rate<=0.05": false
            },
            "value": 0
        },
        "checks": {
            "fails": 0,
            "passes": 3406,
            "value": 0
        },
        "data_received": {
            "count": 592644,
            "rate": 1944.3580732221333
        },
        "data_sent": {
            "count": 391690,
            "rate": 1285.0642437962376
        },
        "http_req_blocked": {
            "avg": 0.01282442748091753,
            "max": 1.408,
            "med": 0.002,
            "min": 0.001,
            "p(90)": 0.003,
            "p(95)": 0.005
        },
        "http_req_connecting": {
            "avg": 0.00794186729301233,
            "max": 1.224,
            "med": 0,
            "min": 0,
            "p(90)": 0,
            "p(95)": 0
        },
        "http_req_duration": {
            "avg": 8226.495607751021,
            "max": 22640.297,
            "med": 4409.2905,
            "min": 2375.634,
            "p(90)": 19802.7805,
            "p(95)": 19959.781,
            "thresholds": {
                "p(95)<5000": true
            }
        },
        "http_req_receiving": {
            "avg": 0.06515795654726975,
            "max": 1.785,
            "med": 0.046,
            "min": 0.032,
            "p(90)": 0.077,
            "p(95)": 0.188
        },
        "http_req_sending": {
            "avg": 0.014812683499706715,
            "max": 0.184,
            "med": 0.013,
            "min": 0.01,
            "p(90)": 0.016,
            "p(95)": 0.019
        },
        "http_req_tls_handshaking": {
            "avg": 0,
            "max": 0,
            "med": 0,
            "min": 0,
            "p(90)": 0,
            "p(95)": 0
        },
        "http_req_waiting": {
            "avg": 8226.415637110988,
            "max": 22640.235,
            "med": 4409.231,
            "min": 2375.578,
            "p(90)": 19802.682,
            "p(95)": 19959.7155
        },
        "http_reqs": {
            "count": 3406,
            "rate": 11.174471685184674
        },
        "iteration_duration": {
            "avg": 8226.57839965355,
            "max": 22639.726599,
            "med": 4409.273664,
            "min": 2375.666306,
            "p(90)": 19802.292441,
            "p(95)": 19959.29539125
        },
        "iterations": {
            "count": 3406,
            "rate": 11.174471685184674
        },
        "vus": {
            "max": 100,
            "min": 4,
            "value": 4
        },
        "vus_max": {
            "max": 100,
            "min": 100,
            "value": 100
        }
    },
    "root_group": {
        "name": "",
        "path": "",
        "id": "d41d8cd98f00b204e9800998ecf8427e",
        "groups": {},
        "checks": {
            "status is 200": {
                "name": "status is 200",
                "path": "::status is 200",
                "id": "6210a8cd14cd70477eba5c5e4cb3fb5f",
                "passes": 3406,
                "fails": 0
            }
        }
    }
}
