{
    "metrics": {
        "check_failure_rate": {
            "fails": 1674,
            "passes": 4,
            "thresholds": {
                "rate<0.01": false,
                "rate<=0.05": false
            },
            "value": 0
        },
        "checks": {
            "fails": 4,
            "passes": 1674,
            "value": 0
        },
        "data_received": {
            "count": 339379,
            "rate": 1117.323225161906
        },
        "data_sent": {
            "count": 192970,
            "rate": 635.3070247702216
        },
        "http_req_blocked": {
            "avg": 0.01334624553039303,
            "max": 0.943,
            "med": 0.002,
            "min": 0.001,
            "p(90)": 0.004,
            "p(95)": 0.006
        },
        "http_req_connecting": {
            "avg": 0.007655542312276521,
            "max": 0.385,
            "med": 0,
            "min": 0,
            "p(90)": 0,
            "p(95)": 0
        },
        "http_req_duration": {
            "avg": 7948.719678188321,
            "max": 60006.113,
            "med": 8384.36,
            "min": 840.846,
            "p(90)": 10101.9387,
            "p(95)": 10575.7663,
            "thresholds": {
                "p(95)<5000": true
            }
        },
        "http_req_receiving": {
            "avg": 0.47138736591179925,
            "max": 85.333,
            "med": 0.053,
            "min": 0,
            "p(90)": 0.193,
            "p(95)": 0.3211499999999999
        },
        "http_req_sending": {
            "avg": 0.01690882002383791,
            "max": 0.109,
            "med": 0.015,
            "min": 0.011,
            "p(90)": 0.021299999999999954,
            "p(95)": 0.027
        },
        "http_req_tls_handshaking": {
            "avg": 0,
            "max": 0,
            "med": 0,
            "min": 0,
            "p(90)": 0,
            "p(95)": 0
        },
        "http_req_waiting": {
            "avg": 7948.231382002374,
            "max": 60006.099,
            "med": 8384.069,
            "min": 840.69,
            "p(90)": 10101.8362,
            "p(95)": 10575.691149999999
        },
        "http_reqs": {
            "count": 1678,
            "rate": 5.524408911045405
        },
        "iteration_duration": {
            "avg": 7948.61660877831,
            "max": 60004.472636,
            "med": 8384.224822,
            "min": 841.353322,
            "p(90)": 10102.013563600001,
            "p(95)": 10575.5820506
        },
        "iterations": {
            "count": 1678,
            "rate": 5.524408911045405
        },
        "vus": {
            "max": 50,
            "min": 1,
            "value": 1
        },
        "vus_max": {
            "max": 50,
            "min": 50,
            "value": 50
        }
    },
    "root_group": {
        "name": "",
        "path": "",
        "id": "d41d8cd98f00b204e9800998ecf8427e",
        "groups": {},
        "checks": {
            "status is 200": {
                "name": "status is 200",
                "path": "::status is 200",
                "id": "6210a8cd14cd70477eba5c5e4cb3fb5f",
                "passes": 1674,
                "fails": 4
            }
        }
    }
}
