{
    "metrics": {
        "check_failure_rate": {
            "fails": 145,
            "passes": 0,
            "thresholds": {
                "rate<0.01": false,
                "rate<=0.05": false
            },
            "value": 0
        },
        "checks": {
            "fails": 0,
            "passes": 145,
            "value": 0
        },
        "data_received": {
            "count": 24650,
            "rate": 74.68803383953923
        },
        "data_sent": {
            "count": 18997,
            "rate": 57.559780075039626
        },
        "http_req_blocked": {
            "avg": 0.07339310344827613,
            "max": 1.281,
            "med": 0.002,
            "min": 0.001,
            "p(90)": 0.3289999999999998,
            "p(95)": 0.45739999999999986
        },
        "http_req_connecting": {
            "avg": 0.04767586206896553,
            "max": 0.491,
            "med": 0,
            "min": 0,
            "p(90)": 0.24139999999999986,
            "p(95)": 0.33019999999999994
        },
        "http_req_duration": {
            "avg": 45484.45117241379,
            "max": 55639.598,
            "med": 55074.42,
            "min": 2216.713,
            "p(90)": 55465.6578,
            "p(95)": 55600.8272,
            "thresholds": {
                "p(95)<5000": true
            }
        },
        "http_req_receiving": {
            "avg": 0.09806896551724133,
            "max": 0.644,
            "med": 0.055,
            "min": 0.034,
            "p(90)": 0.19339999999999935,
            "p(95)": 0.42039999999999983
        },
        "http_req_sending": {
            "avg": 0.025372413793103444,
            "max": 0.174,
            "med": 0.013,
            "min": 0.01,
            "p(90)": 0.0676,
            "p(95)": 0.08119999999999994
        },
        "http_req_tls_handshaking": {
            "avg": 0,
            "max": 0,
            "med": 0,
            "min": 0,
            "p(90)": 0,
            "p(95)": 0
        },
        "http_req_waiting": {
            "avg": 45484.32773103447,
            "max": 55639.502,
            "med": 55074.318,
            "min": 2216.434,
            "p(90)": 55465.592800000006,
            "p(95)": 55600.7474
        },
        "http_reqs": {
            "count": 145,
            "rate": 0.4393413755267013
        },
        "iteration_duration": {
            "avg": 45483.28416842069,
            "max": 55638.020101,
            "med": 55072.878853,
            "min": 2218.265441,
            "p(90)": 55464.1140402,
            "p(95)": 55599.2578446
        },
        "iterations": {
            "count": 145,
            "rate": 0.4393413755267013
        },
        "vus": {
            "max": 25,
            "min": 1,
            "value": 1
        },
        "vus_max": {
            "max": 25,
            "min": 25,
            "value": 25
        }
    },
    "root_group": {
        "name": "",
        "path": "",
        "id": "d41d8cd98f00b204e9800998ecf8427e",
        "groups": {},
        "checks": {
            "status is 200": {
                "name": "status is 200",
                "path": "::status is 200",
                "id": "6210a8cd14cd70477eba5c5e4cb3fb5f",
                "passes": 145,
                "fails": 0
            }
        }
    }
}
