{
    "metrics": {
        "check_failure_rate": {
            "fails": 546,
            "passes": 0,
            "thresholds": {
                "rate<0.01": false,
                "rate<=0.05": false
            },
            "value": 0
        },
        "checks": {
            "fails": 0,
            "passes": 546,
            "value": 0
        },
        "data_received": {
            "count": 92820,
            "rate": 303.7954150948519
        },
        "data_sent": {
            "count": 66066,
            "rate": 216.23085427339458
        },
        "http_req_blocked": {
            "avg": 0.016824175824176096,
            "max": 0.927,
            "med": 0.002,
            "min": 0.001,
            "p(90)": 0.003,
            "p(95)": 0.023
        },
        "http_req_connecting": {
            "avg": 0.00956959706959707,
            "max": 0.347,
            "med": 0,
            "min": 0,
            "p(90)": 0,
            "p(95)": 0
        },
        "http_req_duration": {
            "avg": 12295.959831501837,
            "max": 14927.955,
            "med": 13471.965,
            "min": 2215.663,
            "p(90)": 14531.7735,
            "p(95)": 14602.914,
            "thresholds": {
                "p(95)<5000": true
            }
        },
        "http_req_receiving": {
            "avg": 0.12336263736263735,
            "max": 2.827,
            "med": 0.057,
            "min": 0.03,
            "p(90)": 0.33799999999999997,
            "p(95)": 0.471
        },
        "http_req_sending": {
            "avg": 0.01704029304029293,
            "max": 0.107,
            "med": 0.013,
            "min": 0.009,
            "p(90)": 0.028,
            "p(95)": 0.041
        },
        "http_req_tls_handshaking": {
            "avg": 0,
            "max": 0,
            "med": 0,
            "min": 0,
            "p(90)": 0,
            "p(95)": 0
        },
        "http_req_waiting": {
            "avg": 12295.819428571422,
            "max": 14927.9,
            "med": 13471.9115,
            "min": 2215.376,
            "p(90)": 14531.6445,
            "p(95)": 14602.70825
        },
        "http_reqs": {
            "count": 546,
            "rate": 1.7870318534991287
        },
        "iteration_duration": {
            "avg": 12295.734368087908,
            "max": 14927.624818,
            "med": 13471.680313,
            "min": 2215.749669,
            "p(90)": 14531.4551045,
            "p(95)": 14602.5825515
        },
        "iterations": {
            "count": 546,
            "rate": 1.7870318534991287
        },
        "vus": {
            "max": 25,
            "min": 1,
            "value": 3
        },
        "vus_max": {
            "max": 25,
            "min": 25,
            "value": 25
        }
    },
    "root_group": {
        "name": "",
        "path": "",
        "id": "d41d8cd98f00b204e9800998ecf8427e",
        "groups": {},
        "checks": {
            "status is 200": {
                "name": "status is 200",
                "path": "::status is 200",
                "id": "6210a8cd14cd70477eba5c5e4cb3fb5f",
                "passes": 546,
                "fails": 0
            }
        }
    }
}
