{
    "metrics": {
        "check_failure_rate": {
            "fails": 7195,
            "passes": 0,
            "thresholds": {
                "rate<0.01": false,
                "rate<=0.05": false
            },
            "value": 0
        },
        "checks": {
            "fails": 0,
            "passes": 14390,
            "value": 0
        },
        "data_received": {
            "count": 1460585,
            "rate": 4868.2090839747925
        },
        "data_sent": {
            "count": 538797575,
            "rate": 1795841.5628248884
        },
        "http_req_blocked": {
            "avg": 0.006941904100069668,
            "max": 10.055,
            "med": 0.003,
            "min": 0.001,
            "p(90)": 0.004,
            "p(95)": 0.005
        },
        "http_req_connecting": {
            "avg": 0.001917581653926338,
            "max": 0.387,
            "med": 0,
            "min": 0,
            "p(90)": 0,
            "p(95)": 0
        },
        "http_req_duration": {
            "avg": 1828.3707548297439,
            "max": 8082.131,
            "med": 1001.783,
            "min": 21.335,
            "p(90)": 4596.2554,
            "p(95)": 5880.228999999998,
            "thresholds": {
                "p(95)<5000": true
            }
        },
        "http_req_receiving": {
            "avg": 0.7564113968033306,
            "max": 93.542,
            "med": 0.052,
            "min": 0.023,
            "p(90)": 0.272,
            "p(95)": 0.52
        },
        "http_req_sending": {
            "avg": 0.16920138985406466,
            "max": 0.589,
            "med": 0.163,
            "min": 0.093,
            "p(90)": 0.215,
            "p(95)": 0.236
        },
        "http_req_tls_handshaking": {
            "avg": 0,
            "max": 0,
            "med": 0,
            "min": 0,
            "p(90)": 0,
            "p(95)": 0
        },
        "http_req_waiting": {
            "avg": 1827.4451420430837,
            "max": 8081.957,
            "med": 1001.506,
            "min": 21.157,
            "p(90)": 4595.3964,
            "p(95)": 5879.988299999998
        },
        "http_reqs": {
            "count": 7195,
            "rate": 23.981325536821636
        },
        "iteration_duration": {
            "avg": 1829.6289674485074,
            "max": 8082.848736,
            "med": 1003.166626,
            "min": 22.18792,
            "p(90)": 4597.2466878000005,
            "p(95)": 5881.120554099998
        },
        "iterations": {
            "count": 7195,
            "rate": 23.981325536821636
        },
        "vus": {
            "max": 50,
            "min": 1,
            "value": 1
        },
        "vus_max": {
            "max": 50,
            "min": 50,
            "value": 50
        }
    },
    "root_group": {
        "name": "",
        "path": "",
        "id": "d41d8cd98f00b204e9800998ecf8427e",
        "groups": {},
        "checks": {
            "content is present": {
                "name": "content is present",
                "path": "::content is present",
                "id": "f162f55df55ff1646f977d711ea38a01",
                "passes": 7195,
                "fails": 0
            },
            "status is 200": {
                "name": "status is 200",
                "path": "::status is 200",
                "id": "6210a8cd14cd70477eba5c5e4cb3fb5f",
                "passes": 7195,
                "fails": 0
            }
        }
    }
}
