{
    "metrics": {
        "check_failure_rate": {
            "fails": 873,
            "passes": 0,
            "thresholds": {
                "rate<0.01": false,
                "rate<=0.05": false
            },
            "value": 0
        },
        "checks": {
            "fails": 0,
            "passes": 873,
            "value": 0
        },
        "data_received": {
            "count": 149283,
            "rate": 497.06501625928996
        },
        "data_sent": {
            "count": 96903,
            "rate": 322.65623862445136
        },
        "http_req_blocked": {
            "avg": 0.010436426116838687,
            "max": 0.733,
            "med": 0.002,
            "min": 0.001,
            "p(90)": 0.003,
            "p(95)": 0.007399999999999978
        },
        "http_req_connecting": {
            "avg": 0.005564719358533792,
            "max": 0.421,
            "med": 0,
            "min": 0,
            "p(90)": 0,
            "p(95)": 0
        },
        "http_req_duration": {
            "avg": 7605.38568155784,
            "max": 10302.866,
            "med": 8356.614,
            "min": 326.279,
            "p(90)": 9234.033000000001,
            "p(95)": 9459.3424,
            "thresholds": {
                "p(95)<5000": true
            }
        },
        "http_req_receiving": {
            "avg": 0.08426002290950746,
            "max": 3.247,
            "med": 0.052,
            "min": 0.025,
            "p(90)": 0.1344000000000002,
            "p(95)": 0.26739999999999997
        },
        "http_req_sending": {
            "avg": 0.015119129438716931,
            "max": 0.102,
            "med": 0.011,
            "min": 0.009,
            "p(90)": 0.028,
            "p(95)": 0.033799999999999955
        },
        "http_req_tls_handshaking": {
            "avg": 0,
            "max": 0,
            "med": 0,
            "min": 0,
            "p(90)": 0,
            "p(95)": 0
        },
        "http_req_waiting": {
            "avg": 7605.286302405502,
            "max": 10302.692,
            "med": 8356.31,
            "min": 326.219,
            "p(90)": 9233.9752,
            "p(95)": 9459.2722
        },
        "http_reqs": {
            "count": 873,
            "rate": 2.906812960580643
        },
        "iteration_duration": {
            "avg": 7605.282309515476,
            "max": 10302.650748,
            "med": 8356.514441,
            "min": 326.365104,
            "p(90)": 9233.8617378,
            "p(95)": 9459.148234
        },
        "iterations": {
            "count": 873,
            "rate": 2.906812960580643
        },
        "vus": {
            "max": 25,
            "min": 1,
            "value": 1
        },
        "vus_max": {
            "max": 25,
            "min": 25,
            "value": 25
        }
    },
    "root_group": {
        "name": "",
        "path": "",
        "id": "d41d8cd98f00b204e9800998ecf8427e",
        "groups": {},
        "checks": {
            "status is 200": {
                "name": "status is 200",
                "path": "::status is 200",
                "id": "6210a8cd14cd70477eba5c5e4cb3fb5f",
                "passes": 873,
                "fails": 0
            }
        }
    }
}
