{
    "metrics": {
        "check_failure_rate": {
            "fails": 149,
            "passes": 0,
            "thresholds": {
                "rate<0.01": false,
                "rate<=0.05": false
            },
            "value": 0
        },
        "checks": {
            "fails": 0,
            "passes": 149,
            "value": 0
        },
        "data_received": {
            "count": 25330,
            "rate": 76.74830944577803
        },
        "data_sent": {
            "count": 19360,
            "rate": 58.659584321763234
        },
        "http_req_blocked": {
            "avg": 0.07397986577181226,
            "max": 1.319,
            "med": 0.002,
            "min": 0.001,
            "p(90)": 0.2830000000000001,
            "p(95)": 0.5083999999999992
        },
        "http_req_connecting": {
            "avg": 0.04758389261744967,
            "max": 0.488,
            "med": 0,
            "min": 0,
            "p(90)": 0.1990000000000001,
            "p(95)": 0.32439999999999997
        },
        "http_req_duration": {
            "avg": 44661.32428859057,
            "max": 54297.379,
            "med": 53794.09,
            "min": 2171.116,
            "p(90)": 54220.246999999996,
            "p(95)": 54244.56,
            "thresholds": {
                "p(95)<5000": true
            }
        },
        "http_req_receiving": {
            "avg": 0.13236912751677857,
            "max": 1.225,
            "med": 0.058,
            "min": 0.035,
            "p(90)": 0.3314000000000003,
            "p(95)": 0.463
        },
        "http_req_sending": {
            "avg": 0.02355033557046981,
            "max": 0.17,
            "med": 0.012,
            "min": 0.009,
            "p(90)": 0.06320000000000002,
            "p(95)": 0.08519999999999996
        },
        "http_req_tls_handshaking": {
            "avg": 0,
            "max": 0,
            "med": 0,
            "min": 0,
            "p(90)": 0,
            "p(95)": 0
        },
        "http_req_waiting": {
            "avg": 44661.16836912753,
            "max": 54297.238,
            "med": 53794.02,
            "min": 2170.563,
            "p(90)": 54220.1756,
            "p(95)": 54244.457
        },
        "http_reqs": {
            "count": 149,
            "rate": 0.4514606437986943
        },
        "iteration_duration": {
            "avg": 44660.17850753018,
            "max": 54295.839871,
            "med": 53792.609162,
            "min": 2172.636723,
            "p(90)": 54218.7173914,
            "p(95)": 54243.0393742
        },
        "iterations": {
            "count": 149,
            "rate": 0.4514606437986943
        },
        "vus": {
            "max": 25,
            "min": 1,
            "value": 1
        },
        "vus_max": {
            "max": 25,
            "min": 25,
            "value": 25
        }
    },
    "root_group": {
        "name": "",
        "path": "",
        "id": "d41d8cd98f00b204e9800998ecf8427e",
        "groups": {},
        "checks": {
            "status is 200": {
                "name": "status is 200",
                "path": "::status is 200",
                "id": "6210a8cd14cd70477eba5c5e4cb3fb5f",
                "passes": 149,
                "fails": 0
            }
        }
    }
}
