{
    "metrics": {
        "check_failure_rate": {
            "fails": 1509,
            "passes": 33,
            "thresholds": {
                "rate<0.01": true,
                "rate<=0.05": false
            },
            "value": 0
        },
        "checks": {
            "fails": 33,
            "passes": 1509,
            "value": 0
        },
        "data_received": {
            "count": 305996,
            "rate": 929.6438946739437
        },
        "data_sent": {
            "count": 179745,
            "rate": 546.081784886626
        },
        "http_req_blocked": {
            "avg": 0.07453437094682056,
            "max": 31.11,
            "med": 0.002,
            "min": 0.001,
            "p(90)": 0.005,
            "p(95)": 0.2369499999999998
        },
        "http_req_connecting": {
            "avg": 0.016339169909208823,
            "max": 1.526,
            "med": 0,
            "min": 0,
            "p(90)": 0,
            "p(95)": 0.16884999999999947
        },
        "http_req_duration": {
            "avg": 8632.465014915697,
            "max": 60014.007,
            "med": 1361.1080000000002,
            "min": 735.855,
            "p(90)": 44662.100200000015,
            "p(95)": 48392.29975,
            "thresholds": {
                "p(95)<5000": true
            }
        },
        "http_req_receiving": {
            "avg": 0.19800259403372134,
            "max": 37.909,
            "med": 0.049,
            "min": 0,
            "p(90)": 0.1829000000000001,
            "p(95)": 0.3728999999999996
        },
        "http_req_sending": {
            "avg": 0.03809273670557753,
            "max": 5.507,
            "med": 0.013,
            "min": 0.007,
            "p(90)": 0.02990000000000009,
            "p(95)": 0.04894999999999982
        },
        "http_req_tls_handshaking": {
            "avg": 0,
            "max": 0,
            "med": 0,
            "min": 0,
            "p(90)": 0,
            "p(95)": 0
        },
        "http_req_waiting": {
            "avg": 8632.228919584964,
            "max": 60013.995,
            "med": 1361.0515,
            "min": 735.8,
            "p(90)": 44662.03930000001,
            "p(95)": 48392.24315
        },
        "http_reqs": {
            "count": 1542,
            "rate": 4.684737335086802
        },
        "iteration_duration": {
            "avg": 8632.855135414396,
            "max": 60066.293246,
            "med": 1361.1792795000001,
            "min": 735.939456,
            "p(90)": 44660.894693800015,
            "p(95)": 48390.9516266
        },
        "iterations": {
            "count": 1542,
            "rate": 4.684737335086802
        },
        "vus": {
            "max": 50,
            "min": 1,
            "value": 1
        },
        "vus_max": {
            "max": 50,
            "min": 50,
            "value": 50
        }
    },
    "root_group": {
        "name": "",
        "path": "",
        "id": "d41d8cd98f00b204e9800998ecf8427e",
        "groups": {},
        "checks": {
            "status is 200": {
                "name": "status is 200",
                "path": "::status is 200",
                "id": "6210a8cd14cd70477eba5c5e4cb3fb5f",
                "passes": 1509,
                "fails": 33
            }
        }
    }
}
