{
    "metrics": {
        "check_failure_rate": {
            "fails": 668,
            "passes": 0,
            "thresholds": {
                "rate<0.01": false,
                "rate<=0.05": false
            },
            "value": 0
        },
        "checks": {
            "fails": 0,
            "passes": 668,
            "value": 0
        },
        "data_received": {
            "count": 116232,
            "rate": 2073.3984551554645
        },
        "data_sent": {
            "count": 88320,
            "rate": 1575.4917024513957
        },
        "http_req_blocked": {
            "avg": 0.053471556886227546,
            "max": 2.0178,
            "med": 0,
            "min": 0,
            "p(90)": 0,
            "p(95)": 0.12668499999999555
        },
        "http_req_connecting": {
            "avg": 0.04043488023952096,
            "max": 2.0178,
            "med": 0,
            "min": 0,
            "p(90)": 0,
            "p(95)": 0
        },
        "http_req_duration": {
            "avg": 5623.832619760476,
            "max": 11583.7502,
            "med": 5655.27775,
            "min": 281.0029,
            "p(90)": 8855.67711,
            "p(95)": 10194.199564999997,
            "thresholds": {
                "p(95)<5000": true
            }
        },
        "http_req_receiving": {
            "avg": 0.28962080838323356,
            "max": 68.998,
            "med": 0,
            "min": 0,
            "p(90)": 0,
            "p(95)": 0.998565
        },
        "http_req_sending": {
            "avg": 0.02838488023952096,
            "max": 1.0037,
            "med": 0,
            "min": 0,
            "p(90)": 0,
            "p(95)": 0
        },
        "http_req_tls_handshaking": {
            "avg": 0,
            "max": 0,
            "med": 0,
            "min": 0,
            "p(90)": 0,
            "p(95)": 0
        },
        "http_req_waiting": {
            "avg": 5623.514614071853,
            "max": 11583.7502,
            "med": 5655.27775,
            "min": 281.0029,
            "p(90)": 8854.97564,
            "p(95)": 10194.199564999997
        },
        "http_reqs": {
            "count": 668,
            "rate": 11.916083075606117
        },
        "iteration_duration": {
            "avg": 5624.0314797904175,
            "max": 11583.771,
            "med": 5655.78345,
            "min": 281.0034,
            "p(90)": 8855.69301,
            "p(95)": 10194.867114999997
        },
        "iterations": {
            "count": 668,
            "rate": 11.916083075606117
        },
        "vus": {
            "max": 100,
            "min": 4,
            "value": 100
        },
        "vus_max": {
            "max": 100,
            "min": 100,
            "value": 100
        }
    },
    "root_group": {
        "name": "",
        "path": "",
        "id": "d41d8cd98f00b204e9800998ecf8427e",
        "groups": {},
        "checks": {
            "status is 200": {
                "name": "status is 200",
                "path": "::status is 200",
                "id": "6210a8cd14cd70477eba5c5e4cb3fb5f",
                "passes": 668,
                "fails": 0
            }
        }
    }
}
