{
    "metrics": {
        "check_failure_rate": {
            "fails": 289,
            "passes": 0,
            "thresholds": {
                "rate<0.01": false,
                "rate<=0.05": false
            },
            "value": 0
        },
        "checks": {
            "fails": 0,
            "passes": 289,
            "value": 0
        },
        "data_received": {
            "count": 58613,
            "rate": 177.91442136332677
        },
        "data_sent": {
            "count": 35880,
            "rate": 108.91047103059329
        },
        "http_req_blocked": {
            "avg": 0.05696885813148748,
            "max": 1.122,
            "med": 0.002,
            "min": 0.001,
            "p(90)": 0.291,
            "p(95)": 0.312
        },
        "http_req_connecting": {
            "avg": 0.037231833910034595,
            "max": 0.288,
            "med": 0,
            "min": 0,
            "p(90)": 0.209,
            "p(95)": 0.22119999999999992
        },
        "http_req_duration": {
            "avg": 46110.86580968858,
            "max": 59909.026,
            "med": 54492.372,
            "min": 1386.787,
            "p(90)": 57560.5974,
            "p(95)": 57938.9396,
            "thresholds": {
                "p(95)<5000": true
            }
        },
        "http_req_receiving": {
            "avg": 0.08043252595155712,
            "max": 1.211,
            "med": 0.049,
            "min": 0.04,
            "p(90)": 0.1152,
            "p(95)": 0.27239999999999953
        },
        "http_req_sending": {
            "avg": 0.021519031141868445,
            "max": 0.117,
            "med": 0.014,
            "min": 0.012,
            "p(90)": 0.048,
            "p(95)": 0.053
        },
        "http_req_tls_handshaking": {
            "avg": 0,
            "max": 0,
            "med": 0,
            "min": 0,
            "p(90)": 0,
            "p(95)": 0
        },
        "http_req_waiting": {
            "avg": 46110.763858131504,
            "max": 59908.965,
            "med": 54492.271,
            "min": 1386.328,
            "p(90)": 57560.5326,
            "p(95)": 57938.8768
        },
        "http_reqs": {
            "count": 289,
            "rate": 0.8772331696722815
        },
        "iteration_duration": {
            "avg": 46109.661407979205,
            "max": 59907.331181,
            "med": 54491.171568,
            "min": 1387.295492,
            "p(90)": 57558.985214399996,
            "p(95)": 57937.3231008
        },
        "iterations": {
            "count": 289,
            "rate": 0.8772331696722815
        },
        "vus": {
            "max": 50,
            "min": 1,
            "value": 2
        },
        "vus_max": {
            "max": 50,
            "min": 50,
            "value": 50
        }
    },
    "root_group": {
        "name": "",
        "path": "",
        "id": "d41d8cd98f00b204e9800998ecf8427e",
        "groups": {},
        "checks": {
            "status is 200": {
                "name": "status is 200",
                "path": "::status is 200",
                "id": "6210a8cd14cd70477eba5c5e4cb3fb5f",
                "passes": 289,
                "fails": 0
            }
        }
    }
}
