{
    "metrics": {
        "check_failure_rate": {
            "fails": 101470,
            "passes": 0,
            "thresholds": {
                "rate<0.01": false,
                "rate<=0.05": false
            },
            "value": 0
        },
        "checks": {
            "fails": 0,
            "passes": 202940,
            "value": 0
        },
        "data_received": {
            "count": 29223360,
            "rate": 97398.50929890006
        },
        "data_sent": {
            "count": 11060230,
            "rate": 36862.63025548648
        },
        "http_req_blocked": {
            "avg": 0.002009904405246074,
            "max": 1.71,
            "med": 0.002,
            "min": 0.001,
            "p(90)": 0.002,
            "p(95)": 0.002
        },
        "http_req_connecting": {
            "avg": 0.0003350054203212771,
            "max": 1.593,
            "med": 0,
            "min": 0,
            "p(90)": 0,
            "p(95)": 0
        },
        "http_req_duration": {
            "avg": 273.5436078643919,
            "max": 422.637,
            "med": 292.599,
            "min": 4.129,
            "p(90)": 309.50210000000004,
            "p(95)": 314.872,
            "thresholds": {
                "p(95)<5000": false
            }
        },
        "http_req_receiving": {
            "avg": 0.1054522223317578,
            "max": 25.059,
            "med": 0.033,
            "min": 0.02,
            "p(90)": 0.299,
            "p(95)": 0.367
        },
        "http_req_sending": {
            "avg": 0.010999428402471747,
            "max": 0.242,
            "med": 0.011,
            "min": 0.006,
            "p(90)": 0.012,
            "p(95)": 0.013
        },
        "http_req_tls_handshaking": {
            "avg": 0,
            "max": 0,
            "med": 0,
            "min": 0,
            "p(90)": 0,
            "p(95)": 0
        },
        "http_req_waiting": {
            "avg": 273.4271562136628,
            "max": 422.404,
            "med": 292.4875,
            "min": 4.094,
            "p(90)": 309.3801,
            "p(95)": 314.74865
        },
        "http_reqs": {
            "count": 101470,
            "rate": 338.1892683989585
        },
        "iteration_duration": {
            "avg": 273.6180349530196,
            "max": 422.69732,
            "med": 292.672366,
            "min": 4.20111,
            "p(90)": 309.5770117,
            "p(95)": 314.94399685
        },
        "iterations": {
            "count": 101470,
            "rate": 338.1892683989585
        },
        "vus": {
            "max": 100,
            "min": 1,
            "value": 1
        },
        "vus_max": {
            "max": 100,
            "min": 100,
            "value": 100
        }
    },
    "root_group": {
        "name": "",
        "path": "",
        "id": "d41d8cd98f00b204e9800998ecf8427e",
        "groups": {},
        "checks": {
            "content is present": {
                "name": "content is present",
                "path": "::content is present",
                "id": "f162f55df55ff1646f977d711ea38a01",
                "passes": 101470,
                "fails": 0
            },
            "status is 200": {
                "name": "status is 200",
                "path": "::status is 200",
                "id": "6210a8cd14cd70477eba5c5e4cb3fb5f",
                "passes": 101470,
                "fails": 0
            }
        }
    }
}
