{
    "metrics": {
        "check_failure_rate": {
            "fails": 718,
            "passes": 0,
            "thresholds": {
                "rate<0.01": false,
                "rate<=0.05": false
            },
            "value": 0
        },
        "checks": {
            "fails": 440,
            "passes": 1436,
            "value": 0
        },
        "data_received": {
            "count": 145754,
            "rate": 449.7984555496013
        },
        "data_sent": {
            "count": 71739830,
            "rate": 221389.9085815206
        },
        "http_req_blocked": {
            "avg": 0.09625692963752647,
            "max": 8.455,
            "med": 0.002,
            "min": 0.001,
            "p(90)": 0.3403000000000001,
            "p(95)": 0.3923
        },
        "http_req_connecting": {
            "avg": 0.07504371002132197,
            "max": 8.326,
            "med": 0,
            "min": 0,
            "p(90)": 0.26560000000000017,
            "p(95)": 0.31015
        },
        "http_req_duration": {
            "avg": 14092.279006396591,
            "max": 60007.077,
            "med": 24.926499999999997,
            "min": 20.221,
            "p(90)": 60003.409,
            "p(95)": 60005.0471,
            "thresholds": {
                "p(95)<5000": true
            }
        },
        "http_req_receiving": {
            "avg": 0.04348081023454147,
            "max": 1.256,
            "med": 0.043,
            "min": 0,
            "p(90)": 0.058,
            "p(95)": 0.078
        },
        "http_req_sending": {
            "avg": 0.16079317697228154,
            "max": 0.51,
            "med": 0.133,
            "min": 0.083,
            "p(90)": 0.25260000000000016,
            "p(95)": 0.29344999999999993
        },
        "http_req_tls_handshaking": {
            "avg": 0,
            "max": 0,
            "med": 0,
            "min": 0,
            "p(90)": 0,
            "p(95)": 0
        },
        "http_req_waiting": {
            "avg": 14092.074732409394,
            "max": 60006.959,
            "med": 24.674500000000002,
            "min": 20.074,
            "p(90)": 60003.2755,
            "p(95)": 60004.93195
        },
        "http_reqs": {
            "count": 938,
            "rate": 2.8946783711289297
        },
        "iteration_duration": {
            "avg": 14093.055694962664,
            "max": 60006.319421,
            "med": 26.2648285,
            "min": 21.060185,
            "p(90)": 60002.6811774,
            "p(95)": 60004.22092145
        },
        "iterations": {
            "count": 938,
            "rate": 2.8946783711289297
        },
        "vus": {
            "max": 50,
            "min": 1,
            "value": 1
        },
        "vus_max": {
            "max": 50,
            "min": 50,
            "value": 50
        }
    },
    "root_group": {
        "name": "",
        "path": "",
        "id": "d41d8cd98f00b204e9800998ecf8427e",
        "groups": {},
        "checks": {
            "content is present": {
                "name": "content is present",
                "path": "::content is present",
                "id": "f162f55df55ff1646f977d711ea38a01",
                "passes": 718,
                "fails": 220
            },
            "status is 200": {
                "name": "status is 200",
                "path": "::status is 200",
                "id": "6210a8cd14cd70477eba5c5e4cb3fb5f",
                "passes": 718,
                "fails": 220
            }
        }
    }
}
