{
    "metrics": {
        "check_failure_rate": {
            "fails": 59,
            "passes": 12,
            "thresholds": {
                "rate<0.01": true,
                "rate<=0.05": true
            },
            "value": 0
        },
        "checks": {
            "fails": 12,
            "passes": 59,
            "value": 0
        },
        "data_received": {
            "count": 13287,
            "rate": 603.3733597787694
        },
        "data_sent": {
            "count": 10235,
            "rate": 464.77958435581434
        },
        "http_req_blocked": {
            "avg": 0.09357746478873236,
            "max": 1.208,
            "med": 0.003,
            "min": 0.001,
            "p(90)": 0.335,
            "p(95)": 0.4315
        },
        "http_req_connecting": {
            "avg": 0.06198591549295775,
            "max": 0.584,
            "med": 0,
            "min": 0,
            "p(90)": 0.251,
            "p(95)": 0.3215
        },
        "http_req_duration": {
            "avg": 2542.9207746478874,
            "max": 11810.531,
            "med": 1896.215,
            "min": 196.034,
            "p(90)": 4595.276,
            "p(95)": 6333.9884999999995,
            "thresholds": {
                "p(95)<5000": true
            }
        },
        "http_req_receiving": {
            "avg": 1.3714507042253528,
            "max": 92.01,
            "med": 0.06,
            "min": 0.02,
            "p(90)": 0.089,
            "p(95)": 0.1945
        },
        "http_req_sending": {
            "avg": 0.027267605633802806,
            "max": 0.139,
            "med": 0.018,
            "min": 0.012,
            "p(90)": 0.055,
            "p(95)": 0.0685
        },
        "http_req_tls_handshaking": {
            "avg": 0,
            "max": 0,
            "med": 0,
            "min": 0,
            "p(90)": 0,
            "p(95)": 0
        },
        "http_req_waiting": {
            "avg": 2541.5220563380285,
            "max": 11810.379,
            "med": 1896.142,
            "min": 195.993,
            "p(90)": 4595.176,
            "p(95)": 6333.7865
        },
        "http_reqs": {
            "count": 71,
            "rate": 3.2241671215694008
        },
        "iteration_duration": {
            "avg": 2543.078785183099,
            "max": 11811.126088,
            "med": 1896.27902,
            "min": 196.110535,
            "p(90)": 4595.30172,
            "p(95)": 6334.133766999999
        },
        "iterations": {
            "count": 71,
            "rate": 3.2241671215694008
        },
        "vus": {
            "max": 18,
            "min": 1,
            "value": 18
        },
        "vus_max": {
            "max": 50,
            "min": 50,
            "value": 50
        }
    },
    "root_group": {
        "name": "",
        "path": "",
        "id": "d41d8cd98f00b204e9800998ecf8427e",
        "groups": {},
        "checks": {
            "status is 200": {
                "name": "status is 200",
                "path": "::status is 200",
                "id": "6210a8cd14cd70477eba5c5e4cb3fb5f",
                "passes": 59,
                "fails": 12
            }
        }
    }
}
