{
    "metrics": {
        "check_failure_rate": {
            "fails": 8436,
            "passes": 0,
            "thresholds": {
                "rate<0.01": false,
                "rate<=0.05": false
            },
            "value": 0
        },
        "checks": {
            "fails": 0,
            "passes": 16872,
            "value": 0
        },
        "data_received": {
            "count": 1712508,
            "rate": 5707.111398168309
        },
        "data_sent": {
            "count": 631729860,
            "rate": 2105305.601240561
        },
        "http_req_blocked": {
            "avg": 0.004920578473210198,
            "max": 0.808,
            "med": 0.003,
            "min": 0.001,
            "p(90)": 0.004,
            "p(95)": 0.005
        },
        "http_req_connecting": {
            "avg": 0.0013393788525367476,
            "max": 0.42,
            "med": 0,
            "min": 0,
            "p(90)": 0,
            "p(95)": 0
        },
        "http_req_duration": {
            "avg": 1559.5731076339518,
            "max": 4096.516,
            "med": 1680.4165,
            "min": 21.689,
            "p(90)": 2210.2709999999997,
            "p(95)": 2481.15425,
            "thresholds": {
                "p(95)<5000": false
            }
        },
        "http_req_receiving": {
            "avg": 0.5078577524893287,
            "max": 111.191,
            "med": 0.051,
            "min": 0.021,
            "p(90)": 0.132,
            "p(95)": 0.366
        },
        "http_req_sending": {
            "avg": 0.16635064011379697,
            "max": 5.678,
            "med": 0.157,
            "min": 0.091,
            "p(90)": 0.21,
            "p(95)": 0.233
        },
        "http_req_tls_handshaking": {
            "avg": 0,
            "max": 0,
            "med": 0,
            "min": 0,
            "p(90)": 0,
            "p(95)": 0
        },
        "http_req_waiting": {
            "avg": 1558.8988992413438,
            "max": 4096.35,
            "med": 1679.6235000000001,
            "min": 21.53,
            "p(90)": 2209.3905,
            "p(95)": 2480.8602499999997
        },
        "http_reqs": {
            "count": 8436,
            "rate": 28.113849252060636
        },
        "iteration_duration": {
            "avg": 1560.6493842243983,
            "max": 4097.271567,
            "med": 1681.3284285,
            "min": 22.772038,
            "p(90)": 2211.2714305,
            "p(95)": 2482.02639425
        },
        "iterations": {
            "count": 8436,
            "rate": 28.113849252060636
        },
        "vus": {
            "max": 50,
            "min": 1,
            "value": 1
        },
        "vus_max": {
            "max": 50,
            "min": 50,
            "value": 50
        }
    },
    "root_group": {
        "name": "",
        "path": "",
        "id": "d41d8cd98f00b204e9800998ecf8427e",
        "groups": {},
        "checks": {
            "content is present": {
                "name": "content is present",
                "path": "::content is present",
                "id": "f162f55df55ff1646f977d711ea38a01",
                "passes": 8436,
                "fails": 0
            },
            "status is 200": {
                "name": "status is 200",
                "path": "::status is 200",
                "id": "6210a8cd14cd70477eba5c5e4cb3fb5f",
                "passes": 8436,
                "fails": 0
            }
        }
    }
}
