{
    "metrics": {
        "check_failure_rate": {
            "fails": 3780,
            "passes": 2,
            "thresholds": {
                "rate<0.01": false,
                "rate<=0.05": false
            },
            "value": 0
        },
        "checks": {
            "fails": 2,
            "passes": 3780,
            "value": 0
        },
        "data_received": {
            "count": 657942,
            "rate": 2144.635822474644
        },
        "data_sent": {
            "count": 434930,
            "rate": 1417.7031687730787
        },
        "http_req_blocked": {
            "avg": 0.010427815970387506,
            "max": 1.226,
            "med": 0.002,
            "min": 0.001,
            "p(90)": 0.003,
            "p(95)": 0.004
        },
        "http_req_connecting": {
            "avg": 0.005938127974616607,
            "max": 1.091,
            "med": 0,
            "min": 0,
            "p(90)": 0,
            "p(95)": 0
        },
        "http_req_duration": {
            "avg": 7478.698187202508,
            "max": 22954.315,
            "med": 4772.282499999999,
            "min": 3653.07,
            "p(90)": 16932.618700000003,
            "p(95)": 20120.743250000003,
            "thresholds": {
                "p(95)<5000": true
            }
        },
        "http_req_receiving": {
            "avg": 0.05940349021681722,
            "max": 1.251,
            "med": 0.044,
            "min": 0.034,
            "p(90)": 0.068,
            "p(95)": 0.1439499999999998
        },
        "http_req_sending": {
            "avg": 0.014274457958752146,
            "max": 0.202,
            "med": 0.013,
            "min": 0.009,
            "p(90)": 0.015,
            "p(95)": 0.01994999999999982
        },
        "http_req_tls_handshaking": {
            "avg": 0,
            "max": 0,
            "med": 0,
            "min": 0,
            "p(90)": 0,
            "p(95)": 0
        },
        "http_req_waiting": {
            "avg": 7478.624509254369,
            "max": 22954.223,
            "med": 4772.228,
            "min": 3652.673,
            "p(90)": 16932.5161,
            "p(95)": 20120.6868
        },
        "http_reqs": {
            "count": 3782,
            "rate": 12.327853641505033
        },
        "iteration_duration": {
            "avg": 7478.672328051013,
            "max": 22953.733132,
            "med": 4772.253656000001,
            "min": 3653.063201,
            "p(90)": 16932.489841000002,
            "p(95)": 20120.243339099998
        },
        "iterations": {
            "count": 3782,
            "rate": 12.327853641505033
        },
        "vus": {
            "max": 100,
            "min": 4,
            "value": 18
        },
        "vus_max": {
            "max": 100,
            "min": 100,
            "value": 100
        }
    },
    "root_group": {
        "name": "",
        "path": "",
        "id": "d41d8cd98f00b204e9800998ecf8427e",
        "groups": {},
        "checks": {
            "status is 200": {
                "name": "status is 200",
                "path": "::status is 200",
                "id": "6210a8cd14cd70477eba5c5e4cb3fb5f",
                "passes": 3780,
                "fails": 2
            }
        }
    }
}
