{
    "metrics": {
        "check_failure_rate": {
            "fails": 10387,
            "passes": 0,
            "thresholds": {
                "rate<0.01": false,
                "rate<=0.05": false
            },
            "value": 0
        },
        "checks": {
            "fails": 0,
            "passes": 20774,
            "value": 0
        },
        "data_received": {
            "count": 2108561,
            "rate": 7027.558688174425
        },
        "data_sent": {
            "count": 777830495,
            "rate": 2592407.5485908464
        },
        "http_req_blocked": {
            "avg": 0.004723693077886568,
            "max": 8.401,
            "med": 0.002,
            "min": 0.001,
            "p(90)": 0.003,
            "p(95)": 0.004
        },
        "http_req_connecting": {
            "avg": 0.001785501107153172,
            "max": 8.273,
            "med": 0,
            "min": 0,
            "p(90)": 0,
            "p(95)": 0
        },
        "http_req_duration": {
            "avg": 1265.433783575624,
            "max": 1884.543,
            "med": 1398.331,
            "min": 21.572,
            "p(90)": 1591.2956,
            "p(95)": 1644.3138999999999,
            "thresholds": {
                "p(95)<5000": false
            }
        },
        "http_req_receiving": {
            "avg": 0.15767959949937274,
            "max": 47.849,
            "med": 0.045,
            "min": 0.022,
            "p(90)": 0.081,
            "p(95)": 0.2216999999999989
        },
        "http_req_sending": {
            "avg": 0.13836343506305923,
            "max": 0.496,
            "med": 0.133,
            "min": 0.09,
            "p(90)": 0.163,
            "p(95)": 0.179
        },
        "http_req_tls_handshaking": {
            "avg": 0,
            "max": 0,
            "med": 0,
            "min": 0,
            "p(90)": 0,
            "p(95)": 0
        },
        "http_req_waiting": {
            "avg": 1265.1377405410608,
            "max": 1884.312,
            "med": 1398.104,
            "min": 21.414,
            "p(90)": 1591.1309999999999,
            "p(95)": 1643.9987999999996
        },
        "http_reqs": {
            "count": 10387,
            "rate": 34.61851570529274
        },
        "iteration_duration": {
            "avg": 1266.3494975998858,
            "max": 1885.64602,
            "med": 1399.201887,
            "min": 22.655656,
            "p(90)": 1592.1394194,
            "p(95)": 1645.1672715
        },
        "iterations": {
            "count": 10387,
            "rate": 34.61851570529274
        },
        "vus": {
            "max": 50,
            "min": 1,
            "value": 1
        },
        "vus_max": {
            "max": 50,
            "min": 50,
            "value": 50
        }
    },
    "root_group": {
        "name": "",
        "path": "",
        "id": "d41d8cd98f00b204e9800998ecf8427e",
        "groups": {},
        "checks": {
            "content is present": {
                "name": "content is present",
                "path": "::content is present",
                "id": "f162f55df55ff1646f977d711ea38a01",
                "passes": 10387,
                "fails": 0
            },
            "status is 200": {
                "name": "status is 200",
                "path": "::status is 200",
                "id": "6210a8cd14cd70477eba5c5e4cb3fb5f",
                "passes": 10387,
                "fails": 0
            }
        }
    }
}
