{
    "metrics": {
        "check_failure_rate": {
            "fails": 600,
            "passes": 0,
            "thresholds": {
                "rate<0.01": false,
                "rate<=0.05": false
            },
            "value": 0
        },
        "checks": {
            "fails": 0,
            "passes": 600,
            "value": 0
        },
        "data_received": {
            "count": 102600,
            "rate": 341.633951747281
        },
        "data_sent": {
            "count": 66600,
            "rate": 221.76238973069118
        },
        "http_req_blocked": {
            "avg": 0.02149166666666699,
            "max": 1.054,
            "med": 0.002,
            "min": 0.001,
            "p(90)": 0.003,
            "p(95)": 0.005049999999999955
        },
        "http_req_connecting": {
            "avg": 0.013355,
            "max": 0.539,
            "med": 0,
            "min": 0,
            "p(90)": 0,
            "p(95)": 0
        },
        "http_req_duration": {
            "avg": 11096.194660000003,
            "max": 17972.319,
            "med": 12099.1945,
            "min": 351.199,
            "p(90)": 14235.928,
            "p(95)": 14687.35005,
            "thresholds": {
                "p(95)<5000": true
            }
        },
        "http_req_receiving": {
            "avg": 0.4640499999999999,
            "max": 80.232,
            "med": 0.048,
            "min": 0.024,
            "p(90)": 0.08610000000000001,
            "p(95)": 0.1705499999999995
        },
        "http_req_sending": {
            "avg": 0.017234999999999934,
            "max": 0.159,
            "med": 0.014,
            "min": 0.008,
            "p(90)": 0.02,
            "p(95)": 0.029
        },
        "http_req_tls_handshaking": {
            "avg": 0,
            "max": 0,
            "med": 0,
            "min": 0,
            "p(90)": 0,
            "p(95)": 0
        },
        "http_req_waiting": {
            "avg": 11095.713375000007,
            "max": 17972.242,
            "med": 12099.075,
            "min": 350.481,
            "p(90)": 14235.7737,
            "p(95)": 14687.28435
        },
        "http_reqs": {
            "count": 600,
            "rate": 1.997859366943164
        },
        "iteration_duration": {
            "avg": 11095.999286499999,
            "max": 17971.925214,
            "med": 12098.940479500001,
            "min": 352.575172,
            "p(90)": 14236.104223600001,
            "p(95)": 14687.027861949999
        },
        "iterations": {
            "count": 600,
            "rate": 1.997859366943164
        },
        "vus": {
            "max": 25,
            "min": 1,
            "value": 3
        },
        "vus_max": {
            "max": 25,
            "min": 25,
            "value": 25
        }
    },
    "root_group": {
        "name": "",
        "path": "",
        "id": "d41d8cd98f00b204e9800998ecf8427e",
        "groups": {},
        "checks": {
            "status is 200": {
                "name": "status is 200",
                "path": "::status is 200",
                "id": "6210a8cd14cd70477eba5c5e4cb3fb5f",
                "passes": 600,
                "fails": 0
            }
        }
    }
}
