{
    "metrics": {
        "check_failure_rate": {
            "fails": 2531,
            "passes": 3,
            "thresholds": {
                "rate<0.01": false,
                "rate<=0.05": false
            },
            "value": 0
        },
        "checks": {
            "fails": 3,
            "passes": 2531,
            "value": 0
        },
        "data_received": {
            "count": 513365,
            "rate": 1612.6196549789624
        },
        "data_sent": {
            "count": 291525,
            "rate": 915.7596347973508
        },
        "http_req_blocked": {
            "avg": 0.00896329913180702,
            "max": 0.916,
            "med": 0.002,
            "min": 0.001,
            "p(90)": 0.004,
            "p(95)": 0.004
        },
        "http_req_connecting": {
            "avg": 0.0043208366219415935,
            "max": 0.41,
            "med": 0,
            "min": 0,
            "p(90)": 0,
            "p(95)": 0
        },
        "http_req_duration": {
            "avg": 5234.3506440410365,
            "max": 60006.87,
            "med": 5191.14,
            "min": 855.07,
            "p(90)": 7108.756900000001,
            "p(95)": 8908.6224,
            "thresholds": {
                "p(95)<5000": true
            }
        },
        "http_req_receiving": {
            "avg": 0.12359865824782952,
            "max": 2.092,
            "med": 0.055,
            "min": 0,
            "p(90)": 0.34570000000000023,
            "p(95)": 0.4890999999999994
        },
        "http_req_sending": {
            "avg": 0.016331886345698706,
            "max": 0.48,
            "med": 0.014,
            "min": 0.011,
            "p(90)": 0.02,
            "p(95)": 0.022
        },
        "http_req_tls_handshaking": {
            "avg": 0,
            "max": 0,
            "med": 0,
            "min": 0,
            "p(90)": 0,
            "p(95)": 0
        },
        "http_req_waiting": {
            "avg": 5234.210713496443,
            "max": 60006.853,
            "med": 5191.0545,
            "min": 855.005,
            "p(90)": 7108.695600000002,
            "p(95)": 8908.54625
        },
        "http_reqs": {
            "count": 2534,
            "rate": 7.959985986026883
        },
        "iteration_duration": {
            "avg": 5234.321979831898,
            "max": 60005.22193,
            "med": 5191.099765999999,
            "min": 855.165466,
            "p(90)": 7108.649220900002,
            "p(95)": 8908.4726349
        },
        "iterations": {
            "count": 2534,
            "rate": 7.959985986026883
        },
        "vus": {
            "max": 50,
            "min": 1,
            "value": 1
        },
        "vus_max": {
            "max": 50,
            "min": 50,
            "value": 50
        }
    },
    "root_group": {
        "name": "",
        "path": "",
        "id": "d41d8cd98f00b204e9800998ecf8427e",
        "groups": {},
        "checks": {
            "status is 200": {
                "name": "status is 200",
                "path": "::status is 200",
                "id": "6210a8cd14cd70477eba5c5e4cb3fb5f",
                "passes": 2531,
                "fails": 3
            }
        }
    }
}
