{
    "metrics": {
        "check_failure_rate": {
            "fails": 387,
            "passes": 0,
            "thresholds": {
                "rate<0.01": false,
                "rate<=0.05": false
            },
            "value": 0
        },
        "checks": {
            "fails": 0,
            "passes": 387,
            "value": 0
        },
        "data_received": {
            "count": 65790,
            "rate": 212.83079101955383
        },
        "data_sent": {
            "count": 46827,
            "rate": 151.48544537274125
        },
        "http_req_blocked": {
            "avg": 0.022989664082687673,
            "max": 1.566,
            "med": 0.002,
            "min": 0.001,
            "p(90)": 0.003,
            "p(95)": 0.24769999999999998
        },
        "http_req_connecting": {
            "avg": 0.01265891472868217,
            "max": 0.28,
            "med": 0,
            "min": 0,
            "p(90)": 0,
            "p(95)": 0.17769999999999997
        },
        "http_req_duration": {
            "avg": 17601.902284237738,
            "max": 23541.72,
            "med": 19424.266,
            "min": 2195.466,
            "p(90)": 20600.167,
            "p(95)": 21119.124399999997,
            "thresholds": {
                "p(95)<5000": true
            }
        },
        "http_req_receiving": {
            "avg": 0.11570542635658904,
            "max": 12.08,
            "med": 0.045,
            "min": 0.032,
            "p(90)": 0.085,
            "p(95)": 0.11939999999999998
        },
        "http_req_sending": {
            "avg": 0.016718346253229908,
            "max": 0.124,
            "med": 0.013,
            "min": 0.01,
            "p(90)": 0.029,
            "p(95)": 0.03969999999999999
        },
        "http_req_tls_handshaking": {
            "avg": 0,
            "max": 0,
            "med": 0,
            "min": 0,
            "p(90)": 0,
            "p(95)": 0
        },
        "http_req_waiting": {
            "avg": 17601.769860465134,
            "max": 23541.663,
            "med": 19424.216,
            "min": 2195.255,
            "p(90)": 20600.076,
            "p(95)": 21119.068600000002
        },
        "http_reqs": {
            "count": 387,
            "rate": 1.2519458295267871
        },
        "iteration_duration": {
            "avg": 17601.514488930225,
            "max": 23541.121285,
            "med": 19423.780832,
            "min": 2197.30637,
            "p(90)": 20599.8480002,
            "p(95)": 21118.5966574
        },
        "iterations": {
            "count": 387,
            "rate": 1.2519458295267871
        },
        "vus": {
            "max": 25,
            "min": 1,
            "value": 1
        },
        "vus_max": {
            "max": 25,
            "min": 25,
            "value": 25
        }
    },
    "root_group": {
        "name": "",
        "path": "",
        "id": "d41d8cd98f00b204e9800998ecf8427e",
        "groups": {},
        "checks": {
            "status is 200": {
                "name": "status is 200",
                "path": "::status is 200",
                "id": "6210a8cd14cd70477eba5c5e4cb3fb5f",
                "passes": 387,
                "fails": 0
            }
        }
    }
}
