{
    "metrics": {
        "check_failure_rate": {
            "fails": 430,
            "passes": 0,
            "thresholds": {
                "rate<0.01": false,
                "rate<=0.05": false
            },
            "value": 0
        },
        "checks": {
            "fails": 0,
            "passes": 430,
            "value": 0
        },
        "data_received": {
            "count": 73100,
            "rate": 236.6909856778835
        },
        "data_sent": {
            "count": 52030,
            "rate": 168.46828980602297
        },
        "http_req_blocked": {
            "avg": 0.02142093023255843,
            "max": 0.803,
            "med": 0.002,
            "min": 0.001,
            "p(90)": 0.004,
            "p(95)": 0.227
        },
        "http_req_connecting": {
            "avg": 0.012548837209302324,
            "max": 0.334,
            "med": 0,
            "min": 0,
            "p(90)": 0,
            "p(95)": 0.16464999999999988
        },
        "http_req_duration": {
            "avg": 15786.925716279075,
            "max": 22638.593,
            "med": 17157.023999999998,
            "min": 2184.315,
            "p(90)": 18606.759000000002,
            "p(95)": 19446.692499999997,
            "thresholds": {
                "p(95)<5000": true
            }
        },
        "http_req_receiving": {
            "avg": 0.08512093023255816,
            "max": 1.405,
            "med": 0.048,
            "min": 0.028,
            "p(90)": 0.12010000000000001,
            "p(95)": 0.2952499999999993
        },
        "http_req_sending": {
            "avg": 0.017386046511627853,
            "max": 0.135,
            "med": 0.012,
            "min": 0.01,
            "p(90)": 0.029,
            "p(95)": 0.042
        },
        "http_req_tls_handshaking": {
            "avg": 0,
            "max": 0,
            "med": 0,
            "min": 0,
            "p(90)": 0,
            "p(95)": 0
        },
        "http_req_waiting": {
            "avg": 15786.823209302314,
            "max": 22638.523,
            "med": 17156.976000000002,
            "min": 2183.932,
            "p(90)": 18606.670299999998,
            "p(95)": 19446.6376
        },
        "http_reqs": {
            "count": 430,
            "rate": 1.392299915752256
        },
        "iteration_duration": {
            "avg": 15786.589685158144,
            "max": 22638.047727,
            "med": 17156.598579999998,
            "min": 2185.348279,
            "p(90)": 18606.3838861,
            "p(95)": 19446.207988249997
        },
        "iterations": {
            "count": 430,
            "rate": 1.392299915752256
        },
        "vus": {
            "max": 25,
            "min": 1,
            "value": 1
        },
        "vus_max": {
            "max": 25,
            "min": 25,
            "value": 25
        }
    },
    "root_group": {
        "name": "",
        "path": "",
        "id": "d41d8cd98f00b204e9800998ecf8427e",
        "groups": {},
        "checks": {
            "status is 200": {
                "name": "status is 200",
                "path": "::status is 200",
                "id": "6210a8cd14cd70477eba5c5e4cb3fb5f",
                "passes": 430,
                "fails": 0
            }
        }
    }
}
