{
    "metrics": {
        "check_failure_rate": {
            "fails": 4344,
            "passes": 0,
            "thresholds": {
                "rate<0.01": false,
                "rate<=0.05": false
            },
            "value": 0
        },
        "checks": {
            "fails": 0,
            "passes": 4344,
            "value": 0
        },
        "data_received": {
            "count": 755856,
            "rate": 2518.9726272480993
        },
        "data_sent": {
            "count": 499560,
            "rate": 1664.8382306524793
        },
        "http_req_blocked": {
            "avg": 0.01417725598526879,
            "max": 1.391,
            "med": 0.002,
            "min": 0.001,
            "p(90)": 0.003,
            "p(95)": 0.003
        },
        "http_req_connecting": {
            "avg": 0.008812615101289134,
            "max": 1.151,
            "med": 0,
            "min": 0,
            "p(90)": 0,
            "p(95)": 0
        },
        "http_req_duration": {
            "avg": 6427.098395027632,
            "max": 23201.513,
            "med": 4759.496999999999,
            "min": 56.191,
            "p(90)": 13667.102300000002,
            "p(95)": 17900.105149999992,
            "thresholds": {
                "p(95)<5000": true
            }
        },
        "http_req_receiving": {
            "avg": 0.06658931860036825,
            "max": 9.544,
            "med": 0.046,
            "min": 0.035,
            "p(90)": 0.062,
            "p(95)": 0.1516999999999989
        },
        "http_req_sending": {
            "avg": 0.015585174953959913,
            "max": 0.227,
            "med": 0.014,
            "min": 0.009,
            "p(90)": 0.016,
            "p(95)": 0.018
        },
        "http_req_tls_handshaking": {
            "avg": 0,
            "max": 0,
            "med": 0,
            "min": 0,
            "p(90)": 0,
            "p(95)": 0
        },
        "http_req_waiting": {
            "avg": 6427.016220534073,
            "max": 23201.451,
            "med": 4759.437,
            "min": 55.511,
            "p(90)": 13667.043200000002,
            "p(95)": 17900.036449999992
        },
        "http_reqs": {
            "count": 4344,
            "rate": 14.476854179586777
        },
        "iteration_duration": {
            "avg": 6427.029275744236,
            "max": 23200.937142,
            "med": 4759.4680785,
            "min": 56.363983,
            "p(90)": 13666.846898400005,
            "p(95)": 17899.731581449993
        },
        "iterations": {
            "count": 4344,
            "rate": 14.476854179586777
        },
        "vus": {
            "max": 100,
            "min": 1,
            "value": 1
        },
        "vus_max": {
            "max": 100,
            "min": 100,
            "value": 100
        }
    },
    "root_group": {
        "name": "",
        "path": "",
        "id": "d41d8cd98f00b204e9800998ecf8427e",
        "groups": {},
        "checks": {
            "status is 200": {
                "name": "status is 200",
                "path": "::status is 200",
                "id": "6210a8cd14cd70477eba5c5e4cb3fb5f",
                "passes": 4344,
                "fails": 0
            }
        }
    }
}
