{
    "metrics": {
        "check_failure_rate": {
            "fails": 33123,
            "passes": 0,
            "thresholds": {
                "rate<0.01": false,
                "rate<=0.05": false
            },
            "value": 0
        },
        "checks": {
            "fails": 0,
            "passes": 66246,
            "value": 0
        },
        "data_received": {
            "count": 6723969,
            "rate": 22410.012967938408
        },
        "data_sent": {
            "count": 2480415855,
            "rate": 8266866.113813141
        },
        "http_req_blocked": {
            "avg": 0.003090873411224245,
            "max": 0.857,
            "med": 0.002,
            "min": 0.001,
            "p(90)": 0.003,
            "p(95)": 0.004
        },
        "http_req_connecting": {
            "avg": 0.0003921142408598255,
            "max": 0.376,
            "med": 0,
            "min": 0,
            "p(90)": 0,
            "p(95)": 0
        },
        "http_req_duration": {
            "avg": 395.80171062403633,
            "max": 1758.023,
            "med": 192.169,
            "min": 21.344,
            "p(90)": 1125.7161999999998,
            "p(95)": 1328.8861999999997,
            "thresholds": {
                "p(95)<5000": false
            }
        },
        "http_req_receiving": {
            "avg": 0.177657518944532,
            "max": 23.393,
            "med": 0.046,
            "min": 0.017,
            "p(90)": 0.387,
            "p(95)": 0.603
        },
        "http_req_sending": {
            "avg": 0.15000911753162466,
            "max": 7.759,
            "med": 0.145,
            "min": 0.088,
            "p(90)": 0.179,
            "p(95)": 0.199
        },
        "http_req_tls_handshaking": {
            "avg": 0,
            "max": 0,
            "med": 0,
            "min": 0,
            "p(90)": 0,
            "p(95)": 0
        },
        "http_req_waiting": {
            "avg": 395.47404398755833,
            "max": 1757.785,
            "med": 191.978,
            "min": 21.198,
            "p(90)": 1125.0659999999998,
            "p(95)": 1328.6118999999999
        },
        "http_reqs": {
            "count": 33123,
            "rate": 110.39415255142073
        },
        "iteration_duration": {
            "avg": 396.8157736576406,
            "max": 1759.313019,
            "med": 193.167289,
            "min": 22.164873,
            "p(90)": 1126.6065681999999,
            "p(95)": 1329.7803917999997
        },
        "iterations": {
            "count": 33123,
            "rate": 110.39415255142073
        },
        "vus": {
            "max": 50,
            "min": 1,
            "value": 1
        },
        "vus_max": {
            "max": 50,
            "min": 50,
            "value": 50
        }
    },
    "root_group": {
        "name": "",
        "path": "",
        "id": "d41d8cd98f00b204e9800998ecf8427e",
        "groups": {},
        "checks": {
            "content is present": {
                "name": "content is present",
                "path": "::content is present",
                "id": "f162f55df55ff1646f977d711ea38a01",
                "passes": 33123,
                "fails": 0
            },
            "status is 200": {
                "name": "status is 200",
                "path": "::status is 200",
                "id": "6210a8cd14cd70477eba5c5e4cb3fb5f",
                "passes": 33123,
                "fails": 0
            }
        }
    }
}
