{
    "metrics": {
        "check_failure_rate": {
            "fails": 1147,
            "passes": 0,
            "thresholds": {
                "rate<0.01": false,
                "rate<=0.05": false
            },
            "value": 0
        },
        "checks": {
            "fails": 0,
            "passes": 1147,
            "value": 0
        },
        "data_received": {
            "count": 232611,
            "rate": 746.1476496065156
        },
        "data_sent": {
            "count": 131905,
            "rate": 423.11243114619447
        },
        "http_req_blocked": {
            "avg": 0.01921970357454187,
            "max": 0.802,
            "med": 0.002,
            "min": 0.001,
            "p(90)": 0.004,
            "p(95)": 0.01
        },
        "http_req_connecting": {
            "avg": 0.011986050566695727,
            "max": 0.607,
            "med": 0,
            "min": 0,
            "p(90)": 0,
            "p(95)": 0
        },
        "http_req_duration": {
            "avg": 11736.800816041856,
            "max": 21784.695,
            "med": 9777.76,
            "min": 782.662,
            "p(90)": 19238.783000000003,
            "p(95)": 20454.516900000002,
            "thresholds": {
                "p(95)<5000": true
            }
        },
        "http_req_receiving": {
            "avg": 0.21505492589363612,
            "max": 89.832,
            "med": 0.05,
            "min": 0.024,
            "p(90)": 0.13400000000000045,
            "p(95)": 0.27770000000000006
        },
        "http_req_sending": {
            "avg": 0.017319965126416766,
            "max": 0.136,
            "med": 0.014,
            "min": 0.008,
            "p(90)": 0.021,
            "p(95)": 0.034
        },
        "http_req_tls_handshaking": {
            "avg": 0,
            "max": 0,
            "med": 0,
            "min": 0,
            "p(90)": 0,
            "p(95)": 0
        },
        "http_req_waiting": {
            "avg": 11736.56844115082,
            "max": 21784.319,
            "med": 9777.7,
            "min": 782.594,
            "p(90)": 19238.7238,
            "p(95)": 20454.4507
        },
        "http_reqs": {
            "count": 1147,
            "rate": 3.679238531706039
        },
        "iteration_duration": {
            "avg": 11736.588655620744,
            "max": 21784.155844,
            "med": 9777.587294,
            "min": 782.736737,
            "p(90)": 19238.313891,
            "p(95)": 20454.012820300002
        },
        "iterations": {
            "count": 1147,
            "rate": 3.679238531706039
        },
        "vus": {
            "max": 50,
            "min": 1,
            "value": 1
        },
        "vus_max": {
            "max": 50,
            "min": 50,
            "value": 50
        }
    },
    "root_group": {
        "name": "",
        "path": "",
        "id": "d41d8cd98f00b204e9800998ecf8427e",
        "groups": {},
        "checks": {
            "status is 200": {
                "name": "status is 200",
                "path": "::status is 200",
                "id": "6210a8cd14cd70477eba5c5e4cb3fb5f",
                "passes": 1147,
                "fails": 0
            }
        }
    }
}
