{
    "metrics": {
        "check_failure_rate": {
            "fails": 752,
            "passes": 0,
            "thresholds": {
                "rate<0.01": false,
                "rate<=0.05": false
            },
            "value": 0
        },
        "checks": {
            "fails": 0,
            "passes": 752,
            "value": 0
        },
        "data_received": {
            "count": 128592,
            "rate": 427.39118006749
        },
        "data_sent": {
            "count": 83472,
            "rate": 277.4293624999496
        },
        "http_req_blocked": {
            "avg": 0.012998670212766272,
            "max": 0.929,
            "med": 0.002,
            "min": 0.001,
            "p(90)": 0.003,
            "p(95)": 0.008449999999999932
        },
        "http_req_connecting": {
            "avg": 0.007218085106382979,
            "max": 0.379,
            "med": 0,
            "min": 0,
            "p(90)": 0,
            "p(95)": 0
        },
        "http_req_duration": {
            "avg": 8862.429910904257,
            "max": 12228.724,
            "med": 9796.1895,
            "min": 355.584,
            "p(90)": 10739.213099999999,
            "p(95)": 10964.95315,
            "thresholds": {
                "p(95)<5000": true
            }
        },
        "http_req_receiving": {
            "avg": 0.13301595744680864,
            "max": 15.522,
            "med": 0.045,
            "min": 0.023,
            "p(90)": 0.113,
            "p(95)": 0.21359999999999946
        },
        "http_req_sending": {
            "avg": 0.01519547872340416,
            "max": 0.143,
            "med": 0.012,
            "min": 0.009,
            "p(90)": 0.018,
            "p(95)": 0.031
        },
        "http_req_tls_handshaking": {
            "avg": 0,
            "max": 0,
            "med": 0,
            "min": 0,
            "p(90)": 0,
            "p(95)": 0
        },
        "http_req_waiting": {
            "avg": 8862.281699468089,
            "max": 12228.667,
            "med": 9796.1375,
            "min": 355.517,
            "p(90)": 10739.155700000001,
            "p(95)": 10964.9003
        },
        "http_reqs": {
            "count": 752,
            "rate": 2.4993636261256724
        },
        "iteration_duration": {
            "avg": 8863.236941421539,
            "max": 12228.573554,
            "med": 9797.546471,
            "min": 355.661894,
            "p(90)": 10739.0560425,
            "p(95)": 10969.060544
        },
        "iterations": {
            "count": 752,
            "rate": 2.4993636261256724
        },
        "vus": {
            "max": 25,
            "min": 1,
            "value": 8
        },
        "vus_max": {
            "max": 25,
            "min": 25,
            "value": 25
        }
    },
    "root_group": {
        "name": "",
        "path": "",
        "id": "d41d8cd98f00b204e9800998ecf8427e",
        "groups": {},
        "checks": {
            "status is 200": {
                "name": "status is 200",
                "path": "::status is 200",
                "id": "6210a8cd14cd70477eba5c5e4cb3fb5f",
                "passes": 752,
                "fails": 0
            }
        }
    }
}
