{
    "metrics": {
        "check_failure_rate": {
            "fails": 445,
            "passes": 0,
            "thresholds": {
                "rate<0.01": false,
                "rate<=0.05": false
            },
            "value": 0
        },
        "checks": {
            "fails": 0,
            "passes": 445,
            "value": 0
        },
        "data_received": {
            "count": 75650,
            "rate": 245.96378468900573
        },
        "data_sent": {
            "count": 53845,
            "rate": 175.06834086688053
        },
        "http_req_blocked": {
            "avg": 0.018995505617977682,
            "max": 0.812,
            "med": 0.002,
            "min": 0.001,
            "p(90)": 0.0046000000000000225,
            "p(95)": 0.23139999999999988
        },
        "http_req_connecting": {
            "avg": 0.011307865168539325,
            "max": 0.448,
            "med": 0,
            "min": 0,
            "p(90)": 0,
            "p(95)": 0.17019999999999982
        },
        "http_req_duration": {
            "avg": 15241.66871460674,
            "max": 20696.964,
            "med": 16657.139,
            "min": 2168.307,
            "p(90)": 17814.6718,
            "p(95)": 18150.6148,
            "thresholds": {
                "p(95)<5000": true
            }
        },
        "http_req_receiving": {
            "avg": 0.09224719101123585,
            "max": 1.617,
            "med": 0.051,
            "min": 0.032,
            "p(90)": 0.12760000000000013,
            "p(95)": 0.37539999999999984
        },
        "http_req_sending": {
            "avg": 0.01564719101123592,
            "max": 0.136,
            "med": 0.011,
            "min": 0.008,
            "p(90)": 0.029,
            "p(95)": 0.03779999999999995
        },
        "http_req_tls_handshaking": {
            "avg": 0,
            "max": 0,
            "med": 0,
            "min": 0,
            "p(90)": 0,
            "p(95)": 0
        },
        "http_req_waiting": {
            "avg": 15241.560820224713,
            "max": 20696.85,
            "med": 16657.092,
            "min": 2168.1,
            "p(90)": 17814.616599999998,
            "p(95)": 18150.513
        },
        "http_reqs": {
            "count": 445,
            "rate": 1.446845792288269
        },
        "iteration_duration": {
            "avg": 15241.343335168542,
            "max": 20696.433431,
            "med": 16656.729805,
            "min": 2169.291864,
            "p(90)": 17814.230804400002,
            "p(95)": 18150.1649866
        },
        "iterations": {
            "count": 445,
            "rate": 1.446845792288269
        },
        "vus": {
            "max": 25,
            "min": 1,
            "value": 3
        },
        "vus_max": {
            "max": 25,
            "min": 25,
            "value": 25
        }
    },
    "root_group": {
        "name": "",
        "path": "",
        "id": "d41d8cd98f00b204e9800998ecf8427e",
        "groups": {},
        "checks": {
            "status is 200": {
                "name": "status is 200",
                "path": "::status is 200",
                "id": "6210a8cd14cd70477eba5c5e4cb3fb5f",
                "passes": 445,
                "fails": 0
            }
        }
    }
}
