{
    "metrics": {
        "check_failure_rate": {
            "fails": 551,
            "passes": 0,
            "thresholds": {
                "rate<0.01": false,
                "rate<=0.05": false
            },
            "value": 0
        },
        "checks": {
            "fails": 0,
            "passes": 551,
            "value": 0
        },
        "data_received": {
            "count": 93670,
            "rate": 306.3818415205041
        },
        "data_sent": {
            "count": 66671,
            "rate": 218.07178131753528
        },
        "http_req_blocked": {
            "avg": 0.018871143375680806,
            "max": 0.95,
            "med": 0.002,
            "min": 0.001,
            "p(90)": 0.003,
            "p(95)": 0.0185
        },
        "http_req_connecting": {
            "avg": 0.011582577132486388,
            "max": 0.504,
            "med": 0,
            "min": 0,
            "p(90)": 0,
            "p(95)": 0
        },
        "http_req_duration": {
            "avg": 12229.66560072596,
            "max": 15483.275,
            "med": 13238.783,
            "min": 2149.565,
            "p(90)": 15256.919,
            "p(95)": 15428.315999999999,
            "thresholds": {
                "p(95)<5000": true
            }
        },
        "http_req_receiving": {
            "avg": 0.12946823956442846,
            "max": 1.437,
            "med": 0.058,
            "min": 0.022,
            "p(90)": 0.369,
            "p(95)": 0.509
        },
        "http_req_sending": {
            "avg": 0.017649727767694995,
            "max": 0.18,
            "med": 0.012,
            "min": 0.006,
            "p(90)": 0.03,
            "p(95)": 0.0385
        },
        "http_req_tls_handshaking": {
            "avg": 0,
            "max": 0,
            "med": 0,
            "min": 0,
            "p(90)": 0,
            "p(95)": 0
        },
        "http_req_waiting": {
            "avg": 12229.518482758624,
            "max": 15483.236,
            "med": 13238.718,
            "min": 2149.423,
            "p(90)": 15256.823,
            "p(95)": 15428.1145
        },
        "http_reqs": {
            "count": 551,
            "rate": 1.8022461265912006
        },
        "iteration_duration": {
            "avg": 12229.433159196002,
            "max": 15482.950205,
            "med": 13238.499742,
            "min": 2150.026617,
            "p(90)": 15256.56703,
            "p(95)": 15427.9548275
        },
        "iterations": {
            "count": 551,
            "rate": 1.8022461265912006
        },
        "vus": {
            "max": 25,
            "min": 1,
            "value": 4
        },
        "vus_max": {
            "max": 25,
            "min": 25,
            "value": 25
        }
    },
    "root_group": {
        "name": "",
        "path": "",
        "id": "d41d8cd98f00b204e9800998ecf8427e",
        "groups": {},
        "checks": {
            "status is 200": {
                "name": "status is 200",
                "path": "::status is 200",
                "id": "6210a8cd14cd70477eba5c5e4cb3fb5f",
                "passes": 551,
                "fails": 0
            }
        }
    }
}
