{
    "metrics": {
        "check_failure_rate": {
            "fails": 136561,
            "passes": 0,
            "thresholds": {
                "rate<0.01": false,
                "rate<=0.05": false
            },
            "value": 0
        },
        "checks": {
            "fails": 0,
            "passes": 273122,
            "value": 0
        },
        "data_received": {
            "count": 39329568,
            "rate": 131090.44768612902
        },
        "data_sent": {
            "count": 14885149,
            "rate": 49614.09304787522
        },
        "http_req_blocked": {
            "avg": 0.002207621502480967,
            "max": 1.208,
            "med": 0.002,
            "min": 0.001,
            "p(90)": 0.003,
            "p(95)": 0.003
        },
        "http_req_connecting": {
            "avg": 0.00015090692071674923,
            "max": 0.448,
            "med": 0,
            "min": 0,
            "p(90)": 0,
            "p(95)": 0
        },
        "http_req_duration": {
            "avg": 203.19404430254397,
            "max": 385.212,
            "med": 216.174,
            "min": 3.087,
            "p(90)": 247.013,
            "p(95)": 261.365,
            "thresholds": {
                "p(95)<5000": false
            }
        },
        "http_req_receiving": {
            "avg": 0.14642414745057308,
            "max": 105.382,
            "med": 0.041,
            "min": 0.019,
            "p(90)": 0.398,
            "p(95)": 0.513
        },
        "http_req_sending": {
            "avg": 0.013177971748869711,
            "max": 0.464,
            "med": 0.013,
            "min": 0.006,
            "p(90)": 0.016,
            "p(95)": 0.018
        },
        "http_req_tls_handshaking": {
            "avg": 0,
            "max": 0,
            "med": 0,
            "min": 0,
            "p(90)": 0,
            "p(95)": 0
        },
        "http_req_waiting": {
            "avg": 203.03444218334576,
            "max": 385.163,
            "med": 216.022,
            "min": 3.055,
            "p(90)": 246.84,
            "p(95)": 261.174
        },
        "http_reqs": {
            "count": 136561,
            "rate": 455.17516557683683
        },
        "iteration_duration": {
            "avg": 203.29924634980006,
            "max": 385.304091,
            "med": 216.280606,
            "min": 3.14894,
            "p(90)": 247.148509,
            "p(95)": 261.480402
        },
        "iterations": {
            "count": 136561,
            "rate": 455.17516557683683
        },
        "vus": {
            "max": 100,
            "min": 1,
            "value": 1
        },
        "vus_max": {
            "max": 100,
            "min": 100,
            "value": 100
        }
    },
    "root_group": {
        "name": "",
        "path": "",
        "id": "d41d8cd98f00b204e9800998ecf8427e",
        "groups": {},
        "checks": {
            "content is present": {
                "name": "content is present",
                "path": "::content is present",
                "id": "f162f55df55ff1646f977d711ea38a01",
                "passes": 136561,
                "fails": 0
            },
            "status is 200": {
                "name": "status is 200",
                "path": "::status is 200",
                "id": "6210a8cd14cd70477eba5c5e4cb3fb5f",
                "passes": 136561,
                "fails": 0
            }
        }
    }
}
