{
    "metrics": {
        "check_failure_rate": {
            "fails": 3175,
            "passes": 0,
            "thresholds": {
                "rate<0.01": false,
                "rate<=0.05": false
            },
            "value": 0
        },
        "checks": {
            "fails": 0,
            "passes": 3175,
            "value": 0
        },
        "data_received": {
            "count": 542925,
            "rate": 1808.4804346783196
        },
        "data_sent": {
            "count": 352425,
            "rate": 1173.9258961946987
        },
        "http_req_blocked": {
            "avg": 0.004475905511811368,
            "max": 0.78,
            "med": 0.002,
            "min": 0.001,
            "p(90)": 0.003,
            "p(95)": 0.003
        },
        "http_req_connecting": {
            "avg": 0.0016040944881889764,
            "max": 0.359,
            "med": 0,
            "min": 0,
            "p(90)": 0,
            "p(95)": 0
        },
        "http_req_duration": {
            "avg": 2077.053324409451,
            "max": 3776.879,
            "med": 1976.348,
            "min": 326.722,
            "p(90)": 3033.8225999999995,
            "p(95)": 3326.3272999999995,
            "thresholds": {
                "p(95)<5000": false
            }
        },
        "http_req_receiving": {
            "avg": 0.15843527559055084,
            "max": 5.787,
            "med": 0.047,
            "min": 0.024,
            "p(90)": 0.416,
            "p(95)": 0.489
        },
        "http_req_sending": {
            "avg": 0.013642204724409674,
            "max": 0.169,
            "med": 0.013,
            "min": 0.007,
            "p(90)": 0.015,
            "p(95)": 0.018
        },
        "http_req_tls_handshaking": {
            "avg": 0,
            "max": 0,
            "med": 0,
            "min": 0,
            "p(90)": 0,
            "p(95)": 0
        },
        "http_req_waiting": {
            "avg": 2076.8812469291342,
            "max": 3776.809,
            "med": 1976.279,
            "min": 326.659,
            "p(90)": 3033.2261999999996,
            "p(95)": 3326.0414999999994
        },
        "http_reqs": {
            "count": 3175,
            "rate": 10.575908974727016
        },
        "iteration_duration": {
            "avg": 2077.0964484837837,
            "max": 3776.895449,
            "med": 1976.394742,
            "min": 326.813313,
            "p(90)": 3033.8477239999997,
            "p(95)": 3326.3300802999993
        },
        "iterations": {
            "count": 3175,
            "rate": 10.575908974727016
        },
        "vus": {
            "max": 25,
            "min": 1,
            "value": 1
        },
        "vus_max": {
            "max": 25,
            "min": 25,
            "value": 25
        }
    },
    "root_group": {
        "name": "",
        "path": "",
        "id": "d41d8cd98f00b204e9800998ecf8427e",
        "groups": {},
        "checks": {
            "status is 200": {
                "name": "status is 200",
                "path": "::status is 200",
                "id": "6210a8cd14cd70477eba5c5e4cb3fb5f",
                "passes": 3175,
                "fails": 0
            }
        }
    }
}
