{
    "metrics": {
        "check_failure_rate": {
            "fails": 105264,
            "passes": 0,
            "thresholds": {
                "rate<0.01": false,
                "rate<=0.05": false
            },
            "value": 0
        },
        "checks": {
            "fails": 0,
            "passes": 210528,
            "value": 0
        },
        "data_received": {
            "count": 30316032,
            "rate": 101039.67839580249
        },
        "data_sent": {
            "count": 11473776,
            "rate": 38240.71161507803
        },
        "http_req_blocked": {
            "avg": 0.0021769740842111467,
            "max": 22.106,
            "med": 0.001,
            "min": 0.001,
            "p(90)": 0.002,
            "p(95)": 0.002
        },
        "http_req_connecting": {
            "avg": 0.0004669592643258854,
            "max": 21.994,
            "med": 0,
            "min": 0,
            "p(90)": 0,
            "p(95)": 0
        },
        "http_req_duration": {
            "avg": 263.6721396773814,
            "max": 615.814,
            "med": 282.334,
            "min": 3.951,
            "p(90)": 299.86469999999997,
            "p(95)": 305.054,
            "thresholds": {
                "p(95)<5000": false
            }
        },
        "http_req_receiving": {
            "avg": 0.10767130262960882,
            "max": 9.271,
            "med": 0.031,
            "min": 0.02,
            "p(90)": 0.306,
            "p(95)": 0.371
        },
        "http_req_sending": {
            "avg": 0.010507884936911542,
            "max": 0.263,
            "med": 0.01,
            "min": 0.005,
            "p(90)": 0.012,
            "p(95)": 0.013
        },
        "http_req_tls_handshaking": {
            "avg": 0,
            "max": 0,
            "med": 0,
            "min": 0,
            "p(90)": 0,
            "p(95)": 0
        },
        "http_req_waiting": {
            "avg": 263.5539604898161,
            "max": 615.639,
            "med": 282.2085,
            "min": 3.917,
            "p(90)": 299.7531,
            "p(95)": 304.94084999999995
        },
        "http_reqs": {
            "count": 105264,
            "rate": 350.832216652092
        },
        "iteration_duration": {
            "avg": 263.7585767792327,
            "max": 615.885485,
            "med": 282.42071050000004,
            "min": 4.013031,
            "p(90)": 299.9509466,
            "p(95)": 305.1336201
        },
        "iterations": {
            "count": 105264,
            "rate": 350.832216652092
        },
        "vus": {
            "max": 100,
            "min": 1,
            "value": 1
        },
        "vus_max": {
            "max": 100,
            "min": 100,
            "value": 100
        }
    },
    "root_group": {
        "name": "",
        "path": "",
        "id": "d41d8cd98f00b204e9800998ecf8427e",
        "groups": {},
        "checks": {
            "content is present": {
                "name": "content is present",
                "path": "::content is present",
                "id": "f162f55df55ff1646f977d711ea38a01",
                "passes": 105264,
                "fails": 0
            },
            "status is 200": {
                "name": "status is 200",
                "path": "::status is 200",
                "id": "6210a8cd14cd70477eba5c5e4cb3fb5f",
                "passes": 105264,
                "fails": 0
            }
        }
    }
}
