{
    "metrics": {
        "check_failure_rate": {
            "fails": 160272,
            "passes": 0,
            "thresholds": {
                "rate<0.01": false,
                "rate<=0.05": false
            },
            "value": 0
        },
        "checks": {
            "fails": 0,
            "passes": 320544,
            "value": 0
        },
        "data_received": {
            "count": 46158336,
            "rate": 153838.8641315261
        },
        "data_sent": {
            "count": 17469648,
            "rate": 58223.73677200119
        },
        "http_req_blocked": {
            "avg": 0.0018956024757936097,
            "max": 0.844,
            "med": 0.002,
            "min": 0.001,
            "p(90)": 0.002,
            "p(95)": 0.003
        },
        "http_req_connecting": {
            "avg": 0.0001422456823400219,
            "max": 0.72,
            "med": 0,
            "min": 0,
            "p(90)": 0,
            "p(95)": 0
        },
        "http_req_duration": {
            "avg": 173.13678811021185,
            "max": 526.902,
            "med": 185.362,
            "min": 3.002,
            "p(90)": 202.065,
            "p(95)": 206.85,
            "thresholds": {
                "p(95)<5000": false
            }
        },
        "http_req_receiving": {
            "avg": 0.13568056179488766,
            "max": 23.047,
            "med": 0.033,
            "min": 0.018,
            "p(90)": 0.37,
            "p(95)": 0.467
        },
        "http_req_sending": {
            "avg": 0.011250655136249985,
            "max": 9.827,
            "med": 0.011,
            "min": 0.006,
            "p(90)": 0.013,
            "p(95)": 0.014
        },
        "http_req_tls_handshaking": {
            "avg": 0,
            "max": 0,
            "med": 0,
            "min": 0,
            "p(90)": 0,
            "p(95)": 0
        },
        "http_req_waiting": {
            "avg": 172.98985689328148,
            "max": 526.625,
            "med": 185.214,
            "min": 2.965,
            "p(90)": 201.91,
            "p(95)": 206.69644999999997
        },
        "http_reqs": {
            "count": 160272,
            "rate": 534.16272267891
        },
        "iteration_duration": {
            "avg": 173.2154623010266,
            "max": 526.962628,
            "med": 185.441552,
            "min": 3.066377,
            "p(90)": 202.1459242,
            "p(95)": 206.92821944999997
        },
        "iterations": {
            "count": 160272,
            "rate": 534.16272267891
        },
        "vus": {
            "max": 100,
            "min": 1,
            "value": 1
        },
        "vus_max": {
            "max": 100,
            "min": 100,
            "value": 100
        }
    },
    "root_group": {
        "name": "",
        "path": "",
        "id": "d41d8cd98f00b204e9800998ecf8427e",
        "groups": {},
        "checks": {
            "content is present": {
                "name": "content is present",
                "path": "::content is present",
                "id": "f162f55df55ff1646f977d711ea38a01",
                "passes": 160272,
                "fails": 0
            },
            "status is 200": {
                "name": "status is 200",
                "path": "::status is 200",
                "id": "6210a8cd14cd70477eba5c5e4cb3fb5f",
                "passes": 160272,
                "fails": 0
            }
        }
    }
}
