{
    "metrics": {
        "check_failure_rate": {
            "fails": 3170,
            "passes": 2,
            "thresholds": {
                "rate<0.01": false,
                "rate<=0.05": false
            },
            "value": 0
        },
        "checks": {
            "fails": 2,
            "passes": 3170,
            "value": 0
        },
        "data_received": {
            "count": 551802,
            "rate": 1763.6415646429182
        },
        "data_sent": {
            "count": 364780,
            "rate": 1165.8913341206514
        },
        "http_req_blocked": {
            "avg": 0.01646216897856409,
            "max": 1.408,
            "med": 0.002,
            "min": 0.001,
            "p(90)": 0.003,
            "p(95)": 0.003
        },
        "http_req_connecting": {
            "avg": 0.009880832282471629,
            "max": 0.495,
            "med": 0,
            "min": 0,
            "p(90)": 0,
            "p(95)": 0
        },
        "http_req_duration": {
            "avg": 9039.12274401012,
            "max": 24757.079,
            "med": 4805.3435,
            "min": 4518.741,
            "p(90)": 20678.789,
            "p(95)": 20762.5705,
            "thresholds": {
                "p(95)<5000": true
            }
        },
        "http_req_receiving": {
            "avg": 0.07061223203026468,
            "max": 1.995,
            "med": 0.047,
            "min": 0.036,
            "p(90)": 0.10490000000000009,
            "p(95)": 0.225
        },
        "http_req_sending": {
            "avg": 0.016239596469105035,
            "max": 0.203,
            "med": 0.014,
            "min": 0.009,
            "p(90)": 0.016,
            "p(95)": 0.019
        },
        "http_req_tls_handshaking": {
            "avg": 0,
            "max": 0,
            "med": 0,
            "min": 0,
            "p(90)": 0,
            "p(95)": 0
        },
        "http_req_waiting": {
            "avg": 9039.035892181602,
            "max": 24756.786,
            "med": 4805.2845,
            "min": 4518.688,
            "p(90)": 20678.7243,
            "p(95)": 20762.47955
        },
        "http_reqs": {
            "count": 3172,
            "rate": 10.138185514092621
        },
        "iteration_duration": {
            "avg": 9039.591090244647,
            "max": 24758.000843,
            "med": 4805.3080015,
            "min": 4519.070693,
            "p(90)": 20678.9080016,
            "p(95)": 20766.1943552
        },
        "iterations": {
            "count": 3172,
            "rate": 10.138185514092621
        },
        "vus": {
            "max": 100,
            "min": 4,
            "value": 5
        },
        "vus_max": {
            "max": 100,
            "min": 100,
            "value": 100
        }
    },
    "root_group": {
        "name": "",
        "path": "",
        "id": "d41d8cd98f00b204e9800998ecf8427e",
        "groups": {},
        "checks": {
            "status is 200": {
                "name": "status is 200",
                "path": "::status is 200",
                "id": "6210a8cd14cd70477eba5c5e4cb3fb5f",
                "passes": 3170,
                "fails": 2
            }
        }
    }
}
