{
    "metrics": {
        "check_failure_rate": {
            "fails": 91,
            "passes": 5,
            "thresholds": {
                "rate<0.01": true,
                "rate<=0.05": true
            },
            "value": 0
        },
        "checks": {
            "fails": 5,
            "passes": 91,
            "value": 0
        },
        "data_received": {
            "count": 18455,
            "rate": 156.36225828379582
        },
        "data_sent": {
            "count": 16790,
            "rate": 142.2553409149245
        },
        "http_req_blocked": {
            "avg": 0.28274999999999995,
            "max": 3.735,
            "med": 0.11599999999999999,
            "min": 0.001,
            "p(90)": 0.6665000000000001,
            "p(95)": 0.6817500000000001
        },
        "http_req_connecting": {
            "avg": 0.20895833333333325,
            "max": 3.591,
            "med": 0.075,
            "min": 0,
            "p(90)": 0.476,
            "p(95)": 0.49424999999999997
        },
        "http_req_duration": {
            "avg": 30607.26003125001,
            "max": 60009.2,
            "med": 30324.3115,
            "min": 1329.138,
            "p(90)": 57713.869999999995,
            "p(95)": 59517.382750000004,
            "thresholds": {
                "p(95)<5000": true
            }
        },
        "http_req_receiving": {
            "avg": 0.06734375000000002,
            "max": 0.319,
            "med": 0.047,
            "min": 0,
            "p(90)": 0.134,
            "p(95)": 0.2025
        },
        "http_req_sending": {
            "avg": 0.04769791666666668,
            "max": 0.141,
            "med": 0.037,
            "min": 0.011,
            "p(90)": 0.108,
            "p(95)": 0.11325
        },
        "http_req_tls_handshaking": {
            "avg": 0,
            "max": 0,
            "med": 0,
            "min": 0,
            "p(90)": 0,
            "p(95)": 0
        },
        "http_req_waiting": {
            "avg": 30607.144989583336,
            "max": 60009.117,
            "med": 30324.221,
            "min": 1329,
            "p(90)": 57713.741500000004,
            "p(95)": 59517.24475
        },
        "http_reqs": {
            "count": 96,
            "rate": 0.8133718122592467
        },
        "iteration_duration": {
            "avg": 30606.78322,
            "max": 60008.498612,
            "med": 30323.890204,
            "min": 1329.975085,
            "p(90)": 57712.763267,
            "p(95)": 59515.8338285
        },
        "iterations": {
            "count": 96,
            "rate": 0.8133718122592467
        },
        "vus": {
            "max": 50,
            "min": 1,
            "value": 50
        },
        "vus_max": {
            "max": 50,
            "min": 50,
            "value": 50
        }
    },
    "root_group": {
        "name": "",
        "path": "",
        "id": "d41d8cd98f00b204e9800998ecf8427e",
        "groups": {},
        "checks": {
            "status is 200": {
                "name": "status is 200",
                "path": "::status is 200",
                "id": "6210a8cd14cd70477eba5c5e4cb3fb5f",
                "passes": 91,
                "fails": 5
            }
        }
    }
}
