{
    "metrics": {
        "check_failure_rate": {
            "fails": 4053,
            "passes": 23,
            "thresholds": {
                "rate<0.01": false,
                "rate<=0.05": false
            },
            "value": 0
        },
        "checks": {
            "fails": 23,
            "passes": 4053,
            "value": 0
        },
        "data_received": {
            "count": 820679,
            "rate": 2725.133027882168
        },
        "data_sent": {
            "count": 468740,
            "rate": 1556.4902422134446
        },
        "http_req_blocked": {
            "avg": 0.008131746810598361,
            "max": 1.508,
            "med": 0.002,
            "min": 0.001,
            "p(90)": 0.003,
            "p(95)": 0.004
        },
        "http_req_connecting": {
            "avg": 0.004149901864573109,
            "max": 1.054,
            "med": 0,
            "min": 0,
            "p(90)": 0,
            "p(95)": 0
        },
        "http_req_duration": {
            "avg": 3234.0404411187437,
            "max": 60010.057,
            "med": 2910.1655,
            "min": 801.889,
            "p(90)": 3968.7200000000003,
            "p(95)": 4395.796249999999,
            "thresholds": {
                "p(95)<5000": false
            }
        },
        "http_req_receiving": {
            "avg": 0.08539916584887151,
            "max": 11.069,
            "med": 0.047,
            "min": 0,
            "p(90)": 0.1555,
            "p(95)": 0.29
        },
        "http_req_sending": {
            "avg": 0.01485647693817488,
            "max": 0.144,
            "med": 0.013,
            "min": 0.008,
            "p(90)": 0.018,
            "p(95)": 0.021
        },
        "http_req_tls_handshaking": {
            "avg": 0,
            "max": 0,
            "med": 0,
            "min": 0,
            "p(90)": 0,
            "p(95)": 0
        },
        "http_req_waiting": {
            "avg": 3233.9401854759544,
            "max": 60010.044,
            "med": 2910.103,
            "min": 801.824,
            "p(90)": 3968.661,
            "p(95)": 4395.51275
        },
        "http_reqs": {
            "count": 4076,
            "rate": 13.534697758377778
        },
        "iteration_duration": {
            "avg": 3234.060744494603,
            "max": 60008.383998,
            "med": 2910.1900585,
            "min": 801.97978,
            "p(90)": 3968.7243129999997,
            "p(95)": 4395.79396525
        },
        "iterations": {
            "count": 4076,
            "rate": 13.534697758377778
        },
        "vus": {
            "max": 50,
            "min": 1,
            "value": 1
        },
        "vus_max": {
            "max": 50,
            "min": 50,
            "value": 50
        }
    },
    "root_group": {
        "name": "",
        "path": "",
        "id": "d41d8cd98f00b204e9800998ecf8427e",
        "groups": {},
        "checks": {
            "status is 200": {
                "name": "status is 200",
                "path": "::status is 200",
                "id": "6210a8cd14cd70477eba5c5e4cb3fb5f",
                "passes": 4053,
                "fails": 23
            }
        }
    }
}
