{
    "metrics": {
        "check_failure_rate": {
            "fails": 10272,
            "passes": 1,
            "thresholds": {
                "rate<0.01": false,
                "rate<=0.05": false
            },
            "value": 0
        },
        "checks": {
            "fails": 1,
            "passes": 10272,
            "value": 0
        },
        "data_received": {
            "count": 1787439,
            "rate": 5957.129003756402
        },
        "data_sent": {
            "count": 1181395,
            "rate": 3937.3217320382932
        },
        "http_req_blocked": {
            "avg": 0.00681125279859859,
            "max": 0.976,
            "med": 0.003,
            "min": 0.001,
            "p(90)": 0.004,
            "p(95)": 0.005
        },
        "http_req_connecting": {
            "avg": 0.0027528472695415173,
            "max": 0.803,
            "med": 0,
            "min": 0,
            "p(90)": 0,
            "p(95)": 0
        },
        "http_req_duration": {
            "avg": 2710.92201450404,
            "max": 9574.94,
            "med": 2495.037,
            "min": 45.917,
            "p(90)": 4699.1158000000005,
            "p(95)": 5391.1648,
            "thresholds": {
                "p(95)<5000": true
            }
        },
        "http_req_receiving": {
            "avg": 0.5916675751971168,
            "max": 188.194,
            "med": 0.056,
            "min": 0.021,
            "p(90)": 0.2068000000000011,
            "p(95)": 0.4813999999999996
        },
        "http_req_sending": {
            "avg": 0.017809695317823303,
            "max": 0.159,
            "med": 0.016,
            "min": 0.007,
            "p(90)": 0.02380000000000109,
            "p(95)": 0.028
        },
        "http_req_tls_handshaking": {
            "avg": 0,
            "max": 0,
            "med": 0,
            "min": 0,
            "p(90)": 0,
            "p(95)": 0
        },
        "http_req_waiting": {
            "avg": 2710.312537233526,
            "max": 9574.833,
            "med": 2494.951,
            "min": 45.838,
            "p(90)": 4699.0594,
            "p(95)": 5391.0918
        },
        "http_reqs": {
            "count": 10273,
            "rate": 34.23758027859385
        },
        "iteration_duration": {
            "avg": 2710.978540898075,
            "max": 9574.859963,
            "med": 2495.11379,
            "min": 46.016397,
            "p(90)": 4699.0927858000005,
            "p(95)": 5391.1185428
        },
        "iterations": {
            "count": 10273,
            "rate": 34.23758027859385
        },
        "vus": {
            "max": 100,
            "min": 1,
            "value": 1
        },
        "vus_max": {
            "max": 100,
            "min": 100,
            "value": 100
        }
    },
    "root_group": {
        "name": "",
        "path": "",
        "id": "d41d8cd98f00b204e9800998ecf8427e",
        "groups": {},
        "checks": {
            "status is 200": {
                "name": "status is 200",
                "path": "::status is 200",
                "id": "6210a8cd14cd70477eba5c5e4cb3fb5f",
                "passes": 10272,
                "fails": 1
            }
        }
    }
}
