{
    "metrics": {
        "check_failure_rate": {
            "fails": 289,
            "passes": 0,
            "thresholds": {
                "rate<0.01": false,
                "rate<=0.05": false
            },
            "value": 0
        },
        "checks": {
            "fails": 0,
            "passes": 289,
            "value": 0
        },
        "data_received": {
            "count": 58608,
            "rate": 177.74003652732432
        },
        "data_sent": {
            "count": 36340,
            "rate": 110.20804203185514
        },
        "http_req_blocked": {
            "avg": 0.07564013840830411,
            "max": 0.866,
            "med": 0.002,
            "min": 0.001,
            "p(90)": 0.28419999999999995,
            "p(95)": 0.614
        },
        "http_req_connecting": {
            "avg": 0.05115916955017301,
            "max": 0.494,
            "med": 0,
            "min": 0,
            "p(90)": 0.20299999999999996,
            "p(95)": 0.43639999999999934
        },
        "http_req_duration": {
            "avg": 45410.74336678203,
            "max": 58971.547,
            "med": 53750.504,
            "min": 915.484,
            "p(90)": 56792.551,
            "p(95)": 58111.210999999996,
            "thresholds": {
                "p(95)<5000": true
            }
        },
        "http_req_receiving": {
            "avg": 0.07595155709342562,
            "max": 0.668,
            "med": 0.048,
            "min": 0.037,
            "p(90)": 0.13019999999999998,
            "p(95)": 0.24799999999999983
        },
        "http_req_sending": {
            "avg": 0.025716262975778448,
            "max": 0.168,
            "med": 0.013,
            "min": 0.01,
            "p(90)": 0.0692,
            "p(95)": 0.098
        },
        "http_req_tls_handshaking": {
            "avg": 0,
            "max": 0,
            "med": 0,
            "min": 0,
            "p(90)": 0,
            "p(95)": 0
        },
        "http_req_waiting": {
            "avg": 45410.64169896194,
            "max": 58971.489,
            "med": 53750.437,
            "min": 915.407,
            "p(90)": 56792.4398,
            "p(95)": 58111.140999999996
        },
        "http_reqs": {
            "count": 289,
            "rate": 0.8764481053166245
        },
        "iteration_duration": {
            "avg": 45409.57997777162,
            "max": 58969.908607,
            "med": 53748.983084,
            "min": 915.550778,
            "p(90)": 56790.9696356,
            "p(95)": 58109.589719799995
        },
        "iterations": {
            "count": 289,
            "rate": 0.8764481053166245
        },
        "vus": {
            "max": 50,
            "min": 1,
            "value": 2
        },
        "vus_max": {
            "max": 50,
            "min": 50,
            "value": 50
        }
    },
    "root_group": {
        "name": "",
        "path": "",
        "id": "d41d8cd98f00b204e9800998ecf8427e",
        "groups": {},
        "checks": {
            "status is 200": {
                "name": "status is 200",
                "path": "::status is 200",
                "id": "6210a8cd14cd70477eba5c5e4cb3fb5f",
                "passes": 289,
                "fails": 0
            }
        }
    }
}
