{
    "metrics": {
        "check_failure_rate": {
            "fails": 1429,
            "passes": 0,
            "thresholds": {
                "rate<0.01": false,
                "rate<=0.05": false
            },
            "value": 0
        },
        "checks": {
            "fails": 0,
            "passes": 1429,
            "value": 0
        },
        "data_received": {
            "count": 242930,
            "rate": 805.5435535693211
        },
        "data_sent": {
            "count": 172909,
            "rate": 573.3574704816933
        },
        "http_req_blocked": {
            "avg": 0.00916515045486389,
            "max": 0.821,
            "med": 0.002,
            "min": 0.001,
            "p(90)": 0.002,
            "p(95)": 0.003
        },
        "http_req_connecting": {
            "avg": 0.004773268019594121,
            "max": 0.419,
            "med": 0,
            "min": 0,
            "p(90)": 0,
            "p(95)": 0
        },
        "http_req_duration": {
            "avg": 4628.7658544436645,
            "max": 6031.61,
            "med": 4867.887,
            "min": 2156.872,
            "p(90)": 5428.6708,
            "p(95)": 5542.6104,
            "thresholds": {
                "p(95)<5000": true
            }
        },
        "http_req_receiving": {
            "avg": 0.06614135759272259,
            "max": 3.469,
            "med": 0.042,
            "min": 0.025,
            "p(90)": 0.095,
            "p(95)": 0.1515999999999999
        },
        "http_req_sending": {
            "avg": 0.014988103568929444,
            "max": 0.123,
            "med": 0.012,
            "min": 0.007,
            "p(90)": 0.027,
            "p(95)": 0.029599999999999908
        },
        "http_req_tls_handshaking": {
            "avg": 0,
            "max": 0,
            "med": 0,
            "min": 0,
            "p(90)": 0,
            "p(95)": 0
        },
        "http_req_waiting": {
            "avg": 4628.684724982496,
            "max": 6031.521,
            "med": 4867.801,
            "min": 2156.783,
            "p(90)": 5428.593,
            "p(95)": 5542.557999999999
        },
        "http_reqs": {
            "count": 1429,
            "rate": 4.7384914915842415
        },
        "iteration_duration": {
            "avg": 4628.744497844645,
            "max": 6031.58518,
            "med": 4867.837813,
            "min": 2156.897308,
            "p(90)": 5428.684321600001,
            "p(95)": 5542.537701
        },
        "iterations": {
            "count": 1429,
            "rate": 4.7384914915842415
        },
        "vus": {
            "max": 25,
            "min": 1,
            "value": 1
        },
        "vus_max": {
            "max": 25,
            "min": 25,
            "value": 25
        }
    },
    "root_group": {
        "name": "",
        "path": "",
        "id": "d41d8cd98f00b204e9800998ecf8427e",
        "groups": {},
        "checks": {
            "status is 200": {
                "name": "status is 200",
                "path": "::status is 200",
                "id": "6210a8cd14cd70477eba5c5e4cb3fb5f",
                "passes": 1429,
                "fails": 0
            }
        }
    }
}
