{
    "metrics": {
        "check_failure_rate": {
            "fails": 14281,
            "passes": 0,
            "thresholds": {
                "rate<0.01": false,
                "rate<=0.05": false
            },
            "value": 0
        },
        "checks": {
            "fails": 0,
            "passes": 28562,
            "value": 0
        },
        "data_received": {
            "count": 2899043,
            "rate": 9662.76986726011
        },
        "data_sent": {
            "count": 1069432685,
            "rate": 3564514.8842845974
        },
        "http_req_blocked": {
            "avg": 0.0034882011063656947,
            "max": 0.787,
            "med": 0.002,
            "min": 0.001,
            "p(90)": 0.003,
            "p(95)": 0.004
        },
        "http_req_connecting": {
            "avg": 0.0007484769974091452,
            "max": 0.337,
            "med": 0,
            "min": 0,
            "p(90)": 0,
            "p(95)": 0
        },
        "http_req_duration": {
            "avg": 919.4150106435135,
            "max": 1788.645,
            "med": 1031.545,
            "min": 21.809,
            "p(90)": 1103.587,
            "p(95)": 1126.5,
            "thresholds": {
                "p(95)<5000": false
            }
        },
        "http_req_receiving": {
            "avg": 0.11701309432112574,
            "max": 7.392,
            "med": 0.043,
            "min": 0.018,
            "p(90)": 0.304,
            "p(95)": 0.464
        },
        "http_req_sending": {
            "avg": 0.14176374203487027,
            "max": 0.409,
            "med": 0.134,
            "min": 0.077,
            "p(90)": 0.18,
            "p(95)": 0.197
        },
        "http_req_tls_handshaking": {
            "avg": 0,
            "max": 0,
            "med": 0,
            "min": 0,
            "p(90)": 0,
            "p(95)": 0
        },
        "http_req_waiting": {
            "avg": 919.1562338071552,
            "max": 1788.411,
            "med": 1031.332,
            "min": 21.645,
            "p(90)": 1103.336,
            "p(95)": 1126.256
        },
        "http_reqs": {
            "count": 14281,
            "rate": 47.59985156285768
        },
        "iteration_duration": {
            "avg": 920.4155720552503,
            "max": 1790.246168,
            "med": 1032.656547,
            "min": 22.768894,
            "p(90)": 1104.657118,
            "p(95)": 1127.740333
        },
        "iterations": {
            "count": 14281,
            "rate": 47.59985156285768
        },
        "vus": {
            "max": 50,
            "min": 1,
            "value": 1
        },
        "vus_max": {
            "max": 50,
            "min": 50,
            "value": 50
        }
    },
    "root_group": {
        "name": "",
        "path": "",
        "id": "d41d8cd98f00b204e9800998ecf8427e",
        "groups": {},
        "checks": {
            "content is present": {
                "name": "content is present",
                "path": "::content is present",
                "id": "f162f55df55ff1646f977d711ea38a01",
                "passes": 14281,
                "fails": 0
            },
            "status is 200": {
                "name": "status is 200",
                "path": "::status is 200",
                "id": "6210a8cd14cd70477eba5c5e4cb3fb5f",
                "passes": 14281,
                "fails": 0
            }
        }
    }
}
