{
    "metrics": {
        "check_failure_rate": {
            "fails": 4462,
            "passes": 0,
            "thresholds": {
                "rate<0.01": false,
                "rate<=0.05": false
            },
            "value": 0
        },
        "checks": {
            "fails": 0,
            "passes": 4462,
            "value": 0
        },
        "data_received": {
            "count": 776388,
            "rate": 2587.2480065969044
        },
        "data_sent": {
            "count": 517592,
            "rate": 1724.8320043979363
        },
        "http_req_blocked": {
            "avg": 0.011010085163605266,
            "max": 1.017,
            "med": 0.002,
            "min": 0.001,
            "p(90)": 0.003,
            "p(95)": 0.003
        },
        "http_req_connecting": {
            "avg": 0.006321604661586734,
            "max": 0.583,
            "med": 0,
            "min": 0,
            "p(90)": 0,
            "p(95)": 0
        },
        "http_req_duration": {
            "avg": 6257.682362841773,
            "max": 21062.488,
            "med": 5004.389,
            "min": 49.138,
            "p(90)": 11198.5339,
            "p(95)": 16994.290849999998,
            "thresholds": {
                "p(95)<5000": true
            }
        },
        "http_req_receiving": {
            "avg": 0.0691925145674586,
            "max": 10.402,
            "med": 0.047,
            "min": 0.037,
            "p(90)": 0.067,
            "p(95)": 0.1509499999999998
        },
        "http_req_sending": {
            "avg": 0.015397803675482276,
            "max": 0.374,
            "med": 0.014,
            "min": 0.009,
            "p(90)": 0.016,
            "p(95)": 0.019
        },
        "http_req_tls_handshaking": {
            "avg": 0,
            "max": 0,
            "med": 0,
            "min": 0,
            "p(90)": 0,
            "p(95)": 0
        },
        "http_req_waiting": {
            "avg": 6257.59777252352,
            "max": 21062.419,
            "med": 5004.254999999999,
            "min": 49.071,
            "p(90)": 11198.4283,
            "p(95)": 16994.229549999996
        },
        "http_reqs": {
            "count": 4462,
            "rate": 14.86924141722359
        },
        "iteration_duration": {
            "avg": 6257.616613822052,
            "max": 21061.990919,
            "med": 5004.3468135,
            "min": 49.235349,
            "p(90)": 11198.303387400001,
            "p(95)": 16993.89395425
        },
        "iterations": {
            "count": 4462,
            "rate": 14.86924141722359
        },
        "vus": {
            "max": 100,
            "min": 1,
            "value": 1
        },
        "vus_max": {
            "max": 100,
            "min": 100,
            "value": 100
        }
    },
    "root_group": {
        "name": "",
        "path": "",
        "id": "d41d8cd98f00b204e9800998ecf8427e",
        "groups": {},
        "checks": {
            "status is 200": {
                "name": "status is 200",
                "path": "::status is 200",
                "id": "6210a8cd14cd70477eba5c5e4cb3fb5f",
                "passes": 4462,
                "fails": 0
            }
        }
    }
}
