{
    "metrics": {
        "check_failure_rate": {
            "fails": 346,
            "passes": 0,
            "thresholds": {
                "rate<0.01": false,
                "rate<=0.05": false
            },
            "value": 0
        },
        "checks": {
            "fails": 0,
            "passes": 346,
            "value": 0
        },
        "data_received": {
            "count": 58820,
            "rate": 185.8713252252292
        },
        "data_sent": {
            "count": 42212,
            "rate": 133.39000986751745
        },
        "http_req_blocked": {
            "avg": 0.033263005780347174,
            "max": 0.825,
            "med": 0.002,
            "min": 0.001,
            "p(90)": 0.003,
            "p(95)": 0.313
        },
        "http_req_connecting": {
            "avg": 0.021592485549132946,
            "max": 0.531,
            "med": 0,
            "min": 0,
            "p(90)": 0,
            "p(95)": 0.22125
        },
        "http_req_duration": {
            "avg": 19840.21941040463,
            "max": 27871.81,
            "med": 19365.804,
            "min": 2957.199,
            "p(90)": 26969.828,
            "p(95)": 27269.2955,
            "thresholds": {
                "p(95)<5000": true
            }
        },
        "http_req_receiving": {
            "avg": 0.3937774566473996,
            "max": 52.57,
            "med": 0.046,
            "min": 0.028,
            "p(90)": 0.11549999999999999,
            "p(95)": 0.23274999999999998
        },
        "http_req_sending": {
            "avg": 0.01831213872832365,
            "max": 0.171,
            "med": 0.014,
            "min": 0.009,
            "p(90)": 0.021,
            "p(95)": 0.05
        },
        "http_req_tls_handshaking": {
            "avg": 0,
            "max": 0,
            "med": 0,
            "min": 0,
            "p(90)": 0,
            "p(95)": 0
        },
        "http_req_waiting": {
            "avg": 19839.807320809276,
            "max": 27871.758,
            "med": 19365.7455,
            "min": 2949.401,
            "p(90)": 26969.764000000003,
            "p(95)": 27267.991749999997
        },
        "http_reqs": {
            "count": 346,
            "rate": 1.0933607366189955
        },
        "iteration_duration": {
            "avg": 19840.031829959535,
            "max": 27871.069023,
            "med": 19365.342875000002,
            "min": 2960.569286,
            "p(90)": 26969.1410185,
            "p(95)": 27268.58937575
        },
        "iterations": {
            "count": 346,
            "rate": 1.0933607366189955
        },
        "vus": {
            "max": 25,
            "min": 1,
            "value": 1
        },
        "vus_max": {
            "max": 25,
            "min": 25,
            "value": 25
        }
    },
    "root_group": {
        "name": "",
        "path": "",
        "id": "d41d8cd98f00b204e9800998ecf8427e",
        "groups": {},
        "checks": {
            "status is 200": {
                "name": "status is 200",
                "path": "::status is 200",
                "id": "6210a8cd14cd70477eba5c5e4cb3fb5f",
                "passes": 346,
                "fails": 0
            }
        }
    }
}
