{
    "metrics": {
        "check_failure_rate": {
            "fails": 48575,
            "passes": 0,
            "thresholds": {
                "rate<0.01": false,
                "rate<=0.05": false
            },
            "value": 0
        },
        "checks": {
            "fails": 0,
            "passes": 97150,
            "value": 0
        },
        "data_received": {
            "count": 13989600,
            "rate": 46628.315741345556
        },
        "data_sent": {
            "count": 5343250,
            "rate": 17809.426151208372
        },
        "http_req_blocked": {
            "avg": 0.003294348944929792,
            "max": 0.951,
            "med": 0.002,
            "min": 0.001,
            "p(90)": 0.004,
            "p(95)": 0.004
        },
        "http_req_connecting": {
            "avg": 0.000494595985589295,
            "max": 0.545,
            "med": 0,
            "min": 0,
            "p(90)": 0,
            "p(95)": 0
        },
        "http_req_duration": {
            "avg": 571.702593885744,
            "max": 1796.274,
            "med": 543.668,
            "min": 3.529,
            "p(90)": 901.2926,
            "p(95)": 1087.4701999999995,
            "thresholds": {
                "p(95)<5000": false
            }
        },
        "http_req_receiving": {
            "avg": 0.6505318991250542,
            "max": 889.594,
            "med": 0.041,
            "min": 0.015,
            "p(90)": 0.236,
            "p(95)": 0.5432999999999957
        },
        "http_req_sending": {
            "avg": 0.015008358208953828,
            "max": 0.302,
            "med": 0.014,
            "min": 0.005,
            "p(90)": 0.02,
            "p(95)": 0.024
        },
        "http_req_tls_handshaking": {
            "avg": 0,
            "max": 0,
            "med": 0,
            "min": 0,
            "p(90)": 0,
            "p(95)": 0
        },
        "http_req_waiting": {
            "avg": 571.0370536284121,
            "max": 1796.23,
            "med": 536.978,
            "min": 3.482,
            "p(90)": 901.0956,
            "p(95)": 1086.8045999999997
        },
        "http_reqs": {
            "count": 48575,
            "rate": 161.9038741018943
        },
        "iteration_duration": {
            "avg": 571.8468997032826,
            "max": 1796.324828,
            "med": 543.743608,
            "min": 3.620299,
            "p(90)": 901.4595534,
            "p(95)": 1087.5526792999992
        },
        "iterations": {
            "count": 48575,
            "rate": 161.9038741018943
        },
        "vus": {
            "max": 100,
            "min": 1,
            "value": 1
        },
        "vus_max": {
            "max": 100,
            "min": 100,
            "value": 100
        }
    },
    "root_group": {
        "name": "",
        "path": "",
        "id": "d41d8cd98f00b204e9800998ecf8427e",
        "groups": {},
        "checks": {
            "content is present": {
                "name": "content is present",
                "path": "::content is present",
                "id": "f162f55df55ff1646f977d711ea38a01",
                "passes": 48575,
                "fails": 0
            },
            "status is 200": {
                "name": "status is 200",
                "path": "::status is 200",
                "id": "6210a8cd14cd70477eba5c5e4cb3fb5f",
                "passes": 48575,
                "fails": 0
            }
        }
    }
}
