{
    "metrics": {
        "check_failure_rate": {
            "fails": 3256,
            "passes": 0,
            "thresholds": {
                "rate<0.01": false,
                "rate<=0.05": false
            },
            "value": 0
        },
        "checks": {
            "fails": 0,
            "passes": 3256,
            "value": 0
        },
        "data_received": {
            "count": 566544,
            "rate": 1888.1402795071103
        },
        "data_sent": {
            "count": 377696,
            "rate": 1258.7601863380735
        },
        "http_req_blocked": {
            "avg": 0.015328316953318483,
            "max": 0.849,
            "med": 0.002,
            "min": 0.001,
            "p(90)": 0.003,
            "p(95)": 0.004
        },
        "http_req_connecting": {
            "avg": 0.009470515970515974,
            "max": 0.608,
            "med": 0,
            "min": 0,
            "p(90)": 0,
            "p(95)": 0
        },
        "http_req_duration": {
            "avg": 8582.915595515993,
            "max": 20783.784,
            "med": 5026.8565,
            "min": 59.988,
            "p(90)": 20604.781000000003,
            "p(95)": 20649.16375,
            "thresholds": {
                "p(95)<5000": true
            }
        },
        "http_req_receiving": {
            "avg": 0.0632868550368552,
            "max": 1.088,
            "med": 0.047,
            "min": 0.036,
            "p(90)": 0.067,
            "p(95)": 0.15725
        },
        "http_req_sending": {
            "avg": 0.015993857493857757,
            "max": 0.206,
            "med": 0.014,
            "min": 0.009,
            "p(90)": 0.017,
            "p(95)": 0.02
        },
        "http_req_tls_handshaking": {
            "avg": 0,
            "max": 0,
            "med": 0,
            "min": 0,
            "p(90)": 0,
            "p(95)": 0
        },
        "http_req_waiting": {
            "avg": 8582.836314803439,
            "max": 20783.723,
            "med": 5026.796,
            "min": 59.93,
            "p(90)": 20604.624,
            "p(95)": 20649.1
        },
        "http_reqs": {
            "count": 3256,
            "rate": 10.85138091670753
        },
        "iteration_duration": {
            "avg": 8582.967656150799,
            "max": 20783.270179,
            "med": 5026.822550999999,
            "min": 60.095775,
            "p(90)": 20604.598400000003,
            "p(95)": 20648.6584295
        },
        "iterations": {
            "count": 3256,
            "rate": 10.85138091670753
        },
        "vus": {
            "max": 100,
            "min": 1,
            "value": 1
        },
        "vus_max": {
            "max": 100,
            "min": 100,
            "value": 100
        }
    },
    "root_group": {
        "name": "",
        "path": "",
        "id": "d41d8cd98f00b204e9800998ecf8427e",
        "groups": {},
        "checks": {
            "status is 200": {
                "name": "status is 200",
                "path": "::status is 200",
                "id": "6210a8cd14cd70477eba5c5e4cb3fb5f",
                "passes": 3256,
                "fails": 0
            }
        }
    }
}
