{
    "metrics": {
        "check_failure_rate": {
            "fails": 32359,
            "passes": 0,
            "thresholds": {
                "rate<0.01": false,
                "rate<=0.05": false
            },
            "value": 0
        },
        "checks": {
            "fails": 0,
            "passes": 32359,
            "value": 0
        },
        "data_received": {
            "count": 5695184,
            "rate": 18981.313262535667
        },
        "data_sent": {
            "count": 3753644,
            "rate": 12510.411013943962
        },
        "http_req_blocked": {
            "avg": 0.0033329830958919618,
            "max": 1.257,
            "med": 0.002,
            "min": 0.001,
            "p(90)": 0.003,
            "p(95)": 0.003
        },
        "http_req_connecting": {
            "avg": 0.0009541394975122839,
            "max": 1.039,
            "med": 0,
            "min": 0,
            "p(90)": 0,
            "p(95)": 0
        },
        "http_req_duration": {
            "avg": 858.4809609691283,
            "max": 1302.557,
            "med": 905.467,
            "min": 12.926,
            "p(90)": 990.1111999999999,
            "p(95)": 997.9363999999999,
            "thresholds": {
                "p(95)<5000": false
            }
        },
        "http_req_receiving": {
            "avg": 0.2120744769615858,
            "max": 72.299,
            "med": 0.038,
            "min": 0.021,
            "p(90)": 0.197,
            "p(95)": 0.307
        },
        "http_req_sending": {
            "avg": 0.013108254272381374,
            "max": 0.365,
            "med": 0.012,
            "min": 0.006,
            "p(90)": 0.016,
            "p(95)": 0.018
        },
        "http_req_tls_handshaking": {
            "avg": 0,
            "max": 0,
            "med": 0,
            "min": 0,
            "p(90)": 0,
            "p(95)": 0
        },
        "http_req_waiting": {
            "avg": 858.2557782378957,
            "max": 1302.501,
            "med": 905.366,
            "min": 12.879,
            "p(90)": 989.9842,
            "p(95)": 997.8345999999999
        },
        "http_reqs": {
            "count": 32359,
            "rate": 107.84837080986173
        },
        "iteration_duration": {
            "avg": 858.5494152130467,
            "max": 1302.587595,
            "med": 905.544117,
            "min": 13.017476,
            "p(90)": 990.1669308,
            "p(95)": 998.0079076
        },
        "iterations": {
            "count": 32359,
            "rate": 107.84837080986173
        },
        "vus": {
            "max": 100,
            "min": 1,
            "value": 1
        },
        "vus_max": {
            "max": 100,
            "min": 100,
            "value": 100
        }
    },
    "root_group": {
        "name": "",
        "path": "",
        "id": "d41d8cd98f00b204e9800998ecf8427e",
        "groups": {},
        "checks": {
            "status is 200": {
                "name": "status is 200",
                "path": "::status is 200",
                "id": "6210a8cd14cd70477eba5c5e4cb3fb5f",
                "passes": 32359,
                "fails": 0
            }
        }
    }
}
