{
    "metrics": {
        "check_failure_rate": {
            "fails": 145,
            "passes": 0,
            "thresholds": {
                "rate<0.01": false,
                "rate<=0.05": false
            },
            "value": 0
        },
        "checks": {
            "fails": 0,
            "passes": 145,
            "value": 0
        },
        "data_received": {
            "count": 24650,
            "rate": 74.6890669146986
        },
        "data_sent": {
            "count": 19276,
            "rate": 58.40594133256512
        },
        "http_req_blocked": {
            "avg": 0.07073103448275887,
            "max": 0.82,
            "med": 0.002,
            "min": 0.001,
            "p(90)": 0.30779999999999996,
            "p(95)": 0.43879999999999897
        },
        "http_req_connecting": {
            "avg": 0.04868275862068966,
            "max": 0.542,
            "med": 0,
            "min": 0,
            "p(90)": 0.22679999999999995,
            "p(95)": 0.3035999999999993
        },
        "http_req_duration": {
            "avg": 45608.93831034482,
            "max": 55598.264,
            "med": 55324.1,
            "min": 2228.544,
            "p(90)": 55541.4254,
            "p(95)": 55574.1132,
            "thresholds": {
                "p(95)<5000": true
            }
        },
        "http_req_receiving": {
            "avg": 0.1429172413793104,
            "max": 8.206,
            "med": 0.05,
            "min": 0.036,
            "p(90)": 0.11599999999999996,
            "p(95)": 0.20779999999999887
        },
        "http_req_sending": {
            "avg": 0.0223655172413793,
            "max": 0.125,
            "med": 0.013,
            "min": 0.01,
            "p(90)": 0.05199999999999997,
            "p(95)": 0.07199999999999991
        },
        "http_req_tls_handshaking": {
            "avg": 0,
            "max": 0,
            "med": 0,
            "min": 0,
            "p(90)": 0,
            "p(95)": 0
        },
        "http_req_waiting": {
            "avg": 45608.77302758619,
            "max": 55598.204,
            "med": 55324.011,
            "min": 2228.479,
            "p(90)": 55541.3728,
            "p(95)": 55574.0164
        },
        "http_reqs": {
            "count": 145,
            "rate": 0.43934745243940354
        },
        "iteration_duration": {
            "avg": 45607.76532117932,
            "max": 55596.698416,
            "med": 55322.588826,
            "min": 2228.64307,
            "p(90)": 55539.877855,
            "p(95)": 55572.5603946
        },
        "iterations": {
            "count": 145,
            "rate": 0.43934745243940354
        },
        "vus": {
            "max": 25,
            "min": 1,
            "value": 1
        },
        "vus_max": {
            "max": 25,
            "min": 25,
            "value": 25
        }
    },
    "root_group": {
        "name": "",
        "path": "",
        "id": "d41d8cd98f00b204e9800998ecf8427e",
        "groups": {},
        "checks": {
            "status is 200": {
                "name": "status is 200",
                "path": "::status is 200",
                "id": "6210a8cd14cd70477eba5c5e4cb3fb5f",
                "passes": 145,
                "fails": 0
            }
        }
    }
}
