{
    "metrics": {
        "check_failure_rate": {
            "fails": 796,
            "passes": 0,
            "thresholds": {
                "rate<0.01": false,
                "rate<=0.05": false
            },
            "value": 0
        },
        "checks": {
            "fails": 0,
            "passes": 796,
            "value": 0
        },
        "data_received": {
            "count": 136116,
            "rate": 450.43734326908447
        },
        "data_sent": {
            "count": 89152,
            "rate": 295.0232891586986
        },
        "http_req_blocked": {
            "avg": 0.013079145728643528,
            "max": 1.152,
            "med": 0.002,
            "min": 0.001,
            "p(90)": 0.0025,
            "p(95)": 0.006
        },
        "http_req_connecting": {
            "avg": 0.00733793969849246,
            "max": 0.483,
            "med": 0,
            "min": 0,
            "p(90)": 0,
            "p(95)": 0
        },
        "http_req_duration": {
            "avg": 8359.792963567847,
            "max": 17767.582,
            "med": 8896.335,
            "min": 2770.76,
            "p(90)": 8961.674500000001,
            "p(95)": 9005.68325,
            "thresholds": {
                "p(95)<5000": true
            }
        },
        "http_req_receiving": {
            "avg": 0.0756834170854268,
            "max": 3.088,
            "med": 0.043,
            "min": 0.031,
            "p(90)": 0.1,
            "p(95)": 0.18525
        },
        "http_req_sending": {
            "avg": 0.01547236180904509,
            "max": 0.59,
            "med": 0.012,
            "min": 0.009,
            "p(90)": 0.027,
            "p(95)": 0.0335
        },
        "http_req_tls_handshaking": {
            "avg": 0,
            "max": 0,
            "med": 0,
            "min": 0,
            "p(90)": 0,
            "p(95)": 0
        },
        "http_req_waiting": {
            "avg": 8359.701807788939,
            "max": 17766.902,
            "med": 8896.275,
            "min": 2770.673,
            "p(90)": 8961.617999999999,
            "p(95)": 9005.632749999999
        },
        "http_reqs": {
            "count": 796,
            "rate": 2.6341365103455234
        },
        "iteration_duration": {
            "avg": 8359.664745609298,
            "max": 17768.463418,
            "med": 8896.168749,
            "min": 2771.088607,
            "p(90)": 8961.491341,
            "p(95)": 9005.506834
        },
        "iterations": {
            "count": 796,
            "rate": 2.6341365103455234
        },
        "vus": {
            "max": 25,
            "min": 1,
            "value": 1
        },
        "vus_max": {
            "max": 25,
            "min": 25,
            "value": 25
        }
    },
    "root_group": {
        "name": "",
        "path": "",
        "id": "d41d8cd98f00b204e9800998ecf8427e",
        "groups": {},
        "checks": {
            "status is 200": {
                "name": "status is 200",
                "path": "::status is 200",
                "id": "6210a8cd14cd70477eba5c5e4cb3fb5f",
                "passes": 796,
                "fails": 0
            }
        }
    }
}
