{
    "metrics": {
        "check_failure_rate": {
            "fails": 350,
            "passes": 0,
            "thresholds": {
                "rate<0.01": false,
                "rate<=0.05": false
            },
            "value": 0
        },
        "checks": {
            "fails": 0,
            "passes": 350,
            "value": 0
        },
        "data_received": {
            "count": 59500,
            "rate": 189.14506155611588
        },
        "data_sent": {
            "count": 42700,
            "rate": 135.73939711674197
        },
        "http_req_blocked": {
            "avg": 0.029728571428571788,
            "max": 0.743,
            "med": 0.002,
            "min": 0.001,
            "p(90)": 0.003100000000000023,
            "p(95)": 0.2912
        },
        "http_req_connecting": {
            "avg": 0.019122857142857143,
            "max": 0.509,
            "med": 0,
            "min": 0,
            "p(90)": 0,
            "p(95)": 0.21355000000000002
        },
        "http_req_duration": {
            "avg": 19495.28687428571,
            "max": 28444.529,
            "med": 19003.1655,
            "min": 2918.846,
            "p(90)": 27206.658200000005,
            "p(95)": 27696.0329,
            "thresholds": {
                "p(95)<5000": true
            }
        },
        "http_req_receiving": {
            "avg": 0.39093142857142904,
            "max": 80.82,
            "med": 0.05,
            "min": 0.033,
            "p(90)": 0.30630000000000007,
            "p(95)": 0.42555
        },
        "http_req_sending": {
            "avg": 0.018497142857142785,
            "max": 0.138,
            "med": 0.014,
            "min": 0.01,
            "p(90)": 0.023,
            "p(95)": 0.05355000000000001
        },
        "http_req_tls_handshaking": {
            "avg": 0,
            "max": 0,
            "med": 0,
            "min": 0,
            "p(90)": 0,
            "p(95)": 0
        },
        "http_req_waiting": {
            "avg": 19494.877445714286,
            "max": 28444.144,
            "med": 19003.0935,
            "min": 2918.667,
            "p(90)": 27206.583300000002,
            "p(95)": 27695.72825
        },
        "http_reqs": {
            "count": 350,
            "rate": 1.1126180091536229
        },
        "iteration_duration": {
            "avg": 19494.925738045706,
            "max": 28443.802004,
            "med": 19002.723344500002,
            "min": 2919.219772,
            "p(90)": 27205.948015500002,
            "p(95)": 27695.31237485
        },
        "iterations": {
            "count": 350,
            "rate": 1.1126180091536229
        },
        "vus": {
            "max": 25,
            "min": 1,
            "value": 1
        },
        "vus_max": {
            "max": 25,
            "min": 25,
            "value": 25
        }
    },
    "root_group": {
        "name": "",
        "path": "",
        "id": "d41d8cd98f00b204e9800998ecf8427e",
        "groups": {},
        "checks": {
            "status is 200": {
                "name": "status is 200",
                "path": "::status is 200",
                "id": "6210a8cd14cd70477eba5c5e4cb3fb5f",
                "passes": 350,
                "fails": 0
            }
        }
    }
}
