{
    "metrics": {
        "check_failure_rate": {
            "fails": 32693,
            "passes": 0,
            "thresholds": {
                "rate<0.01": false,
                "rate<=0.05": false
            },
            "value": 0
        },
        "checks": {
            "fails": 0,
            "passes": 65386,
            "value": 0
        },
        "data_received": {
            "count": 9415584,
            "rate": 31380.35882752747
        },
        "data_sent": {
            "count": 3596230,
            "rate": 11985.553718847297
        },
        "http_req_blocked": {
            "avg": 0.0043342917444089395,
            "max": 1.379,
            "med": 0.002,
            "min": 0.001,
            "p(90)": 0.004,
            "p(95)": 0.005
        },
        "http_req_connecting": {
            "avg": 0.001187257211023767,
            "max": 1.139,
            "med": 0,
            "min": 0,
            "p(90)": 0,
            "p(95)": 0
        },
        "http_req_duration": {
            "avg": 849.8879668124721,
            "max": 2898.657,
            "med": 795.896,
            "min": 4.135,
            "p(90)": 1491.0938,
            "p(95)": 1784.6743999999994,
            "thresholds": {
                "p(95)<5000": false
            }
        },
        "http_req_receiving": {
            "avg": 0.6984357201847615,
            "max": 196.652,
            "med": 0.046,
            "min": 0.015,
            "p(90)": 0.328,
            "p(95)": 0.5963999999999978
        },
        "http_req_sending": {
            "avg": 0.01669929342672622,
            "max": 0.462,
            "med": 0.016,
            "min": 0.006,
            "p(90)": 0.022,
            "p(95)": 0.026
        },
        "http_req_tls_handshaking": {
            "avg": 0,
            "max": 0,
            "med": 0,
            "min": 0,
            "p(90)": 0,
            "p(95)": 0
        },
        "http_req_waiting": {
            "avg": 849.1728317988595,
            "max": 2898.618,
            "med": 795.7,
            "min": 4.09,
            "p(90)": 1490.8547999999998,
            "p(95)": 1782.4967999999997
        },
        "http_reqs": {
            "count": 32693,
            "rate": 108.95957926224816
        },
        "iteration_duration": {
            "avg": 849.997505380905,
            "max": 2898.681703,
            "med": 796.026628,
            "min": 4.20406,
            "p(90)": 1491.2136672,
            "p(95)": 1784.7818181999992
        },
        "iterations": {
            "count": 32693,
            "rate": 108.95957926224816
        },
        "vus": {
            "max": 100,
            "min": 1,
            "value": 1
        },
        "vus_max": {
            "max": 100,
            "min": 100,
            "value": 100
        }
    },
    "root_group": {
        "name": "",
        "path": "",
        "id": "d41d8cd98f00b204e9800998ecf8427e",
        "groups": {},
        "checks": {
            "content is present": {
                "name": "content is present",
                "path": "::content is present",
                "id": "f162f55df55ff1646f977d711ea38a01",
                "passes": 32693,
                "fails": 0
            },
            "status is 200": {
                "name": "status is 200",
                "path": "::status is 200",
                "id": "6210a8cd14cd70477eba5c5e4cb3fb5f",
                "passes": 32693,
                "fails": 0
            }
        }
    }
}
