{
    "metrics": {
        "check_failure_rate": {
            "fails": 46096,
            "passes": 0,
            "thresholds": {
                "rate<0.01": false,
                "rate<=0.05": false
            },
            "value": 0
        },
        "checks": {
            "fails": 0,
            "passes": 92192,
            "value": 0
        },
        "data_received": {
            "count": 13275648,
            "rate": 44246.80436679944
        },
        "data_sent": {
            "count": 5070560,
            "rate": 16899.82111231923
        },
        "http_req_blocked": {
            "avg": 0.0035659059354381283,
            "max": 1.075,
            "med": 0.002,
            "min": 0.001,
            "p(90)": 0.004,
            "p(95)": 0.004
        },
        "http_req_connecting": {
            "avg": 0.0007014057618882333,
            "max": 0.935,
            "med": 0,
            "min": 0,
            "p(90)": 0,
            "p(95)": 0
        },
        "http_req_duration": {
            "avg": 602.4680451449159,
            "max": 4003.876,
            "med": 596.9285,
            "min": 3.516,
            "p(90)": 904.7,
            "p(95)": 1017.3297500000001,
            "thresholds": {
                "p(95)<5000": false
            }
        },
        "http_req_receiving": {
            "avg": 0.7188904026379634,
            "max": 211.939,
            "med": 0.042,
            "min": 0.015,
            "p(90)": 0.303,
            "p(95)": 0.613
        },
        "http_req_sending": {
            "avg": 0.015449713641095668,
            "max": 1.066,
            "med": 0.014,
            "min": 0.006,
            "p(90)": 0.021,
            "p(95)": 0.024
        },
        "http_req_tls_handshaking": {
            "avg": 0,
            "max": 0,
            "med": 0,
            "min": 0,
            "p(90)": 0,
            "p(95)": 0
        },
        "http_req_waiting": {
            "avg": 601.7337050286412,
            "max": 4003.804,
            "med": 596.697,
            "min": 3.465,
            "p(90)": 904.3165,
            "p(95)": 1014.9590000000001
        },
        "http_reqs": {
            "count": 46096,
            "rate": 153.6347373847203
        },
        "iteration_duration": {
            "avg": 602.5751713242742,
            "max": 4003.89123,
            "med": 597.0345485,
            "min": 3.612791,
            "p(90)": 904.7846374999999,
            "p(95)": 1017.45438375
        },
        "iterations": {
            "count": 46096,
            "rate": 153.6347373847203
        },
        "vus": {
            "max": 100,
            "min": 1,
            "value": 1
        },
        "vus_max": {
            "max": 100,
            "min": 100,
            "value": 100
        }
    },
    "root_group": {
        "name": "",
        "path": "",
        "id": "d41d8cd98f00b204e9800998ecf8427e",
        "groups": {},
        "checks": {
            "content is present": {
                "name": "content is present",
                "path": "::content is present",
                "id": "f162f55df55ff1646f977d711ea38a01",
                "passes": 46096,
                "fails": 0
            },
            "status is 200": {
                "name": "status is 200",
                "path": "::status is 200",
                "id": "6210a8cd14cd70477eba5c5e4cb3fb5f",
                "passes": 46096,
                "fails": 0
            }
        }
    }
}
