{
    "metrics": {
        "check_failure_rate": {
            "fails": 41251,
            "passes": 0,
            "thresholds": {
                "rate<0.01": false,
                "rate<=0.05": false
            },
            "value": 0
        },
        "checks": {
            "fails": 0,
            "passes": 41251,
            "value": 0
        },
        "data_received": {
            "count": 7260176,
            "rate": 24194.369600806145
        },
        "data_sent": {
            "count": 4785116,
            "rate": 15946.289055076777
        },
        "http_req_blocked": {
            "avg": 0.002922620057694765,
            "max": 0.755,
            "med": 0.002,
            "min": 0.001,
            "p(90)": 0.003,
            "p(95)": 0.003
        },
        "http_req_connecting": {
            "avg": 0.0005794526193304404,
            "max": 0.433,
            "med": 0,
            "min": 0,
            "p(90)": 0,
            "p(95)": 0
        },
        "http_req_duration": {
            "avg": 673.2634816368084,
            "max": 1589.846,
            "med": 705.266,
            "min": 21.772,
            "p(90)": 791.673,
            "p(95)": 800.902,
            "thresholds": {
                "p(95)<5000": false
            }
        },
        "http_req_receiving": {
            "avg": 0.23253828998085482,
            "max": 84.481,
            "med": 0.042,
            "min": 0.017,
            "p(90)": 0.214,
            "p(95)": 0.326
        },
        "http_req_sending": {
            "avg": 0.013591161426388564,
            "max": 0.172,
            "med": 0.013,
            "min": 0.006,
            "p(90)": 0.017,
            "p(95)": 0.02
        },
        "http_req_tls_handshaking": {
            "avg": 0,
            "max": 0,
            "med": 0,
            "min": 0,
            "p(90)": 0,
            "p(95)": 0
        },
        "http_req_waiting": {
            "avg": 673.0173521854063,
            "max": 1589.775,
            "med": 705.136,
            "min": 21.714,
            "p(90)": 791.512,
            "p(95)": 800.7535
        },
        "http_reqs": {
            "count": 41251,
            "rate": 137.46800909548946
        },
        "iteration_duration": {
            "avg": 673.3431078074963,
            "max": 1589.916262,
            "med": 705.347587,
            "min": 21.878427,
            "p(90)": 791.743457,
            "p(95)": 800.9812165000001
        },
        "iterations": {
            "count": 41251,
            "rate": 137.46800909548946
        },
        "vus": {
            "max": 100,
            "min": 1,
            "value": 1
        },
        "vus_max": {
            "max": 100,
            "min": 100,
            "value": 100
        }
    },
    "root_group": {
        "name": "",
        "path": "",
        "id": "d41d8cd98f00b204e9800998ecf8427e",
        "groups": {},
        "checks": {
            "status is 200": {
                "name": "status is 200",
                "path": "::status is 200",
                "id": "6210a8cd14cd70477eba5c5e4cb3fb5f",
                "passes": 41251,
                "fails": 0
            }
        }
    }
}
