{
    "metrics": {
        "check_failure_rate": {
            "fails": 631,
            "passes": 0,
            "thresholds": {
                "rate<0.01": false,
                "rate<=0.05": false
            },
            "value": 0
        },
        "checks": {
            "fails": 0,
            "passes": 631,
            "value": 0
        },
        "data_received": {
            "count": 107901,
            "rate": 354.89787518526464
        },
        "data_sent": {
            "count": 70672,
            "rate": 232.44773111549497
        },
        "http_req_blocked": {
            "avg": 0.02354199683042824,
            "max": 0.897,
            "med": 0.002,
            "min": 0.001,
            "p(90)": 0.003,
            "p(95)": 0.005
        },
        "http_req_connecting": {
            "avg": 0.01493977812995246,
            "max": 0.525,
            "med": 0,
            "min": 0,
            "p(90)": 0,
            "p(95)": 0
        },
        "http_req_duration": {
            "avg": 10642.514076069721,
            "max": 16700.169,
            "med": 11003.975,
            "min": 371.817,
            "p(90)": 14979.947,
            "p(95)": 15884.263500000001,
            "thresholds": {
                "p(95)<5000": true
            }
        },
        "http_req_receiving": {
            "avg": 0.47032171156893804,
            "max": 79.135,
            "med": 0.051,
            "min": 0.022,
            "p(90)": 0.228,
            "p(95)": 0.4235
        },
        "http_req_sending": {
            "avg": 0.018380348652931814,
            "max": 0.159,
            "med": 0.015,
            "min": 0.01,
            "p(90)": 0.02,
            "p(95)": 0.028999999999999998
        },
        "http_req_tls_handshaking": {
            "avg": 0,
            "max": 0,
            "med": 0,
            "min": 0,
            "p(90)": 0,
            "p(95)": 0
        },
        "http_req_waiting": {
            "avg": 10642.0253740095,
            "max": 16699.862,
            "med": 11003.919,
            "min": 371.747,
            "p(90)": 14979.885,
            "p(95)": 15884.2
        },
        "http_reqs": {
            "count": 631,
            "rate": 2.075426170674062
        },
        "iteration_duration": {
            "avg": 10642.3388123756,
            "max": 16699.773605,
            "med": 11003.752268,
            "min": 371.899495,
            "p(90)": 14979.608656,
            "p(95)": 15883.909904
        },
        "iterations": {
            "count": 631,
            "rate": 2.075426170674062
        },
        "vus": {
            "max": 25,
            "min": 1,
            "value": 1
        },
        "vus_max": {
            "max": 25,
            "min": 25,
            "value": 25
        }
    },
    "root_group": {
        "name": "",
        "path": "",
        "id": "d41d8cd98f00b204e9800998ecf8427e",
        "groups": {},
        "checks": {
            "status is 200": {
                "name": "status is 200",
                "path": "::status is 200",
                "id": "6210a8cd14cd70477eba5c5e4cb3fb5f",
                "passes": 631,
                "fails": 0
            }
        }
    }
}
