{
    "metrics": {
        "check_failure_rate": {
            "fails": 142,
            "passes": 0,
            "thresholds": {
                "rate<0.01": false,
                "rate<=0.05": false
            },
            "value": 0
        },
        "checks": {
            "fails": 0,
            "passes": 142,
            "value": 0
        },
        "data_received": {
            "count": 24140,
            "rate": 73.28016425345078
        },
        "data_sent": {
            "count": 19032,
            "rate": 57.77415435259633
        },
        "http_req_blocked": {
            "avg": 0.06750000000000023,
            "max": 1.315,
            "med": 0.002,
            "min": 0.001,
            "p(90)": 0.3068,
            "p(95)": 0.34674999999999995
        },
        "http_req_connecting": {
            "avg": 0.04415492957746479,
            "max": 0.491,
            "med": 0,
            "min": 0,
            "p(90)": 0.22290000000000001,
            "p(95)": 0.26485
        },
        "http_req_duration": {
            "avg": 46222.265471831,
            "max": 58808.454,
            "med": 55829.734,
            "min": 2324.994,
            "p(90)": 55999.880399999995,
            "p(95)": 58673.1361,
            "thresholds": {
                "p(95)<5000": true
            }
        },
        "http_req_receiving": {
            "avg": 0.4758380281690139,
            "max": 54.424,
            "med": 0.0465,
            "min": 0.035,
            "p(90)": 0.11370000000000002,
            "p(95)": 0.34289999999999926
        },
        "http_req_sending": {
            "avg": 0.02730985915492955,
            "max": 0.568,
            "med": 0.013,
            "min": 0.01,
            "p(90)": 0.05180000000000001,
            "p(95)": 0.05994999999999999
        },
        "http_req_tls_handshaking": {
            "avg": 0,
            "max": 0,
            "med": 0,
            "min": 0,
            "p(90)": 0,
            "p(95)": 0
        },
        "http_req_waiting": {
            "avg": 46221.76232394367,
            "max": 58808.398,
            "med": 55829.6805,
            "min": 2324.17,
            "p(90)": 55999.7771,
            "p(95)": 58673.0667
        },
        "http_reqs": {
            "count": 142,
            "rate": 0.4310597897261811
        },
        "iteration_duration": {
            "avg": 46224.70570482395,
            "max": 58806.891937,
            "med": 55834.425921999995,
            "min": 2325.637494,
            "p(90)": 56010.1678792,
            "p(95)": 58671.579277950004
        },
        "iterations": {
            "count": 142,
            "rate": 0.4310597897261811
        },
        "vus": {
            "max": 25,
            "min": 1,
            "value": 1
        },
        "vus_max": {
            "max": 25,
            "min": 25,
            "value": 25
        }
    },
    "root_group": {
        "name": "",
        "path": "",
        "id": "d41d8cd98f00b204e9800998ecf8427e",
        "groups": {},
        "checks": {
            "status is 200": {
                "name": "status is 200",
                "path": "::status is 200",
                "id": "6210a8cd14cd70477eba5c5e4cb3fb5f",
                "passes": 142,
                "fails": 0
            }
        }
    }
}
