{
    "metrics": {
        "check_failure_rate": {
            "fails": 40893,
            "passes": 0,
            "thresholds": {
                "rate<0.01": false,
                "rate<=0.05": false
            },
            "value": 0
        },
        "checks": {
            "fails": 0,
            "passes": 40893,
            "value": 0
        },
        "data_received": {
            "count": 7197168,
            "rate": 23984.84321262027
        },
        "data_sent": {
            "count": 4743588,
            "rate": 15808.192117408815
        },
        "http_req_blocked": {
            "avg": 0.002938008950186177,
            "max": 0.995,
            "med": 0.002,
            "min": 0.001,
            "p(90)": 0.003,
            "p(95)": 0.003
        },
        "http_req_connecting": {
            "avg": 0.0006327733352896584,
            "max": 0.731,
            "med": 0,
            "min": 0,
            "p(90)": 0,
            "p(95)": 0
        },
        "http_req_duration": {
            "avg": 679.0771770718682,
            "max": 1277.629,
            "med": 709.349,
            "min": 10.892,
            "p(90)": 794.0088,
            "p(95)": 803.1252000000001,
            "thresholds": {
                "p(95)<5000": false
            }
        },
        "http_req_receiving": {
            "avg": 0.2076396693810733,
            "max": 75.594,
            "med": 0.041,
            "min": 0.017,
            "p(90)": 0.198,
            "p(95)": 0.30940000000000145
        },
        "http_req_sending": {
            "avg": 0.013284082850364802,
            "max": 0.262,
            "med": 0.013,
            "min": 0.006,
            "p(90)": 0.017,
            "p(95)": 0.019
        },
        "http_req_tls_handshaking": {
            "avg": 0,
            "max": 0,
            "med": 0,
            "min": 0,
            "p(90)": 0,
            "p(95)": 0
        },
        "http_req_waiting": {
            "avg": 678.8562533196371,
            "max": 1277.575,
            "med": 709.251,
            "min": 10.836,
            "p(90)": 793.87,
            "p(95)": 802.9874
        },
        "http_reqs": {
            "count": 40893,
            "rate": 136.27751825352428
        },
        "iteration_duration": {
            "avg": 679.2014018691945,
            "max": 1277.692591,
            "med": 709.467906,
            "min": 10.983871,
            "p(90)": 794.2001071999999,
            "p(95)": 803.342618
        },
        "iterations": {
            "count": 40893,
            "rate": 136.27751825352428
        },
        "vus": {
            "max": 100,
            "min": 1,
            "value": 1
        },
        "vus_max": {
            "max": 100,
            "min": 100,
            "value": 100
        }
    },
    "root_group": {
        "name": "",
        "path": "",
        "id": "d41d8cd98f00b204e9800998ecf8427e",
        "groups": {},
        "checks": {
            "status is 200": {
                "name": "status is 200",
                "path": "::status is 200",
                "id": "6210a8cd14cd70477eba5c5e4cb3fb5f",
                "passes": 40893,
                "fails": 0
            }
        }
    }
}
