{
    "metrics": {
        "check_failure_rate": {
            "fails": 34438,
            "passes": 0,
            "thresholds": {
                "rate<0.01": false,
                "rate<=0.05": false
            },
            "value": 0
        },
        "checks": {
            "fails": 0,
            "passes": 34438,
            "value": 0
        },
        "data_received": {
            "count": 6061088,
            "rate": 20153.991282575997
        },
        "data_sent": {
            "count": 3994808,
            "rate": 13283.312436243272
        },
        "http_req_blocked": {
            "avg": 0.003949387304720586,
            "max": 1.13,
            "med": 0.002,
            "min": 0.001,
            "p(90)": 0.004,
            "p(95)": 0.004
        },
        "http_req_connecting": {
            "avg": 0.0008782159242697023,
            "max": 0.981,
            "med": 0,
            "min": 0,
            "p(90)": 0,
            "p(95)": 0
        },
        "http_req_duration": {
            "avg": 806.7760445147766,
            "max": 4292.001,
            "med": 708.942,
            "min": 12.152,
            "p(90)": 1396.4503,
            "p(95)": 1700.85285,
            "thresholds": {
                "p(95)<5000": false
            }
        },
        "http_req_receiving": {
            "avg": 0.6714179104477589,
            "max": 198.73,
            "med": 0.046,
            "min": 0.017,
            "p(90)": 0.32,
            "p(95)": 0.582
        },
        "http_req_sending": {
            "avg": 0.016222370637085728,
            "max": 0.566,
            "med": 0.015,
            "min": 0.006,
            "p(90)": 0.022,
            "p(95)": 0.026
        },
        "http_req_tls_handshaking": {
            "avg": 0,
            "max": 0,
            "med": 0,
            "min": 0,
            "p(90)": 0,
            "p(95)": 0
        },
        "http_req_waiting": {
            "avg": 806.0884042336953,
            "max": 4291.955,
            "med": 708.663,
            "min": 12.089,
            "p(90)": 1396.3098,
            "p(95)": 1700.51075
        },
        "http_reqs": {
            "count": 34438,
            "rate": 114.51131410554544
        },
        "iteration_duration": {
            "avg": 806.8720994297896,
            "max": 4291.974301,
            "med": 709.0217379999999,
            "min": 12.250415,
            "p(90)": 1396.52708,
            "p(95)": 1700.9383487
        },
        "iterations": {
            "count": 34438,
            "rate": 114.51131410554544
        },
        "vus": {
            "max": 100,
            "min": 1,
            "value": 1
        },
        "vus_max": {
            "max": 100,
            "min": 100,
            "value": 100
        }
    },
    "root_group": {
        "name": "",
        "path": "",
        "id": "d41d8cd98f00b204e9800998ecf8427e",
        "groups": {},
        "checks": {
            "status is 200": {
                "name": "status is 200",
                "path": "::status is 200",
                "id": "6210a8cd14cd70477eba5c5e4cb3fb5f",
                "passes": 34438,
                "fails": 0
            }
        }
    }
}
