{
    "metrics": {
        "check_failure_rate": {
            "fails": 25994,
            "passes": 0,
            "thresholds": {
                "rate<0.01": false,
                "rate<=0.05": false
            },
            "value": 0
        },
        "checks": {
            "fails": 0,
            "passes": 25994,
            "value": 0
        },
        "data_received": {
            "count": 4574944,
            "rate": 15246.956155396187
        },
        "data_sent": {
            "count": 3015304,
            "rate": 10049.130193329305
        },
        "http_req_blocked": {
            "avg": 0.004825344310224178,
            "max": 1.982,
            "med": 0.002,
            "min": 0.001,
            "p(90)": 0.004,
            "p(95)": 0.005
        },
        "http_req_connecting": {
            "avg": 0.0015920981765022702,
            "max": 1.828,
            "med": 0,
            "min": 0,
            "p(90)": 0,
            "p(95)": 0
        },
        "http_req_duration": {
            "avg": 1069.0365537046957,
            "max": 5777.748,
            "med": 920.0535,
            "min": 12.773,
            "p(90)": 1995.9882,
            "p(95)": 2291.1911999999998,
            "thresholds": {
                "p(95)<5000": false
            }
        },
        "http_req_receiving": {
            "avg": 0.628282911441112,
            "max": 195.587,
            "med": 0.047,
            "min": 0.017,
            "p(90)": 0.341,
            "p(95)": 0.576
        },
        "http_req_sending": {
            "avg": 0.016764099407554373,
            "max": 0.68,
            "med": 0.016,
            "min": 0.006,
            "p(90)": 0.022,
            "p(95)": 0.026
        },
        "http_req_tls_handshaking": {
            "avg": 0,
            "max": 0,
            "med": 0,
            "min": 0,
            "p(90)": 0,
            "p(95)": 0
        },
        "http_req_waiting": {
            "avg": 1068.3915066938544,
            "max": 5777.679,
            "med": 916.029,
            "min": 12.649,
            "p(90)": 1995.6597000000002,
            "p(95)": 2290.7878499999997
        },
        "http_reqs": {
            "count": 25994,
            "rate": 86.6304327011147
        },
        "iteration_duration": {
            "avg": 1069.1734030357343,
            "max": 5777.751993,
            "med": 920.1095955000001,
            "min": 12.858972,
            "p(90)": 1996.0584534,
            "p(95)": 2291.2474709999997
        },
        "iterations": {
            "count": 25994,
            "rate": 86.6304327011147
        },
        "vus": {
            "max": 100,
            "min": 1,
            "value": 1
        },
        "vus_max": {
            "max": 100,
            "min": 100,
            "value": 100
        }
    },
    "root_group": {
        "name": "",
        "path": "",
        "id": "d41d8cd98f00b204e9800998ecf8427e",
        "groups": {},
        "checks": {
            "status is 200": {
                "name": "status is 200",
                "path": "::status is 200",
                "id": "6210a8cd14cd70477eba5c5e4cb3fb5f",
                "passes": 25994,
                "fails": 0
            }
        }
    }
}
