{
    "metrics": {
        "check_failure_rate": {
            "fails": 35957,
            "passes": 0,
            "thresholds": {
                "rate<0.01": false,
                "rate<=0.05": false
            },
            "value": 0
        },
        "checks": {
            "fails": 0,
            "passes": 35957,
            "value": 0
        },
        "data_received": {
            "count": 6328432,
            "rate": 21090.995514216826
        },
        "data_sent": {
            "count": 4171012,
            "rate": 13900.883407097454
        },
        "http_req_blocked": {
            "avg": 0.003623605973801279,
            "max": 1.131,
            "med": 0.002,
            "min": 0.001,
            "p(90)": 0.004,
            "p(95)": 0.004
        },
        "http_req_connecting": {
            "avg": 0.0006911310732263537,
            "max": 0.607,
            "med": 0,
            "min": 0,
            "p(90)": 0,
            "p(95)": 0
        },
        "http_req_duration": {
            "avg": 772.4605798592804,
            "max": 4798.942,
            "med": 704.887,
            "min": 11.413,
            "p(90)": 1303.1856,
            "p(95)": 1503.8071999999997,
            "thresholds": {
                "p(95)<5000": false
            }
        },
        "http_req_receiving": {
            "avg": 0.5888807464471475,
            "max": 200.037,
            "med": 0.045,
            "min": 0.014,
            "p(90)": 0.254,
            "p(95)": 0.511
        },
        "http_req_sending": {
            "avg": 0.01571657813499339,
            "max": 0.4,
            "med": 0.015,
            "min": 0.006,
            "p(90)": 0.021,
            "p(95)": 0.025
        },
        "http_req_tls_handshaking": {
            "avg": 0,
            "max": 0,
            "med": 0,
            "min": 0,
            "p(90)": 0,
            "p(95)": 0
        },
        "http_req_waiting": {
            "avg": 771.8559825346965,
            "max": 4798.9,
            "med": 704.601,
            "min": 11.366,
            "p(90)": 1303.0998,
            "p(95)": 1503.608
        },
        "http_reqs": {
            "count": 35957,
            "rate": 119.83520178532288
        },
        "iteration_duration": {
            "avg": 772.5540928343587,
            "max": 4798.902845,
            "med": 704.970618,
            "min": 11.504039,
            "p(90)": 1303.2542256000002,
            "p(95)": 1503.8887553999998
        },
        "iterations": {
            "count": 35957,
            "rate": 119.83520178532288
        },
        "vus": {
            "max": 100,
            "min": 1,
            "value": 1
        },
        "vus_max": {
            "max": 100,
            "min": 100,
            "value": 100
        }
    },
    "root_group": {
        "name": "",
        "path": "",
        "id": "d41d8cd98f00b204e9800998ecf8427e",
        "groups": {},
        "checks": {
            "status is 200": {
                "name": "status is 200",
                "path": "::status is 200",
                "id": "6210a8cd14cd70477eba5c5e4cb3fb5f",
                "passes": 35957,
                "fails": 0
            }
        }
    }
}
