{
    "metrics": {
        "check_failure_rate": {
            "fails": 4720,
            "passes": 0,
            "thresholds": {
                "rate<0.01": false,
                "rate<=0.05": false
            },
            "value": 0
        },
        "checks": {
            "fails": 0,
            "passes": 4720,
            "value": 0
        },
        "data_received": {
            "count": 821280,
            "rate": 2736.9936099424053
        },
        "data_sent": {
            "count": 547520,
            "rate": 1824.6624066282702
        },
        "http_req_blocked": {
            "avg": 0.009273093220340463,
            "max": 0.999,
            "med": 0.002,
            "min": 0.001,
            "p(90)": 0.003,
            "p(95)": 0.004
        },
        "http_req_connecting": {
            "avg": 0.004992161016949151,
            "max": 0.517,
            "med": 0,
            "min": 0,
            "p(90)": 0,
            "p(95)": 0
        },
        "http_req_duration": {
            "avg": 5909.698777330496,
            "max": 20082.326,
            "med": 4533.2715,
            "min": 47.583,
            "p(90)": 11929.8837,
            "p(95)": 19302.351100000003,
            "thresholds": {
                "p(95)<5000": true
            }
        },
        "http_req_receiving": {
            "avg": 0.06880360169491523,
            "max": 11.472,
            "med": 0.047,
            "min": 0.035,
            "p(90)": 0.073,
            "p(95)": 0.164
        },
        "http_req_sending": {
            "avg": 0.014920550847457904,
            "max": 0.118,
            "med": 0.014,
            "min": 0.009,
            "p(90)": 0.017,
            "p(95)": 0.02
        },
        "http_req_tls_handshaking": {
            "avg": 0,
            "max": 0,
            "med": 0,
            "min": 0,
            "p(90)": 0,
            "p(95)": 0
        },
        "http_req_waiting": {
            "avg": 5909.615053177948,
            "max": 20082.266,
            "med": 4533.202499999999,
            "min": 47.529,
            "p(90)": 11929.8157,
            "p(95)": 19302.29415
        },
        "http_reqs": {
            "count": 4720,
            "rate": 15.72984833300233
        },
        "iteration_duration": {
            "avg": 5909.642974131332,
            "max": 20081.842718,
            "med": 4533.2478015,
            "min": 47.675236,
            "p(90)": 11929.666556400001,
            "p(95)": 19301.882356800004
        },
        "iterations": {
            "count": 4720,
            "rate": 15.72984833300233
        },
        "vus": {
            "max": 100,
            "min": 1,
            "value": 1
        },
        "vus_max": {
            "max": 100,
            "min": 100,
            "value": 100
        }
    },
    "root_group": {
        "name": "",
        "path": "",
        "id": "d41d8cd98f00b204e9800998ecf8427e",
        "groups": {},
        "checks": {
            "status is 200": {
                "name": "status is 200",
                "path": "::status is 200",
                "id": "6210a8cd14cd70477eba5c5e4cb3fb5f",
                "passes": 4720,
                "fails": 0
            }
        }
    }
}
