{
    "metrics": {
        "check_failure_rate": {
            "fails": 343,
            "passes": 0,
            "thresholds": {
                "rate<0.01": false,
                "rate<=0.05": false
            },
            "value": 0
        },
        "checks": {
            "fails": 0,
            "passes": 343,
            "value": 0
        },
        "data_received": {
            "count": 58310,
            "rate": 183.3257026747481
        },
        "data_sent": {
            "count": 41846,
            "rate": 131.56315133128982
        },
        "http_req_blocked": {
            "avg": 0.04218950437317821,
            "max": 0.896,
            "med": 0.002,
            "min": 0.001,
            "p(90)": 0.004,
            "p(95)": 0.33129999999999965
        },
        "http_req_connecting": {
            "avg": 0.028344023323615165,
            "max": 0.548,
            "med": 0,
            "min": 0,
            "p(90)": 0,
            "p(95)": 0.2255999999999999
        },
        "http_req_duration": {
            "avg": 19846.32069387753,
            "max": 32189.397,
            "med": 18455.941,
            "min": 2848.746,
            "p(90)": 31069.9354,
            "p(95)": 31240.986699999998,
            "thresholds": {
                "p(95)<5000": true
            }
        },
        "http_req_receiving": {
            "avg": 0.11388629737609324,
            "max": 7.932,
            "med": 0.049,
            "min": 0.03,
            "p(90)": 0.19160000000000002,
            "p(95)": 0.30979999999999974
        },
        "http_req_sending": {
            "avg": 0.02038775510204078,
            "max": 0.153,
            "med": 0.014,
            "min": 0.009,
            "p(90)": 0.028800000000000013,
            "p(95)": 0.058
        },
        "http_req_tls_handshaking": {
            "avg": 0,
            "max": 0,
            "med": 0,
            "min": 0,
            "p(90)": 0,
            "p(95)": 0
        },
        "http_req_waiting": {
            "avg": 19846.18641982507,
            "max": 32189.341,
            "med": 18455.879,
            "min": 2848.64,
            "p(90)": 31069.857,
            "p(95)": 31240.927499999998
        },
        "http_reqs": {
            "count": 343,
            "rate": 1.0783864863220476
        },
        "iteration_duration": {
            "avg": 19845.88573908163,
            "max": 32188.532203,
            "med": 18455.486258,
            "min": 2849.139603,
            "p(90)": 31069.1092806,
            "p(95)": 31240.1555736
        },
        "iterations": {
            "count": 343,
            "rate": 1.0783864863220476
        },
        "vus": {
            "max": 25,
            "min": 1,
            "value": 1
        },
        "vus_max": {
            "max": 25,
            "min": 25,
            "value": 25
        }
    },
    "root_group": {
        "name": "",
        "path": "",
        "id": "d41d8cd98f00b204e9800998ecf8427e",
        "groups": {},
        "checks": {
            "status is 200": {
                "name": "status is 200",
                "path": "::status is 200",
                "id": "6210a8cd14cd70477eba5c5e4cb3fb5f",
                "passes": 343,
                "fails": 0
            }
        }
    }
}
