{
    "metrics": {
        "check_failure_rate": {
            "fails": 9764,
            "passes": 0,
            "thresholds": {
                "rate<0.01": false,
                "rate<=0.05": false
            },
            "value": 0
        },
        "checks": {
            "fails": 0,
            "passes": 9764,
            "value": 0
        },
        "data_received": {
            "count": 1698936,
            "rate": 5662.36167764959
        },
        "data_sent": {
            "count": 1132624,
            "rate": 3774.9077850997264
        },
        "http_req_blocked": {
            "avg": 0.007780008193363053,
            "max": 1.33,
            "med": 0.002,
            "min": 0.001,
            "p(90)": 0.004,
            "p(95)": 0.009
        },
        "http_req_connecting": {
            "avg": 0.0029041376485047115,
            "max": 0.608,
            "med": 0,
            "min": 0,
            "p(90)": 0,
            "p(95)": 0
        },
        "http_req_duration": {
            "avg": 2850.6399319950838,
            "max": 14908.171,
            "med": 2350.3385,
            "min": 46.502,
            "p(90)": 5447.8799,
            "p(95)": 6053.49575,
            "thresholds": {
                "p(95)<5000": true
            }
        },
        "http_req_receiving": {
            "avg": 0.3050281646866025,
            "max": 84.06,
            "med": 0.051,
            "min": 0.021,
            "p(90)": 0.16570000000000074,
            "p(95)": 0.341
        },
        "http_req_sending": {
            "avg": 0.02793752560426008,
            "max": 26.393,
            "med": 0.014,
            "min": 0.007,
            "p(90)": 0.023,
            "p(95)": 0.032
        },
        "http_req_tls_handshaking": {
            "avg": 0,
            "max": 0,
            "med": 0,
            "min": 0,
            "p(90)": 0,
            "p(95)": 0
        },
        "http_req_waiting": {
            "avg": 2850.3069663047922,
            "max": 14907.662,
            "med": 2349.792,
            "min": 46.448,
            "p(90)": 5447.8194,
            "p(95)": 6053.42505
        },
        "http_reqs": {
            "count": 9764,
            "rate": 32.54230849223902
        },
        "iteration_duration": {
            "avg": 2850.8427484634467,
            "max": 14908.221853,
            "med": 2350.4255115,
            "min": 46.602909,
            "p(90)": 5447.8515112,
            "p(95)": 6053.441714500001
        },
        "iterations": {
            "count": 9764,
            "rate": 32.54230849223902
        },
        "vus": {
            "max": 100,
            "min": 1,
            "value": 1
        },
        "vus_max": {
            "max": 100,
            "min": 100,
            "value": 100
        }
    },
    "root_group": {
        "name": "",
        "path": "",
        "id": "d41d8cd98f00b204e9800998ecf8427e",
        "groups": {},
        "checks": {
            "status is 200": {
                "name": "status is 200",
                "path": "::status is 200",
                "id": "6210a8cd14cd70477eba5c5e4cb3fb5f",
                "passes": 9764,
                "fails": 0
            }
        }
    }
}
