{
    "metrics": {
        "check_failure_rate": {
            "fails": 33452,
            "passes": 0,
            "thresholds": {
                "rate<0.01": false,
                "rate<=0.05": false
            },
            "value": 0
        },
        "checks": {
            "fails": 0,
            "passes": 66904,
            "value": 0
        },
        "data_received": {
            "count": 9634176,
            "rate": 32110.079634475715
        },
        "data_sent": {
            "count": 3646268,
            "rate": 12152.773194992546
        },
        "http_req_blocked": {
            "avg": 0.0033051237594154442,
            "max": 1.3,
            "med": 0.002,
            "min": 0.001,
            "p(90)": 0.003,
            "p(95)": 0.003
        },
        "http_req_connecting": {
            "avg": 0.000914474470883654,
            "max": 0.575,
            "med": 0,
            "min": 0,
            "p(90)": 0,
            "p(95)": 0
        },
        "http_req_duration": {
            "avg": 830.3350482482359,
            "max": 1089.893,
            "med": 890.0695000000001,
            "min": 4.445,
            "p(90)": 985.6836,
            "p(95)": 994.5719,
            "thresholds": {
                "p(95)<5000": false
            }
        },
        "http_req_receiving": {
            "avg": 0.21551147913428062,
            "max": 73.481,
            "med": 0.041,
            "min": 0.021,
            "p(90)": 0.148,
            "p(95)": 0.255
        },
        "http_req_sending": {
            "avg": 0.013933307425564433,
            "max": 9.927,
            "med": 0.013,
            "min": 0.006,
            "p(90)": 0.017,
            "p(95)": 0.019
        },
        "http_req_tls_handshaking": {
            "avg": 0,
            "max": 0,
            "med": 0,
            "min": 0,
            "p(90)": 0,
            "p(95)": 0
        },
        "http_req_waiting": {
            "avg": 830.1056034616868,
            "max": 1089.82,
            "med": 889.9594999999999,
            "min": 4.381,
            "p(90)": 985.5957,
            "p(95)": 994.45125
        },
        "http_reqs": {
            "count": 33452,
            "rate": 111.49333206415179
        },
        "iteration_duration": {
            "avg": 830.4196233012423,
            "max": 1090.01336,
            "med": 890.1536759999999,
            "min": 4.534245,
            "p(90)": 985.7704341,
            "p(95)": 994.668797
        },
        "iterations": {
            "count": 33452,
            "rate": 111.49333206415179
        },
        "vus": {
            "max": 100,
            "min": 1,
            "value": 1
        },
        "vus_max": {
            "max": 100,
            "min": 100,
            "value": 100
        }
    },
    "root_group": {
        "name": "",
        "path": "",
        "id": "d41d8cd98f00b204e9800998ecf8427e",
        "groups": {},
        "checks": {
            "content is present": {
                "name": "content is present",
                "path": "::content is present",
                "id": "f162f55df55ff1646f977d711ea38a01",
                "passes": 33452,
                "fails": 0
            },
            "status is 200": {
                "name": "status is 200",
                "path": "::status is 200",
                "id": "6210a8cd14cd70477eba5c5e4cb3fb5f",
                "passes": 33452,
                "fails": 0
            }
        }
    }
}
