{
    "metrics": {
        "check_failure_rate": {
            "fails": 397,
            "passes": 0,
            "thresholds": {
                "rate<0.01": false,
                "rate<=0.05": false
            },
            "value": 0
        },
        "checks": {
            "fails": 0,
            "passes": 397,
            "value": 0
        },
        "data_received": {
            "count": 67490,
            "rate": 220.4569515010876
        },
        "data_sent": {
            "count": 48037,
            "rate": 156.91347724489177
        },
        "http_req_blocked": {
            "avg": 0.021037783375315026,
            "max": 0.787,
            "med": 0.002,
            "min": 0.001,
            "p(90)": 0.003,
            "p(95)": 0.2516
        },
        "http_req_connecting": {
            "avg": 0.012869017632241811,
            "max": 0.254,
            "med": 0,
            "min": 0,
            "p(90)": 0,
            "p(95)": 0.18679999999999997
        },
        "http_req_duration": {
            "avg": 16917.124586901784,
            "max": 21009.011,
            "med": 18830.31,
            "min": 2181.11,
            "p(90)": 19727.659600000003,
            "p(95)": 20023.813199999997,
            "thresholds": {
                "p(95)<5000": true
            }
        },
        "http_req_receiving": {
            "avg": 0.11645088161209029,
            "max": 14.641,
            "med": 0.042,
            "min": 0.032,
            "p(90)": 0.085,
            "p(95)": 0.1313999999999998
        },
        "http_req_sending": {
            "avg": 0.016057934508816075,
            "max": 0.146,
            "med": 0.012,
            "min": 0.008,
            "p(90)": 0.026400000000000035,
            "p(95)": 0.04319999999999999
        },
        "http_req_tls_handshaking": {
            "avg": 0,
            "max": 0,
            "med": 0,
            "min": 0,
            "p(90)": 0,
            "p(95)": 0
        },
        "http_req_waiting": {
            "avg": 16916.992078085634,
            "max": 21008.962,
            "med": 18830.265,
            "min": 2180.984,
            "p(90)": 19727.609,
            "p(95)": 20023.7526
        },
        "http_reqs": {
            "count": 397,
            "rate": 1.296805597065221
        },
        "iteration_duration": {
            "avg": 16917.759147352648,
            "max": 21008.53167,
            "med": 18829.831375,
            "min": 2182.142085,
            "p(90)": 19732.8490028,
            "p(95)": 20025.2492614
        },
        "iterations": {
            "count": 397,
            "rate": 1.296805597065221
        },
        "vus": {
            "max": 25,
            "min": 1,
            "value": 1
        },
        "vus_max": {
            "max": 25,
            "min": 25,
            "value": 25
        }
    },
    "root_group": {
        "name": "",
        "path": "",
        "id": "d41d8cd98f00b204e9800998ecf8427e",
        "groups": {},
        "checks": {
            "status is 200": {
                "name": "status is 200",
                "path": "::status is 200",
                "id": "6210a8cd14cd70477eba5c5e4cb3fb5f",
                "passes": 397,
                "fails": 0
            }
        }
    }
}
