{
    "metrics": {
        "check_failure_rate": {
            "fails": 644,
            "passes": 0,
            "thresholds": {
                "rate<0.01": false,
                "rate<=0.05": false
            },
            "value": 0
        },
        "checks": {
            "fails": 0,
            "passes": 644,
            "value": 0
        },
        "data_received": {
            "count": 110124,
            "rate": 362.00001636369984
        },
        "data_sent": {
            "count": 71484,
            "rate": 234.98246676240166
        },
        "http_req_blocked": {
            "avg": 0.023630434782609056,
            "max": 1.417,
            "med": 0.002,
            "min": 0.001,
            "p(90)": 0.003,
            "p(95)": 0.005
        },
        "http_req_connecting": {
            "avg": 0.014958074534161493,
            "max": 1.249,
            "med": 0,
            "min": 0,
            "p(90)": 0,
            "p(95)": 0
        },
        "http_req_duration": {
            "avg": 10429.147479813664,
            "max": 13792.265,
            "med": 11403.8165,
            "min": 356.411,
            "p(90)": 12945.418700000004,
            "p(95)": 13296.412199999999,
            "thresholds": {
                "p(95)<5000": true
            }
        },
        "http_req_receiving": {
            "avg": 1.052456521739131,
            "max": 84.749,
            "med": 0.049,
            "min": 0.025,
            "p(90)": 0.173,
            "p(95)": 0.2992500000000001
        },
        "http_req_sending": {
            "avg": 0.017636645962732865,
            "max": 0.178,
            "med": 0.015,
            "min": 0.008,
            "p(90)": 0.02,
            "p(95)": 0.027850000000000024
        },
        "http_req_tls_handshaking": {
            "avg": 0,
            "max": 0,
            "med": 0,
            "min": 0,
            "p(90)": 0,
            "p(95)": 0
        },
        "http_req_waiting": {
            "avg": 10428.077386645957,
            "max": 13792.208,
            "med": 11401.9215,
            "min": 356.33,
            "p(90)": 12945.359700000003,
            "p(95)": 13296.353650000001
        },
        "http_reqs": {
            "count": 644,
            "rate": 2.1169591600216364
        },
        "iteration_duration": {
            "avg": 10428.975793979815,
            "max": 13791.959244,
            "med": 11403.5919865,
            "min": 356.537247,
            "p(90)": 12945.150977600004,
            "p(95)": 13296.1419057
        },
        "iterations": {
            "count": 644,
            "rate": 2.1169591600216364
        },
        "vus": {
            "max": 25,
            "min": 1,
            "value": 2
        },
        "vus_max": {
            "max": 25,
            "min": 25,
            "value": 25
        }
    },
    "root_group": {
        "name": "",
        "path": "",
        "id": "d41d8cd98f00b204e9800998ecf8427e",
        "groups": {},
        "checks": {
            "status is 200": {
                "name": "status is 200",
                "path": "::status is 200",
                "id": "6210a8cd14cd70477eba5c5e4cb3fb5f",
                "passes": 644,
                "fails": 0
            }
        }
    }
}
