{
    "metrics": {
        "check_failure_rate": {
            "fails": 10174,
            "passes": 0,
            "thresholds": {
                "rate<0.01": false,
                "rate<=0.05": false
            },
            "value": 0
        },
        "checks": {
            "fails": 0,
            "passes": 10174,
            "value": 0
        },
        "data_received": {
            "count": 1770276,
            "rate": 5898.187723518957
        },
        "data_sent": {
            "count": 1170010,
            "rate": 3898.227518417701
        },
        "http_req_blocked": {
            "avg": 0.00663642618439226,
            "max": 1.434,
            "med": 0.002,
            "min": 0.001,
            "p(90)": 0.003,
            "p(95)": 0.004
        },
        "http_req_connecting": {
            "avg": 0.003209062315706702,
            "max": 1.273,
            "med": 0,
            "min": 0,
            "p(90)": 0,
            "p(95)": 0
        },
        "http_req_duration": {
            "avg": 2745.031335069784,
            "max": 8633.838,
            "med": 2325.6459999999997,
            "min": 201.048,
            "p(90)": 5134.273500000001,
            "p(95)": 5480.97095,
            "thresholds": {
                "p(95)<5000": true
            }
        },
        "http_req_receiving": {
            "avg": 0.269975329270689,
            "max": 65.947,
            "med": 0.047,
            "min": 0.018,
            "p(90)": 0.137,
            "p(95)": 0.302
        },
        "http_req_sending": {
            "avg": 0.014754373894240554,
            "max": 0.196,
            "med": 0.014,
            "min": 0.007,
            "p(90)": 0.019,
            "p(95)": 0.021
        },
        "http_req_tls_handshaking": {
            "avg": 0,
            "max": 0,
            "med": 0,
            "min": 0,
            "p(90)": 0,
            "p(95)": 0
        },
        "http_req_waiting": {
            "avg": 2744.7466053666312,
            "max": 8633.614,
            "med": 2324.9805,
            "min": 200.99,
            "p(90)": 5134.213300000001,
            "p(95)": 5480.9086
        },
        "http_reqs": {
            "count": 10174,
            "rate": 33.89763059493653
        },
        "iteration_duration": {
            "avg": 2745.0666059719847,
            "max": 8633.709696,
            "med": 2325.6724585,
            "min": 201.150523,
            "p(90)": 5134.231509300001,
            "p(95)": 5480.91258725
        },
        "iterations": {
            "count": 10174,
            "rate": 33.89763059493653
        },
        "vus": {
            "max": 100,
            "min": 2,
            "value": 2
        },
        "vus_max": {
            "max": 100,
            "min": 100,
            "value": 100
        }
    },
    "root_group": {
        "name": "",
        "path": "",
        "id": "d41d8cd98f00b204e9800998ecf8427e",
        "groups": {},
        "checks": {
            "status is 200": {
                "name": "status is 200",
                "path": "::status is 200",
                "id": "6210a8cd14cd70477eba5c5e4cb3fb5f",
                "passes": 10174,
                "fails": 0
            }
        }
    }
}
