{
    "metrics": {
        "check_failure_rate": {
            "fails": 957,
            "passes": 35,
            "thresholds": {
                "rate<0.01": true,
                "rate<=0.05": false
            },
            "value": 0
        },
        "checks": {
            "fails": 35,
            "passes": 957,
            "value": 0
        },
        "data_received": {
            "count": 196877,
            "rate": 635.3085304884218
        },
        "data_sent": {
            "count": 114080,
            "rate": 368.1283093409548
        },
        "http_req_blocked": {
            "avg": 0.02313104838709669,
            "max": 0.975,
            "med": 0.003,
            "min": 0.001,
            "p(90)": 0.005,
            "p(95)": 0.264
        },
        "http_req_connecting": {
            "avg": 0.01468245967741935,
            "max": 0.888,
            "med": 0,
            "min": 0,
            "p(90)": 0,
            "p(95)": 0.19
        },
        "http_req_duration": {
            "avg": 13702.695309475821,
            "max": 60006.722,
            "med": 5599.467,
            "min": 410.509,
            "p(90)": 38951.911799999994,
            "p(95)": 43345.28449999999,
            "thresholds": {
                "p(95)<5000": true
            }
        },
        "http_req_receiving": {
            "avg": 0.6188881048387095,
            "max": 91.903,
            "med": 0.059,
            "min": 0,
            "p(90)": 0.3791999999999998,
            "p(95)": 0.6972499999999996
        },
        "http_req_sending": {
            "avg": 0.019420362903225748,
            "max": 0.112,
            "med": 0.016,
            "min": 0.007,
            "p(90)": 0.025,
            "p(95)": 0.042
        },
        "http_req_tls_handshaking": {
            "avg": 0,
            "max": 0,
            "med": 0,
            "min": 0,
            "p(90)": 0,
            "p(95)": 0
        },
        "http_req_waiting": {
            "avg": 13702.05700100808,
            "max": 60006.699,
            "med": 5599.144,
            "min": 410.459,
            "p(90)": 38951.8469,
            "p(95)": 43344.881249999984
        },
        "http_reqs": {
            "count": 992,
            "rate": 3.2011157333996065
        },
        "iteration_duration": {
            "avg": 13702.445952073589,
            "max": 60005.092657,
            "med": 5599.477736,
            "min": 410.604941,
            "p(90)": 38950.87338809999,
            "p(95)": 43344.13705139999
        },
        "iterations": {
            "count": 992,
            "rate": 3.2011157333996065
        },
        "vus": {
            "max": 50,
            "min": 1,
            "value": 5
        },
        "vus_max": {
            "max": 50,
            "min": 50,
            "value": 50
        }
    },
    "root_group": {
        "name": "",
        "path": "",
        "id": "d41d8cd98f00b204e9800998ecf8427e",
        "groups": {},
        "checks": {
            "status is 200": {
                "name": "status is 200",
                "path": "::status is 200",
                "id": "6210a8cd14cd70477eba5c5e4cb3fb5f",
                "passes": 957,
                "fails": 35
            }
        }
    }
}
