{
    "metrics": {
        "check_failure_rate": {
            "fails": 33943,
            "passes": 0,
            "thresholds": {
                "rate<0.01": false,
                "rate<=0.05": false
            },
            "value": 0
        },
        "checks": {
            "fails": 0,
            "passes": 67886,
            "value": 0
        },
        "data_received": {
            "count": 9775584,
            "rate": 32580.731078326848
        },
        "data_sent": {
            "count": 3699787,
            "rate": 12330.90169283898
        },
        "http_req_blocked": {
            "avg": 0.007273163833488841,
            "max": 13.275,
            "med": 0.002,
            "min": 0.001,
            "p(90)": 0.003,
            "p(95)": 0.004
        },
        "http_req_connecting": {
            "avg": 0.0010372094393542115,
            "max": 0.909,
            "med": 0,
            "min": 0,
            "p(90)": 0,
            "p(95)": 0
        },
        "http_req_duration": {
            "avg": 818.0698543735053,
            "max": 2370.221,
            "med": 834.282,
            "min": 4.29,
            "p(90)": 908.9173999999999,
            "p(95)": 981.6932,
            "thresholds": {
                "p(95)<5000": false
            }
        },
        "http_req_receiving": {
            "avg": 0.24642179536281375,
            "max": 79.759,
            "med": 0.042,
            "min": 0.021,
            "p(90)": 0.216,
            "p(95)": 0.36
        },
        "http_req_sending": {
            "avg": 0.017049936658513735,
            "max": 21.188,
            "med": 0.012,
            "min": 0.006,
            "p(90)": 0.018,
            "p(95)": 0.022
        },
        "http_req_tls_handshaking": {
            "avg": 0,
            "max": 0,
            "med": 0,
            "min": 0,
            "p(90)": 0,
            "p(95)": 0
        },
        "http_req_waiting": {
            "avg": 817.8063826414926,
            "max": 2370.109,
            "med": 833.744,
            "min": 4.254,
            "p(90)": 908.801,
            "p(95)": 981.5648
        },
        "http_reqs": {
            "count": 33943,
            "rate": 113.12753846641266
        },
        "iteration_duration": {
            "avg": 818.336221839021,
            "max": 2372.875117,
            "med": 834.386637,
            "min": 4.379185,
            "p(90)": 909.0331022,
            "p(95)": 981.8212143999999
        },
        "iterations": {
            "count": 33943,
            "rate": 113.12753846641266
        },
        "vus": {
            "max": 100,
            "min": 1,
            "value": 1
        },
        "vus_max": {
            "max": 100,
            "min": 100,
            "value": 100
        }
    },
    "root_group": {
        "name": "",
        "path": "",
        "id": "d41d8cd98f00b204e9800998ecf8427e",
        "groups": {},
        "checks": {
            "content is present": {
                "name": "content is present",
                "path": "::content is present",
                "id": "f162f55df55ff1646f977d711ea38a01",
                "passes": 33943,
                "fails": 0
            },
            "status is 200": {
                "name": "status is 200",
                "path": "::status is 200",
                "id": "6210a8cd14cd70477eba5c5e4cb3fb5f",
                "passes": 33943,
                "fails": 0
            }
        }
    }
}
