{
    "metrics": {
        "check_failure_rate": {
            "fails": 376,
            "passes": 0,
            "thresholds": {
                "rate<0.01": false,
                "rate<=0.05": false
            },
            "value": 0
        },
        "checks": {
            "fails": 0,
            "passes": 376,
            "value": 0
        },
        "data_received": {
            "count": 63920,
            "rate": 203.83791394574914
        },
        "data_sent": {
            "count": 45496,
            "rate": 145.0846328672685
        },
        "http_req_blocked": {
            "avg": 0.04089627659574508,
            "max": 0.886,
            "med": 0.002,
            "min": 0.001,
            "p(90)": 0.003,
            "p(95)": 0.4555
        },
        "http_req_connecting": {
            "avg": 0.027792553191489357,
            "max": 0.518,
            "med": 0,
            "min": 0,
            "p(90)": 0,
            "p(95)": 0.34225
        },
        "http_req_duration": {
            "avg": 18222.38589627659,
            "max": 22050.258,
            "med": 20120.633,
            "min": 2621.23,
            "p(90)": 21347.639499999997,
            "p(95)": 21555.50775,
            "thresholds": {
                "p(95)<5000": true
            }
        },
        "http_req_receiving": {
            "avg": 0.21740159574468143,
            "max": 53.015,
            "med": 0.045,
            "min": 0.035,
            "p(90)": 0.099,
            "p(95)": 0.28
        },
        "http_req_sending": {
            "avg": 0.019396276595744607,
            "max": 0.158,
            "med": 0.013,
            "min": 0.01,
            "p(90)": 0.023,
            "p(95)": 0.067
        },
        "http_req_tls_handshaking": {
            "avg": 0,
            "max": 0,
            "med": 0,
            "min": 0,
            "p(90)": 0,
            "p(95)": 0
        },
        "http_req_waiting": {
            "avg": 18222.149098404243,
            "max": 22050.204,
            "med": 20120.5625,
            "min": 2621.083,
            "p(90)": 21347.5815,
            "p(95)": 21555.44975
        },
        "http_reqs": {
            "count": 376,
            "rate": 1.1990465526220537
        },
        "iteration_duration": {
            "avg": 18221.99361311702,
            "max": 22049.692525,
            "med": 20120.142731,
            "min": 2622.334295,
            "p(90)": 21347.099454000003,
            "p(95)": 21554.9660045
        },
        "iterations": {
            "count": 376,
            "rate": 1.1990465526220537
        },
        "vus": {
            "max": 25,
            "min": 1,
            "value": 2
        },
        "vus_max": {
            "max": 25,
            "min": 25,
            "value": 25
        }
    },
    "root_group": {
        "name": "",
        "path": "",
        "id": "d41d8cd98f00b204e9800998ecf8427e",
        "groups": {},
        "checks": {
            "status is 200": {
                "name": "status is 200",
                "path": "::status is 200",
                "id": "6210a8cd14cd70477eba5c5e4cb3fb5f",
                "passes": 376,
                "fails": 0
            }
        }
    }
}
