{
    "metrics": {
        "check_failure_rate": {
            "fails": 392,
            "passes": 0,
            "thresholds": {
                "rate<0.01": false,
                "rate<=0.05": false
            },
            "value": 0
        },
        "checks": {
            "fails": 0,
            "passes": 392,
            "value": 0
        },
        "data_received": {
            "count": 66640,
            "rate": 213.53498692255215
        },
        "data_sent": {
            "count": 47432,
            "rate": 151.9866671625224
        },
        "http_req_blocked": {
            "avg": 0.023311224489796254,
            "max": 1.426,
            "med": 0.002,
            "min": 0.001,
            "p(90)": 0.003,
            "p(95)": 0.25434999999999997
        },
        "http_req_connecting": {
            "avg": 0.013431122448979595,
            "max": 0.419,
            "med": 0,
            "min": 0,
            "p(90)": 0,
            "p(95)": 0.18579999999999997
        },
        "http_req_duration": {
            "avg": 17351.35775,
            "max": 21368.829,
            "med": 19122.961499999998,
            "min": 2240.562,
            "p(90)": 20294.9645,
            "p(95)": 20429.18445,
            "thresholds": {
                "p(95)<5000": true
            }
        },
        "http_req_receiving": {
            "avg": 0.3540561224489795,
            "max": 56.162,
            "med": 0.046,
            "min": 0.027,
            "p(90)": 0.1317000000000001,
            "p(95)": 0.22914999999999994
        },
        "http_req_sending": {
            "avg": 0.016357142857142782,
            "max": 0.205,
            "med": 0.013,
            "min": 0.01,
            "p(90)": 0.018,
            "p(95)": 0.03844999999999999
        },
        "http_req_tls_handshaking": {
            "avg": 0,
            "max": 0,
            "med": 0,
            "min": 0,
            "p(90)": 0,
            "p(95)": 0
        },
        "http_req_waiting": {
            "avg": 17350.987336734695,
            "max": 21368.772,
            "med": 19122.887,
            "min": 2240.225,
            "p(90)": 20294.8594,
            "p(95)": 20429.1244
        },
        "http_reqs": {
            "count": 392,
            "rate": 1.2560881583679537
        },
        "iteration_duration": {
            "avg": 17352.256020992354,
            "max": 21368.817868,
            "med": 19126.9131495,
            "min": 2242.209341,
            "p(90)": 20296.556994,
            "p(95)": 20430.499712999997
        },
        "iterations": {
            "count": 392,
            "rate": 1.2560881583679537
        },
        "vus": {
            "max": 25,
            "min": 1,
            "value": 1
        },
        "vus_max": {
            "max": 25,
            "min": 25,
            "value": 25
        }
    },
    "root_group": {
        "name": "",
        "path": "",
        "id": "d41d8cd98f00b204e9800998ecf8427e",
        "groups": {},
        "checks": {
            "status is 200": {
                "name": "status is 200",
                "path": "::status is 200",
                "id": "6210a8cd14cd70477eba5c5e4cb3fb5f",
                "passes": 392,
                "fails": 0
            }
        }
    }
}
