{
    "metrics": {
        "check_failure_rate": {
            "fails": 2294,
            "passes": 10,
            "thresholds": {
                "rate<0.01": false,
                "rate<=0.05": false
            },
            "value": 0
        },
        "checks": {
            "fails": 10,
            "passes": 2294,
            "value": 0
        },
        "data_received": {
            "count": 464697,
            "rate": 1546.8165680402465
        },
        "data_sent": {
            "count": 264960,
            "rate": 881.9607569404229
        },
        "http_req_blocked": {
            "avg": 0.012141927083332919,
            "max": 1.16,
            "med": 0.002,
            "min": 0.001,
            "p(90)": 0.003,
            "p(95)": 0.004
        },
        "http_req_connecting": {
            "avg": 0.006891493055555555,
            "max": 0.528,
            "med": 0,
            "min": 0,
            "p(90)": 0,
            "p(95)": 0
        },
        "http_req_duration": {
            "avg": 5734.508200086806,
            "max": 60009.511,
            "med": 5777.8150000000005,
            "min": 864.048,
            "p(90)": 6995.0609,
            "p(95)": 7786.44385,
            "thresholds": {
                "p(95)<5000": true
            }
        },
        "http_req_receiving": {
            "avg": 0.45522482638889067,
            "max": 82.778,
            "med": 0.048,
            "min": 0,
            "p(90)": 0.1518000000000011,
            "p(95)": 0.2996999999999998
        },
        "http_req_sending": {
            "avg": 0.015732638888889015,
            "max": 0.143,
            "med": 0.014,
            "min": 0.007,
            "p(90)": 0.019,
            "p(95)": 0.023
        },
        "http_req_tls_handshaking": {
            "avg": 0,
            "max": 0,
            "med": 0,
            "min": 0,
            "p(90)": 0,
            "p(95)": 0
        },
        "http_req_waiting": {
            "avg": 5734.037242621506,
            "max": 60009.486,
            "med": 5775.914500000001,
            "min": 863.987,
            "p(90)": 6995.0070000000005,
            "p(95)": 7786.3753
        },
        "http_reqs": {
            "count": 2304,
            "rate": 7.669223973394982
        },
        "iteration_duration": {
            "avg": 5734.460550694428,
            "max": 60007.898551,
            "med": 5777.748837,
            "min": 864.145742,
            "p(90)": 6994.951108,
            "p(95)": 7786.3300868
        },
        "iterations": {
            "count": 2304,
            "rate": 7.669223973394982
        },
        "vus": {
            "max": 50,
            "min": 1,
            "value": 3
        },
        "vus_max": {
            "max": 50,
            "min": 50,
            "value": 50
        }
    },
    "root_group": {
        "name": "",
        "path": "",
        "id": "d41d8cd98f00b204e9800998ecf8427e",
        "groups": {},
        "checks": {
            "status is 200": {
                "name": "status is 200",
                "path": "::status is 200",
                "id": "6210a8cd14cd70477eba5c5e4cb3fb5f",
                "passes": 2294,
                "fails": 10
            }
        }
    }
}
