{
    "metrics": {
        "check_failure_rate": {
            "fails": 8656,
            "passes": 1,
            "thresholds": {
                "rate<0.01": false,
                "rate<=0.05": false
            },
            "value": 0
        },
        "checks": {
            "fails": 1,
            "passes": 8656,
            "value": 0
        },
        "data_received": {
            "count": 1506255,
            "rate": 5019.621815666216
        },
        "data_sent": {
            "count": 995555,
            "rate": 3317.7049016903375
        },
        "http_req_blocked": {
            "avg": 0.00714392976781853,
            "max": 1.813,
            "med": 0.003,
            "min": 0.001,
            "p(90)": 0.004,
            "p(95)": 0.005
        },
        "http_req_connecting": {
            "avg": 0.0029362365715605862,
            "max": 0.488,
            "med": 0,
            "min": 0,
            "p(90)": 0,
            "p(95)": 0
        },
        "http_req_duration": {
            "avg": 3220.0798321589377,
            "max": 17993.915,
            "med": 2006.748,
            "min": 48.406,
            "p(90)": 7595.256400000001,
            "p(95)": 9052.808399999965,
            "thresholds": {
                "p(95)<5000": true
            }
        },
        "http_req_receiving": {
            "avg": 0.8922264063763365,
            "max": 186.435,
            "med": 0.058,
            "min": 0.017,
            "p(90)": 0.253,
            "p(95)": 0.521
        },
        "http_req_sending": {
            "avg": 0.01838697008201466,
            "max": 0.253,
            "med": 0.017,
            "min": 0.007,
            "p(90)": 0.024,
            "p(95)": 0.028
        },
        "http_req_tls_handshaking": {
            "avg": 0,
            "max": 0,
            "med": 0,
            "min": 0,
            "p(90)": 0,
            "p(95)": 0
        },
        "http_req_waiting": {
            "avg": 3219.16921878249,
            "max": 17993.84,
            "med": 2006.194,
            "min": 48.349,
            "p(90)": 7595.194200000001,
            "p(95)": 9018.649999999961
        },
        "http_reqs": {
            "count": 8657,
            "rate": 28.849607840785545
        },
        "iteration_duration": {
            "avg": 3220.1258984907104,
            "max": 17993.496287,
            "med": 2006.831726,
            "min": 48.507593,
            "p(90)": 7595.176642400002,
            "p(95)": 9052.655793599966
        },
        "iterations": {
            "count": 8657,
            "rate": 28.849607840785545
        },
        "vus": {
            "max": 100,
            "min": 1,
            "value": 1
        },
        "vus_max": {
            "max": 100,
            "min": 100,
            "value": 100
        }
    },
    "root_group": {
        "name": "",
        "path": "",
        "id": "d41d8cd98f00b204e9800998ecf8427e",
        "groups": {},
        "checks": {
            "status is 200": {
                "name": "status is 200",
                "path": "::status is 200",
                "id": "6210a8cd14cd70477eba5c5e4cb3fb5f",
                "passes": 8656,
                "fails": 1
            }
        }
    }
}
