{
    "metrics": {
        "check_failure_rate": {
            "fails": 51030,
            "passes": 0,
            "thresholds": {
                "rate<0.01": false,
                "rate<=0.05": false
            },
            "value": 0
        },
        "checks": {
            "fails": 0,
            "passes": 102060,
            "value": 0
        },
        "data_received": {
            "count": 14696640,
            "rate": 48982.54541877548
        },
        "data_sent": {
            "count": 5562270,
            "rate": 18538.532814744885
        },
        "http_req_blocked": {
            "avg": 0.0033093670389959073,
            "max": 0.723,
            "med": 0.002,
            "min": 0.001,
            "p(90)": 0.004,
            "p(95)": 0.004
        },
        "http_req_connecting": {
            "avg": 0.0004943366647070352,
            "max": 0.493,
            "med": 0,
            "min": 0,
            "p(90)": 0,
            "p(95)": 0
        },
        "http_req_duration": {
            "avg": 544.1631840877945,
            "max": 1805.64,
            "med": 511.541,
            "min": 3.408,
            "p(90)": 798.113,
            "p(95)": 896.5211,
            "thresholds": {
                "p(95)<5000": false
            }
        },
        "http_req_receiving": {
            "avg": 0.70489204389574,
            "max": 792.822,
            "med": 0.041,
            "min": 0.015,
            "p(90)": 0.293,
            "p(95)": 0.609
        },
        "http_req_sending": {
            "avg": 0.015130354693315763,
            "max": 1.968,
            "med": 0.014,
            "min": 0.005,
            "p(90)": 0.02,
            "p(95)": 0.024
        },
        "http_req_tls_handshaking": {
            "avg": 0,
            "max": 0,
            "med": 0,
            "min": 0,
            "p(90)": 0,
            "p(95)": 0
        },
        "http_req_waiting": {
            "avg": 543.4431616892056,
            "max": 1805.595,
            "med": 511.1175,
            "min": 3.372,
            "p(90)": 797.8732,
            "p(95)": 896.3321
        },
        "http_reqs": {
            "count": 51030,
            "rate": 170.07828270408152
        },
        "iteration_duration": {
            "avg": 544.2705196556906,
            "max": 1805.729943,
            "med": 511.6320245,
            "min": 3.478453,
            "p(90)": 798.2215192,
            "p(95)": 896.61796225
        },
        "iterations": {
            "count": 51030,
            "rate": 170.07828270408152
        },
        "vus": {
            "max": 100,
            "min": 1,
            "value": 1
        },
        "vus_max": {
            "max": 100,
            "min": 100,
            "value": 100
        }
    },
    "root_group": {
        "name": "",
        "path": "",
        "id": "d41d8cd98f00b204e9800998ecf8427e",
        "groups": {},
        "checks": {
            "content is present": {
                "name": "content is present",
                "path": "::content is present",
                "id": "f162f55df55ff1646f977d711ea38a01",
                "passes": 51030,
                "fails": 0
            },
            "status is 200": {
                "name": "status is 200",
                "path": "::status is 200",
                "id": "6210a8cd14cd70477eba5c5e4cb3fb5f",
                "passes": 51030,
                "fails": 0
            }
        }
    }
}
