{
    "metrics": {
        "check_failure_rate": {
            "fails": 333,
            "passes": 0,
            "thresholds": {
                "rate<0.01": false,
                "rate<=0.05": false
            },
            "value": 0
        },
        "checks": {
            "fails": 0,
            "passes": 333,
            "value": 0
        },
        "data_received": {
            "count": 56610,
            "rate": 185.1441813337368
        },
        "data_sent": {
            "count": 40293,
            "rate": 131.7790937728362
        },
        "http_req_blocked": {
            "avg": 0.034447447447447814,
            "max": 0.794,
            "med": 0.002,
            "min": 0.001,
            "p(90)": 0.004,
            "p(95)": 0.31399999999999967
        },
        "http_req_connecting": {
            "avg": 0.022903903903903906,
            "max": 0.514,
            "med": 0,
            "min": 0,
            "p(90)": 0,
            "p(95)": 0.22599999999999965
        },
        "http_req_duration": {
            "avg": 20250.121006006004,
            "max": 29677.01,
            "med": 21867.662,
            "min": 2245.525,
            "p(90)": 24935.601,
            "p(95)": 25767.2148,
            "thresholds": {
                "p(95)<5000": true
            }
        },
        "http_req_receiving": {
            "avg": 0.06427327327327334,
            "max": 1.027,
            "med": 0.046,
            "min": 0.024,
            "p(90)": 0.072,
            "p(95)": 0.09879999999999985
        },
        "http_req_sending": {
            "avg": 0.01791591591591586,
            "max": 0.12,
            "med": 0.014,
            "min": 0.009,
            "p(90)": 0.021600000000000022,
            "p(95)": 0.053399999999999975
        },
        "http_req_tls_handshaking": {
            "avg": 0,
            "max": 0,
            "med": 0,
            "min": 0,
            "p(90)": 0,
            "p(95)": 0
        },
        "http_req_waiting": {
            "avg": 20250.038816816807,
            "max": 29676.918,
            "med": 21867.603,
            "min": 2245.366,
            "p(90)": 24935.5152,
            "p(95)": 25767.1184
        },
        "http_reqs": {
            "count": 333,
            "rate": 1.0890834196102166
        },
        "iteration_duration": {
            "avg": 20249.66472108108,
            "max": 29676.245761,
            "med": 21867.124395,
            "min": 2246.505323,
            "p(90)": 24934.958988600003,
            "p(95)": 25766.584153400003
        },
        "iterations": {
            "count": 333,
            "rate": 1.0890834196102166
        },
        "vus": {
            "max": 25,
            "min": 1,
            "value": 2
        },
        "vus_max": {
            "max": 25,
            "min": 25,
            "value": 25
        }
    },
    "root_group": {
        "name": "",
        "path": "",
        "id": "d41d8cd98f00b204e9800998ecf8427e",
        "groups": {},
        "checks": {
            "status is 200": {
                "name": "status is 200",
                "path": "::status is 200",
                "id": "6210a8cd14cd70477eba5c5e4cb3fb5f",
                "passes": 333,
                "fails": 0
            }
        }
    }
}
