{
    "metrics": {
        "check_failure_rate": {
            "fails": 721,
            "passes": 0,
            "thresholds": {
                "rate<0.01": false,
                "rate<=0.05": false
            },
            "value": 0
        },
        "checks": {
            "fails": 0,
            "passes": 721,
            "value": 0
        },
        "data_received": {
            "count": 123291,
            "rate": 406.8260696544993
        },
        "data_sent": {
            "count": 80031,
            "rate": 264.0800803020434
        },
        "http_req_blocked": {
            "avg": 0.01362690707350934,
            "max": 0.976,
            "med": 0.002,
            "min": 0.001,
            "p(90)": 0.003,
            "p(95)": 0.006
        },
        "http_req_connecting": {
            "avg": 0.007349514563106797,
            "max": 0.284,
            "med": 0,
            "min": 0,
            "p(90)": 0,
            "p(95)": 0
        },
        "http_req_duration": {
            "avg": 9281.01090429958,
            "max": 13997.997,
            "med": 9882.679,
            "min": 367.216,
            "p(90)": 12292.213,
            "p(95)": 12691.398,
            "thresholds": {
                "p(95)<5000": true
            }
        },
        "http_req_receiving": {
            "avg": 0.6273606102635234,
            "max": 82.157,
            "med": 0.049,
            "min": 0.025,
            "p(90)": 0.164,
            "p(95)": 0.286
        },
        "http_req_sending": {
            "avg": 0.016208044382801615,
            "max": 0.114,
            "med": 0.014,
            "min": 0.008,
            "p(90)": 0.021,
            "p(95)": 0.03
        },
        "http_req_tls_handshaking": {
            "avg": 0,
            "max": 0,
            "med": 0,
            "min": 0,
            "p(90)": 0,
            "p(95)": 0
        },
        "http_req_waiting": {
            "avg": 9280.367335644936,
            "max": 13997.956,
            "med": 9882.618,
            "min": 367.141,
            "p(90)": 12292.138,
            "p(95)": 12691.341
        },
        "http_reqs": {
            "count": 721,
            "rate": 2.3790998225409314
        },
        "iteration_duration": {
            "avg": 9280.87423856034,
            "max": 13997.686459,
            "med": 9882.499433,
            "min": 367.348874,
            "p(90)": 12291.977737,
            "p(95)": 12691.119048
        },
        "iterations": {
            "count": 721,
            "rate": 2.3790998225409314
        },
        "vus": {
            "max": 25,
            "min": 1,
            "value": 1
        },
        "vus_max": {
            "max": 25,
            "min": 25,
            "value": 25
        }
    },
    "root_group": {
        "name": "",
        "path": "",
        "id": "d41d8cd98f00b204e9800998ecf8427e",
        "groups": {},
        "checks": {
            "status is 200": {
                "name": "status is 200",
                "path": "::status is 200",
                "id": "6210a8cd14cd70477eba5c5e4cb3fb5f",
                "passes": 721,
                "fails": 0
            }
        }
    }
}
