{
    "metrics": {
        "check_failure_rate": {
            "fails": 662,
            "passes": 0,
            "thresholds": {
                "rate<0.01": false,
                "rate<=0.05": false
            },
            "value": 0
        },
        "checks": {
            "fails": 0,
            "passes": 662,
            "value": 0
        },
        "data_received": {
            "count": 113202,
            "rate": 376.62830432473277
        },
        "data_sent": {
            "count": 73482,
            "rate": 244.4780221055283
        },
        "http_req_blocked": {
            "avg": 0.019487915407855338,
            "max": 0.97,
            "med": 0.002,
            "min": 0.001,
            "p(90)": 0.003,
            "p(95)": 0.006949999999999932
        },
        "http_req_connecting": {
            "avg": 0.011735649546827794,
            "max": 0.566,
            "med": 0,
            "min": 0,
            "p(90)": 0,
            "p(95)": 0
        },
        "http_req_duration": {
            "avg": 10059.591987915408,
            "max": 16873.055,
            "med": 10598.513500000001,
            "min": 361.798,
            "p(90)": 13476.613399999998,
            "p(95)": 13996.7245,
            "thresholds": {
                "p(95)<5000": true
            }
        },
        "http_req_receiving": {
            "avg": 0.6539864048338364,
            "max": 79.936,
            "med": 0.047,
            "min": 0.024,
            "p(90)": 0.076,
            "p(95)": 0.17484999999999978
        },
        "http_req_sending": {
            "avg": 0.017003021148036198,
            "max": 0.145,
            "med": 0.014,
            "min": 0.007,
            "p(90)": 0.02,
            "p(95)": 0.030849999999999794
        },
        "http_req_tls_handshaking": {
            "avg": 0,
            "max": 0,
            "med": 0,
            "min": 0,
            "p(90)": 0,
            "p(95)": 0
        },
        "http_req_waiting": {
            "avg": 10058.920998489431,
            "max": 16872.972,
            "med": 10598.455,
            "min": 361.71,
            "p(90)": 13476.551799999997,
            "p(95)": 13996.6738
        },
        "http_reqs": {
            "count": 662,
            "rate": 2.2025047036534082
        },
        "iteration_duration": {
            "avg": 10060.198084811173,
            "max": 16877.945833,
            "med": 10598.799115,
            "min": 361.933851,
            "p(90)": 13477.367728399999,
            "p(95)": 13998.321069900001
        },
        "iterations": {
            "count": 662,
            "rate": 2.2025047036534082
        },
        "vus": {
            "max": 25,
            "min": 1,
            "value": 5
        },
        "vus_max": {
            "max": 25,
            "min": 25,
            "value": 25
        }
    },
    "root_group": {
        "name": "",
        "path": "",
        "id": "d41d8cd98f00b204e9800998ecf8427e",
        "groups": {},
        "checks": {
            "status is 200": {
                "name": "status is 200",
                "path": "::status is 200",
                "id": "6210a8cd14cd70477eba5c5e4cb3fb5f",
                "passes": 662,
                "fails": 0
            }
        }
    }
}
