{
    "metrics": {
        "check_failure_rate": {
            "fails": 286,
            "passes": 2,
            "thresholds": {
                "rate<0.01": false,
                "rate<=0.05": false
            },
            "value": 0
        },
        "checks": {
            "fails": 2,
            "passes": 286,
            "value": 0
        },
        "data_received": {
            "count": 58003,
            "rate": 175.7454291629571
        },
        "data_sent": {
            "count": 35995,
            "rate": 109.06257818941504
        },
        "http_req_blocked": {
            "avg": 0.06272569444444408,
            "max": 0.859,
            "med": 0.002,
            "min": 0.001,
            "p(90)": 0.27030000000000004,
            "p(95)": 0.36394999999999994
        },
        "http_req_connecting": {
            "avg": 0.04292708333333334,
            "max": 0.511,
            "med": 0,
            "min": 0,
            "p(90)": 0.19630000000000003,
            "p(95)": 0.24834999999999957
        },
        "http_req_duration": {
            "avg": 45839.15862847222,
            "max": 60005.918,
            "med": 53351.733,
            "min": 1277.504,
            "p(90)": 59164.6711,
            "p(95)": 59529.434,
            "thresholds": {
                "p(95)<5000": true
            }
        },
        "http_req_receiving": {
            "avg": 0.07907638888888895,
            "max": 1.18,
            "med": 0.049,
            "min": 0,
            "p(90)": 0.12030000000000013,
            "p(95)": 0.25494999999999995
        },
        "http_req_sending": {
            "avg": 0.022045138888888795,
            "max": 0.146,
            "med": 0.013,
            "min": 0.01,
            "p(90)": 0.046,
            "p(95)": 0.057299999999999955
        },
        "http_req_tls_handshaking": {
            "avg": 0,
            "max": 0,
            "med": 0,
            "min": 0,
            "p(90)": 0,
            "p(95)": 0
        },
        "http_req_waiting": {
            "avg": 45839.05750694444,
            "max": 60005.905,
            "med": 53351.4035,
            "min": 1277.268,
            "p(90)": 59164.6113,
            "p(95)": 59529.3681
        },
        "http_reqs": {
            "count": 288,
            "rate": 0.8726218229907358
        },
        "iteration_duration": {
            "avg": 45837.968983246516,
            "max": 60004.267091,
            "med": 53350.3754815,
            "min": 1278.585261,
            "p(90)": 59163.0031907,
            "p(95)": 59527.786689199995
        },
        "iterations": {
            "count": 288,
            "rate": 0.8726218229907358
        },
        "vus": {
            "max": 50,
            "min": 1,
            "value": 1
        },
        "vus_max": {
            "max": 50,
            "min": 50,
            "value": 50
        }
    },
    "root_group": {
        "name": "",
        "path": "",
        "id": "d41d8cd98f00b204e9800998ecf8427e",
        "groups": {},
        "checks": {
            "status is 200": {
                "name": "status is 200",
                "path": "::status is 200",
                "id": "6210a8cd14cd70477eba5c5e4cb3fb5f",
                "passes": 286,
                "fails": 2
            }
        }
    }
}
