{
    "metrics": {
        "check_failure_rate": {
            "fails": 54611,
            "passes": 0,
            "thresholds": {
                "rate<0.01": false,
                "rate<=0.05": false
            },
            "value": 0
        },
        "checks": {
            "fails": 0,
            "passes": 109222,
            "value": 0
        },
        "data_received": {
            "count": 15727968,
            "rate": 52419.255027350235
        },
        "data_sent": {
            "count": 5952599,
            "rate": 19839.231937434637
        },
        "http_req_blocked": {
            "avg": 0.002623555693907905,
            "max": 1.185,
            "med": 0.002,
            "min": 0.001,
            "p(90)": 0.003,
            "p(95)": 0.003
        },
        "http_req_connecting": {
            "avg": 0.0005138158978960282,
            "max": 1.044,
            "med": 0,
            "min": 0,
            "p(90)": 0,
            "p(95)": 0
        },
        "http_req_duration": {
            "avg": 508.4466867480938,
            "max": 772.659,
            "med": 519.527,
            "min": 3.329,
            "p(90)": 596.725,
            "p(95)": 603.476,
            "thresholds": {
                "p(95)<5000": false
            }
        },
        "http_req_receiving": {
            "avg": 0.21704956876821746,
            "max": 78.034,
            "med": 0.037,
            "min": 0.021,
            "p(90)": 0.197,
            "p(95)": 0.3145
        },
        "http_req_sending": {
            "avg": 0.013051766127700084,
            "max": 0.474,
            "med": 0.012,
            "min": 0.006,
            "p(90)": 0.017,
            "p(95)": 0.019
        },
        "http_req_tls_handshaking": {
            "avg": 0,
            "max": 0,
            "med": 0,
            "min": 0,
            "p(90)": 0,
            "p(95)": 0
        },
        "http_req_waiting": {
            "avg": 508.21658541319835,
            "max": 772.607,
            "med": 519.351,
            "min": 3.276,
            "p(90)": 596.625,
            "p(95)": 603.3685
        },
        "http_reqs": {
            "count": 54611,
            "rate": 182.01130217829945
        },
        "iteration_duration": {
            "avg": 508.53251064124356,
            "max": 772.730116,
            "med": 519.609257,
            "min": 3.416929,
            "p(90)": 596.816121,
            "p(95)": 603.5598315
        },
        "iterations": {
            "count": 54611,
            "rate": 182.01130217829945
        },
        "vus": {
            "max": 100,
            "min": 1,
            "value": 1
        },
        "vus_max": {
            "max": 100,
            "min": 100,
            "value": 100
        }
    },
    "root_group": {
        "name": "",
        "path": "",
        "id": "d41d8cd98f00b204e9800998ecf8427e",
        "groups": {},
        "checks": {
            "content is present": {
                "name": "content is present",
                "path": "::content is present",
                "id": "f162f55df55ff1646f977d711ea38a01",
                "passes": 54611,
                "fails": 0
            },
            "status is 200": {
                "name": "status is 200",
                "path": "::status is 200",
                "id": "6210a8cd14cd70477eba5c5e4cb3fb5f",
                "passes": 54611,
                "fails": 0
            }
        }
    }
}
