{
    "metrics": {
        "check_failure_rate": {
            "fails": 763,
            "passes": 0,
            "thresholds": {
                "rate<0.01": false,
                "rate<=0.05": false
            },
            "value": 0
        },
        "checks": {
            "fails": 0,
            "passes": 763,
            "value": 0
        },
        "data_received": {
            "count": 130473,
            "rate": 434.789043137496
        },
        "data_sent": {
            "count": 84693,
            "rate": 282.23148414188336
        },
        "http_req_blocked": {
            "avg": 0.012307994757536349,
            "max": 0.914,
            "med": 0.002,
            "min": 0.001,
            "p(90)": 0.003,
            "p(95)": 0.018
        },
        "http_req_connecting": {
            "avg": 0.007015727391874179,
            "max": 0.28,
            "med": 0,
            "min": 0,
            "p(90)": 0,
            "p(95)": 0
        },
        "http_req_duration": {
            "avg": 8665.635553079948,
            "max": 11338.334,
            "med": 9697.688,
            "min": 358.497,
            "p(90)": 10369.571000000002,
            "p(95)": 10630.0434,
            "thresholds": {
                "p(95)<5000": true
            }
        },
        "http_req_receiving": {
            "avg": 0.14999737876802122,
            "max": 14.065,
            "med": 0.044,
            "min": 0.032,
            "p(90)": 0.11460000000000015,
            "p(95)": 0.19269999999999993
        },
        "http_req_sending": {
            "avg": 0.014732634338138793,
            "max": 0.178,
            "med": 0.012,
            "min": 0.009,
            "p(90)": 0.017800000000000066,
            "p(95)": 0.034
        },
        "http_req_tls_handshaking": {
            "avg": 0,
            "max": 0,
            "med": 0,
            "min": 0,
            "p(90)": 0,
            "p(95)": 0
        },
        "http_req_waiting": {
            "avg": 8665.470823066855,
            "max": 11338.254,
            "med": 9697.636,
            "min": 358.34,
            "p(90)": 10369.5216,
            "p(95)": 10629.9923
        },
        "http_reqs": {
            "count": 763,
            "rate": 2.5426259832602103
        },
        "iteration_duration": {
            "avg": 8666.133250920055,
            "max": 11338.106771,
            "med": 9697.50507,
            "min": 358.639288,
            "p(90)": 10369.3881306,
            "p(95)": 10629.9102028
        },
        "iterations": {
            "count": 763,
            "rate": 2.5426259832602103
        },
        "vus": {
            "max": 25,
            "min": 1,
            "value": 1
        },
        "vus_max": {
            "max": 25,
            "min": 25,
            "value": 25
        }
    },
    "root_group": {
        "name": "",
        "path": "",
        "id": "d41d8cd98f00b204e9800998ecf8427e",
        "groups": {},
        "checks": {
            "status is 200": {
                "name": "status is 200",
                "path": "::status is 200",
                "id": "6210a8cd14cd70477eba5c5e4cb3fb5f",
                "passes": 763,
                "fails": 0
            }
        }
    }
}
