{
    "metrics": {
        "check_failure_rate": {
            "fails": 52935,
            "passes": 0,
            "thresholds": {
                "rate<0.01": false,
                "rate<=0.05": false
            },
            "value": 0
        },
        "checks": {
            "fails": 0,
            "passes": 105870,
            "value": 0
        },
        "data_received": {
            "count": 15245280,
            "rate": 50811.118025673466
        },
        "data_sent": {
            "count": 5769915,
            "rate": 19230.59675277225
        },
        "http_req_blocked": {
            "avg": 0.0027822990459999996,
            "max": 1.27,
            "med": 0.002,
            "min": 0.001,
            "p(90)": 0.003,
            "p(95)": 0.003
        },
        "http_req_connecting": {
            "avg": 0.0006393501464059695,
            "max": 1.123,
            "med": 0,
            "min": 0,
            "p(90)": 0,
            "p(95)": 0
        },
        "http_req_duration": {
            "avg": 524.5360164541406,
            "max": 1309.647,
            "med": 573.238,
            "min": 3.264,
            "p(90)": 606.2026,
            "p(95)": 641.0898999999819,
            "thresholds": {
                "p(95)<5000": false
            }
        },
        "http_req_receiving": {
            "avg": 0.2283995466137952,
            "max": 79.807,
            "med": 0.038,
            "min": 0.02,
            "p(90)": 0.202,
            "p(95)": 0.312
        },
        "http_req_sending": {
            "avg": 0.012982053461789878,
            "max": 1.86,
            "med": 0.012,
            "min": 0.006,
            "p(90)": 0.017,
            "p(95)": 0.019
        },
        "http_req_tls_handshaking": {
            "avg": 0,
            "max": 0,
            "med": 0,
            "min": 0,
            "p(90)": 0,
            "p(95)": 0
        },
        "http_req_waiting": {
            "avg": 524.2946348540662,
            "max": 1309.531,
            "med": 572.907,
            "min": 3.229,
            "p(90)": 606.091,
            "p(95)": 630.0148999999999
        },
        "http_reqs": {
            "count": 52935,
            "rate": 176.42749314469953
        },
        "iteration_duration": {
            "avg": 524.6215956776031,
            "max": 1309.780803,
            "med": 573.333518,
            "min": 3.3356,
            "p(90)": 606.2962896,
            "p(95)": 641.1963543999819
        },
        "iterations": {
            "count": 52935,
            "rate": 176.42749314469953
        },
        "vus": {
            "max": 100,
            "min": 1,
            "value": 1
        },
        "vus_max": {
            "max": 100,
            "min": 100,
            "value": 100
        }
    },
    "root_group": {
        "name": "",
        "path": "",
        "id": "d41d8cd98f00b204e9800998ecf8427e",
        "groups": {},
        "checks": {
            "content is present": {
                "name": "content is present",
                "path": "::content is present",
                "id": "f162f55df55ff1646f977d711ea38a01",
                "passes": 52935,
                "fails": 0
            },
            "status is 200": {
                "name": "status is 200",
                "path": "::status is 200",
                "id": "6210a8cd14cd70477eba5c5e4cb3fb5f",
                "passes": 52935,
                "fails": 0
            }
        }
    }
}
