{
    "metrics": {
        "check_failure_rate": {
            "fails": 288,
            "passes": 0,
            "thresholds": {
                "rate<0.01": false,
                "rate<=0.05": false
            },
            "value": 0
        },
        "checks": {
            "fails": 0,
            "passes": 288,
            "value": 0
        },
        "data_received": {
            "count": 58402,
            "rate": 177.27784869964262
        },
        "data_sent": {
            "count": 36110,
            "rate": 109.61102559063208
        },
        "http_req_blocked": {
            "avg": 0.07999652777777738,
            "max": 0.88,
            "med": 0.002,
            "min": 0.001,
            "p(90)": 0.3637000000000002,
            "p(95)": 0.4838499999999998
        },
        "http_req_connecting": {
            "avg": 0.0564826388888889,
            "max": 0.607,
            "med": 0,
            "min": 0,
            "p(90)": 0.26260000000000017,
            "p(95)": 0.35464999999999997
        },
        "http_req_duration": {
            "avg": 45634.028968750004,
            "max": 57467.486,
            "med": 54196.091,
            "min": 1354.654,
            "p(90)": 55672.294,
            "p(95)": 56653.0686,
            "thresholds": {
                "p(95)<5000": true
            }
        },
        "http_req_receiving": {
            "avg": 0.10903125000000002,
            "max": 11.105,
            "med": 0.045,
            "min": 0.035,
            "p(90)": 0.10620000000000004,
            "p(95)": 0.2708999999999989
        },
        "http_req_sending": {
            "avg": 0.024309027777777683,
            "max": 0.151,
            "med": 0.013,
            "min": 0.011,
            "p(90)": 0.057,
            "p(95)": 0.08789999999999987
        },
        "http_req_tls_handshaking": {
            "avg": 0,
            "max": 0,
            "med": 0,
            "min": 0,
            "p(90)": 0,
            "p(95)": 0
        },
        "http_req_waiting": {
            "avg": 45633.89562847225,
            "max": 57467.421,
            "med": 54196.018,
            "min": 1354.515,
            "p(90)": 55672.2388,
            "p(95)": 56653.01065
        },
        "http_reqs": {
            "count": 288,
            "rate": 0.8742169861562459
        },
        "iteration_duration": {
            "avg": 45632.857186357636,
            "max": 57465.910072,
            "med": 54194.5865915,
            "min": 1355.300842,
            "p(90)": 55670.756682499996,
            "p(95)": 56651.4614645
        },
        "iterations": {
            "count": 288,
            "rate": 0.8742169861562459
        },
        "vus": {
            "max": 50,
            "min": 1,
            "value": 2
        },
        "vus_max": {
            "max": 50,
            "min": 50,
            "value": 50
        }
    },
    "root_group": {
        "name": "",
        "path": "",
        "id": "d41d8cd98f00b204e9800998ecf8427e",
        "groups": {},
        "checks": {
            "status is 200": {
                "name": "status is 200",
                "path": "::status is 200",
                "id": "6210a8cd14cd70477eba5c5e4cb3fb5f",
                "passes": 288,
                "fails": 0
            }
        }
    }
}
