{
    "metrics": {
        "check_failure_rate": {
            "fails": 68,
            "passes": 6,
            "thresholds": {
                "rate<0.01": true,
                "rate<=0.05": true
            },
            "value": 0
        },
        "checks": {
            "fails": 6,
            "passes": 68,
            "value": 0
        },
        "data_received": {
            "count": 14446,
            "rate": 601.4865035688644
        },
        "data_sent": {
            "count": 10810,
            "rate": 450.0947738875414
        },
        "http_req_blocked": {
            "avg": 0.08278378378378369,
            "max": 0.961,
            "med": 0.003,
            "min": 0.001,
            "p(90)": 0.31400000000000006,
            "p(95)": 0.4506499999999998
        },
        "http_req_connecting": {
            "avg": 0.05360810810810811,
            "max": 0.501,
            "med": 0,
            "min": 0,
            "p(90)": 0.231,
            "p(95)": 0.26969999999999966
        },
        "http_req_duration": {
            "avg": 2578.5980675675683,
            "max": 8293.356,
            "med": 1897.9445,
            "min": 880.306,
            "p(90)": 5514.731600000005,
            "p(95)": 6827.81575,
            "thresholds": {
                "p(95)<5000": true
            }
        },
        "http_req_receiving": {
            "avg": 0.07328378378378377,
            "max": 0.722,
            "med": 0.0545,
            "min": 0.033,
            "p(90)": 0.0918,
            "p(95)": 0.13105
        },
        "http_req_sending": {
            "avg": 0.024959459459459453,
            "max": 0.13,
            "med": 0.017,
            "min": 0.012,
            "p(90)": 0.048,
            "p(95)": 0.06579999999999996
        },
        "http_req_tls_handshaking": {
            "avg": 0,
            "max": 0,
            "med": 0,
            "min": 0,
            "p(90)": 0,
            "p(95)": 0
        },
        "http_req_waiting": {
            "avg": 2578.4998243243244,
            "max": 8293.298,
            "med": 1897.848,
            "min": 880.202,
            "p(90)": 5514.641500000004,
            "p(95)": 6827.45955
        },
        "http_reqs": {
            "count": 74,
            "rate": 3.081129811996121
        },
        "iteration_duration": {
            "avg": 2578.745098972973,
            "max": 8293.277051,
            "med": 1898.0385700000002,
            "min": 880.403734,
            "p(90)": 5514.910371800004,
            "p(95)": 6827.752541149999
        },
        "iterations": {
            "count": 74,
            "rate": 3.081129811996121
        },
        "vus": {
            "max": 20,
            "min": 1,
            "value": 20
        },
        "vus_max": {
            "max": 50,
            "min": 50,
            "value": 50
        }
    },
    "root_group": {
        "name": "",
        "path": "",
        "id": "d41d8cd98f00b204e9800998ecf8427e",
        "groups": {},
        "checks": {
            "status is 200": {
                "name": "status is 200",
                "path": "::status is 200",
                "id": "6210a8cd14cd70477eba5c5e4cb3fb5f",
                "passes": 68,
                "fails": 6
            }
        }
    }
}
