{
    "metrics": {
        "check_failure_rate": {
            "fails": 768,
            "passes": 0,
            "thresholds": {
                "rate<0.01": false,
                "rate<=0.05": false
            },
            "value": 0
        },
        "checks": {
            "fails": 0,
            "passes": 768,
            "value": 0
        },
        "data_received": {
            "count": 131328,
            "rate": 437.64084790274995
        },
        "data_sent": {
            "count": 85248,
            "rate": 284.082655656171
        },
        "http_req_blocked": {
            "avg": 0.01224869791666692,
            "max": 0.646,
            "med": 0.002,
            "min": 0.001,
            "p(90)": 0.0023000000000000685,
            "p(95)": 0.014949999999999932
        },
        "http_req_connecting": {
            "avg": 0.007100260416666668,
            "max": 0.323,
            "med": 0,
            "min": 0,
            "p(90)": 0,
            "p(95)": 0
        },
        "http_req_duration": {
            "avg": 8639.54888671875,
            "max": 12234.801,
            "med": 9635.517,
            "min": 334.818,
            "p(90)": 10533.1962,
            "p(95)": 10813.20145,
            "thresholds": {
                "p(95)<5000": true
            }
        },
        "http_req_receiving": {
            "avg": 0.11099479166666698,
            "max": 12.747,
            "med": 0.042,
            "min": 0.025,
            "p(90)": 0.09860000000000015,
            "p(95)": 0.28
        },
        "http_req_sending": {
            "avg": 0.014622395833333237,
            "max": 0.119,
            "med": 0.011,
            "min": 0.008,
            "p(90)": 0.022300000000000066,
            "p(95)": 0.03164999999999998
        },
        "http_req_tls_handshaking": {
            "avg": 0,
            "max": 0,
            "med": 0,
            "min": 0,
            "p(90)": 0,
            "p(95)": 0
        },
        "http_req_waiting": {
            "avg": 8639.42326953124,
            "max": 12234.714,
            "med": 9635.4565,
            "min": 334.64,
            "p(90)": 10533.092200000001,
            "p(95)": 10813.1382
        },
        "http_reqs": {
            "count": 768,
            "rate": 2.559303204109649
        },
        "iteration_duration": {
            "avg": 8639.409259152342,
            "max": 12234.580927,
            "med": 9635.483442,
            "min": 334.894229,
            "p(90)": 10533.1562504,
            "p(95)": 10812.97610925
        },
        "iterations": {
            "count": 768,
            "rate": 2.559303204109649
        },
        "vus": {
            "max": 25,
            "min": 1,
            "value": 1
        },
        "vus_max": {
            "max": 25,
            "min": 25,
            "value": 25
        }
    },
    "root_group": {
        "name": "",
        "path": "",
        "id": "d41d8cd98f00b204e9800998ecf8427e",
        "groups": {},
        "checks": {
            "status is 200": {
                "name": "status is 200",
                "path": "::status is 200",
                "id": "6210a8cd14cd70477eba5c5e4cb3fb5f",
                "passes": 768,
                "fails": 0
            }
        }
    }
}
