{
    "metrics": {
        "check_failure_rate": {
            "fails": 336,
            "passes": 0,
            "thresholds": {
                "rate<0.01": false,
                "rate<=0.05": false
            },
            "value": 0
        },
        "checks": {
            "fails": 0,
            "passes": 336,
            "value": 0
        },
        "data_received": {
            "count": 57120,
            "rate": 187.09647557374444
        },
        "data_sent": {
            "count": 40656,
            "rate": 133.16866790837105
        },
        "http_req_blocked": {
            "avg": 0.02867559523809555,
            "max": 0.743,
            "med": 0.002,
            "min": 0.001,
            "p(90)": 0.004,
            "p(95)": 0.28525
        },
        "http_req_connecting": {
            "avg": 0.01815773809523809,
            "max": 0.481,
            "med": 0,
            "min": 0,
            "p(90)": 0,
            "p(95)": 0.21025
        },
        "http_req_duration": {
            "avg": 20162.867693452383,
            "max": 30873.133,
            "med": 21181.318,
            "min": 2251.587,
            "p(90)": 26068.28,
            "p(95)": 26964.4965,
            "thresholds": {
                "p(95)<5000": true
            }
        },
        "http_req_receiving": {
            "avg": 0.5613214285714284,
            "max": 81.516,
            "med": 0.049,
            "min": 0.027,
            "p(90)": 0.081,
            "p(95)": 0.1715
        },
        "http_req_sending": {
            "avg": 0.017889880952380904,
            "max": 0.097,
            "med": 0.014,
            "min": 0.01,
            "p(90)": 0.025,
            "p(95)": 0.04375
        },
        "http_req_tls_handshaking": {
            "avg": 0,
            "max": 0,
            "med": 0,
            "min": 0,
            "p(90)": 0,
            "p(95)": 0
        },
        "http_req_waiting": {
            "avg": 20162.288482142856,
            "max": 30873.071,
            "med": 21181.252500000002,
            "min": 2251.408,
            "p(90)": 26068.2225,
            "p(95)": 26964.4265
        },
        "http_reqs": {
            "count": 336,
            "rate": 1.1005675033749673
        },
        "iteration_duration": {
            "avg": 20162.411942389885,
            "max": 30872.318079,
            "med": 21180.823913,
            "min": 2252.530436,
            "p(90)": 26067.621618,
            "p(95)": 26963.8122495
        },
        "iterations": {
            "count": 336,
            "rate": 1.1005675033749673
        },
        "vus": {
            "max": 25,
            "min": 1,
            "value": 1
        },
        "vus_max": {
            "max": 25,
            "min": 25,
            "value": 25
        }
    },
    "root_group": {
        "name": "",
        "path": "",
        "id": "d41d8cd98f00b204e9800998ecf8427e",
        "groups": {},
        "checks": {
            "status is 200": {
                "name": "status is 200",
                "path": "::status is 200",
                "id": "6210a8cd14cd70477eba5c5e4cb3fb5f",
                "passes": 336,
                "fails": 0
            }
        }
    }
}
