{
    "metrics": {
        "check_failure_rate": {
            "fails": 8343,
            "passes": 0,
            "thresholds": {
                "rate<0.01": false,
                "rate<=0.05": false
            },
            "value": 0
        },
        "checks": {
            "fails": 0,
            "passes": 8343,
            "value": 0
        },
        "data_received": {
            "count": 1451682,
            "rate": 4838.201690422042
        },
        "data_sent": {
            "count": 959445,
            "rate": 3197.6620367731884
        },
        "http_req_blocked": {
            "avg": 0.006964880738344128,
            "max": 0.81,
            "med": 0.003,
            "min": 0.001,
            "p(90)": 0.004,
            "p(95)": 0.005
        },
        "http_req_connecting": {
            "avg": 0.0028639578089416293,
            "max": 0.592,
            "med": 0,
            "min": 0,
            "p(90)": 0,
            "p(95)": 0
        },
        "http_req_duration": {
            "avg": 3340.226695193574,
            "max": 40970.609,
            "med": 2486.597,
            "min": 201.647,
            "p(90)": 6987.2622,
            "p(95)": 8393.403799999998,
            "thresholds": {
                "p(95)<5000": true
            }
        },
        "http_req_receiving": {
            "avg": 0.670361620520193,
            "max": 104.482,
            "med": 0.056,
            "min": 0.019,
            "p(90)": 0.182,
            "p(95)": 0.44889999999999963
        },
        "http_req_sending": {
            "avg": 0.017919573294978015,
            "max": 0.308,
            "med": 0.017,
            "min": 0.007,
            "p(90)": 0.024,
            "p(95)": 0.028
        },
        "http_req_tls_handshaking": {
            "avg": 0,
            "max": 0,
            "med": 0,
            "min": 0,
            "p(90)": 0,
            "p(95)": 0
        },
        "http_req_waiting": {
            "avg": 3339.538413999763,
            "max": 40970.493,
            "med": 2485.86,
            "min": 201.594,
            "p(90)": 6987.1186,
            "p(95)": 8393.339299999998
        },
        "http_reqs": {
            "count": 8343,
            "rate": 27.80575684150599
        },
        "iteration_duration": {
            "avg": 3340.2655974855616,
            "max": 40969.911525,
            "med": 2486.661692,
            "min": 201.732543,
            "p(90)": 6987.171784200001,
            "p(95)": 8393.279980799998
        },
        "iterations": {
            "count": 8343,
            "rate": 27.80575684150599
        },
        "vus": {
            "max": 100,
            "min": 1,
            "value": 1
        },
        "vus_max": {
            "max": 100,
            "min": 100,
            "value": 100
        }
    },
    "root_group": {
        "name": "",
        "path": "",
        "id": "d41d8cd98f00b204e9800998ecf8427e",
        "groups": {},
        "checks": {
            "status is 200": {
                "name": "status is 200",
                "path": "::status is 200",
                "id": "6210a8cd14cd70477eba5c5e4cb3fb5f",
                "passes": 8343,
                "fails": 0
            }
        }
    }
}
