{
    "metrics": {
        "check_failure_rate": {
            "fails": 1754,
            "passes": 3,
            "thresholds": {
                "rate<0.01": false,
                "rate<=0.05": false
            },
            "value": 0
        },
        "checks": {
            "fails": 3,
            "passes": 1754,
            "value": 0
        },
        "data_received": {
            "count": 355606,
            "rate": 1178.936515492314
        },
        "data_sent": {
            "count": 202055,
            "rate": 669.8706367097278
        },
        "http_req_blocked": {
            "avg": 0.013260102447353064,
            "max": 0.901,
            "med": 0.002,
            "min": 0.001,
            "p(90)": 0.004,
            "p(95)": 0.0051999999999998185
        },
        "http_req_connecting": {
            "avg": 0.007569721115537849,
            "max": 0.837,
            "med": 0,
            "min": 0,
            "p(90)": 0,
            "p(95)": 0
        },
        "http_req_duration": {
            "avg": 7572.802461582246,
            "max": 60004.225,
            "med": 7897.71,
            "min": 1033.14,
            "p(90)": 9302.1726,
            "p(95)": 9776.0688,
            "thresholds": {
                "p(95)<5000": true
            }
        },
        "http_req_receiving": {
            "avg": 0.3633113261240745,
            "max": 79.319,
            "med": 0.052,
            "min": 0,
            "p(90)": 0.098,
            "p(95)": 0.2551999999999998
        },
        "http_req_sending": {
            "avg": 0.016785998861696128,
            "max": 0.131,
            "med": 0.014,
            "min": 0.01,
            "p(90)": 0.021,
            "p(95)": 0.02919999999999982
        },
        "http_req_tls_handshaking": {
            "avg": 0,
            "max": 0,
            "med": 0,
            "min": 0,
            "p(90)": 0,
            "p(95)": 0
        },
        "http_req_waiting": {
            "avg": 7572.422364257273,
            "max": 60004.21,
            "med": 7897.616,
            "min": 1033.045,
            "p(90)": 9302.1112,
            "p(95)": 9775.996
        },
        "http_reqs": {
            "count": 1757,
            "rate": 5.824962058345459
        },
        "iteration_duration": {
            "avg": 7572.711846428575,
            "max": 60002.595305,
            "med": 7897.609588,
            "min": 1033.660979,
            "p(90)": 9302.008439199999,
            "p(95)": 9775.897337
        },
        "iterations": {
            "count": 1757,
            "rate": 5.824962058345459
        },
        "vus": {
            "max": 50,
            "min": 1,
            "value": 4
        },
        "vus_max": {
            "max": 50,
            "min": 50,
            "value": 50
        }
    },
    "root_group": {
        "name": "",
        "path": "",
        "id": "d41d8cd98f00b204e9800998ecf8427e",
        "groups": {},
        "checks": {
            "status is 200": {
                "name": "status is 200",
                "path": "::status is 200",
                "id": "6210a8cd14cd70477eba5c5e4cb3fb5f",
                "passes": 1754,
                "fails": 3
            }
        }
    }
}
