{
    "metrics": {
        "check_failure_rate": {
            "fails": 11594,
            "passes": 0,
            "thresholds": {
                "rate<0.01": false,
                "rate<=0.05": false
            },
            "value": 0
        },
        "checks": {
            "fails": 0,
            "passes": 11594,
            "value": 0
        },
        "data_received": {
            "count": 2017356,
            "rate": 6723.061521443743
        },
        "data_sent": {
            "count": 1333310,
            "rate": 4443.40272968983
        },
        "http_req_blocked": {
            "avg": 0.005456701742281802,
            "max": 1.204,
            "med": 0.002,
            "min": 0.001,
            "p(90)": 0.003,
            "p(95)": 0.003
        },
        "http_req_connecting": {
            "avg": 0.002477143350008626,
            "max": 1.063,
            "med": 0,
            "min": 0,
            "p(90)": 0,
            "p(95)": 0
        },
        "http_req_duration": {
            "avg": 2399.390157753998,
            "max": 5744.796,
            "med": 2802.9105,
            "min": 42.822,
            "p(90)": 3075.508800000001,
            "p(95)": 3228.3616500000003,
            "thresholds": {
                "p(95)<5000": false
            }
        },
        "http_req_receiving": {
            "avg": 0.17235259617043266,
            "max": 74.209,
            "med": 0.045,
            "min": 0.022,
            "p(90)": 0.14970000000000072,
            "p(95)": 0.26735000000000037
        },
        "http_req_sending": {
            "avg": 0.013780317405555177,
            "max": 0.131,
            "med": 0.013,
            "min": 0.007,
            "p(90)": 0.016,
            "p(95)": 0.018350000000000363
        },
        "http_req_tls_handshaking": {
            "avg": 0,
            "max": 0,
            "med": 0,
            "min": 0,
            "p(90)": 0,
            "p(95)": 0
        },
        "http_req_waiting": {
            "avg": 2399.2040248404483,
            "max": 5744.747,
            "med": 2802.8595,
            "min": 42.764,
            "p(90)": 3075.457500000001,
            "p(95)": 3228.3022499999997
        },
        "http_reqs": {
            "count": 11594,
            "rate": 38.63828460599852
        },
        "iteration_duration": {
            "avg": 2399.426194774463,
            "max": 5744.713686,
            "med": 2802.922018,
            "min": 42.922063,
            "p(90)": 3075.516238100001,
            "p(95)": 3228.3680086500003
        },
        "iterations": {
            "count": 11594,
            "rate": 38.63828460599852
        },
        "vus": {
            "max": 100,
            "min": 1,
            "value": 1
        },
        "vus_max": {
            "max": 100,
            "min": 100,
            "value": 100
        }
    },
    "root_group": {
        "name": "",
        "path": "",
        "id": "d41d8cd98f00b204e9800998ecf8427e",
        "groups": {},
        "checks": {
            "status is 200": {
                "name": "status is 200",
                "path": "::status is 200",
                "id": "6210a8cd14cd70477eba5c5e4cb3fb5f",
                "passes": 11594,
                "fails": 0
            }
        }
    }
}
