{
    "metrics": {
        "check_failure_rate": {
            "fails": 969,
            "passes": 0,
            "thresholds": {
                "rate<0.01": false,
                "rate<=0.05": false
            },
            "value": 0
        },
        "checks": {
            "fails": 0,
            "passes": 969,
            "value": 0
        },
        "data_received": {
            "count": 196545,
            "rate": 637.2419836242378
        },
        "data_sent": {
            "count": 111435,
            "rate": 361.29670276611944
        },
        "http_req_blocked": {
            "avg": 0.019028895768833553,
            "max": 0.755,
            "med": 0.002,
            "min": 0.001,
            "p(90)": 0.004,
            "p(95)": 0.2475999999999999
        },
        "http_req_connecting": {
            "avg": 0.011600619195046439,
            "max": 0.369,
            "med": 0,
            "min": 0,
            "p(90)": 0,
            "p(95)": 0.1741999999999998
        },
        "http_req_duration": {
            "avg": 13840.367725490194,
            "max": 36074.116,
            "med": 10885.832,
            "min": 1028.515,
            "p(90)": 24976.624000000003,
            "p(95)": 26862.4006,
            "thresholds": {
                "p(95)<5000": true
            }
        },
        "http_req_receiving": {
            "avg": 0.4018482972136212,
            "max": 301.654,
            "med": 0.051,
            "min": 0.023,
            "p(90)": 0.10860000000000014,
            "p(95)": 0.32059999999999994
        },
        "http_req_sending": {
            "avg": 0.017689370485036104,
            "max": 0.118,
            "med": 0.015,
            "min": 0.007,
            "p(90)": 0.022200000000000046,
            "p(95)": 0.038
        },
        "http_req_tls_handshaking": {
            "avg": 0,
            "max": 0,
            "med": 0,
            "min": 0,
            "p(90)": 0,
            "p(95)": 0
        },
        "http_req_waiting": {
            "avg": 13839.948187822518,
            "max": 36074.04,
            "med": 10885.768,
            "min": 1028.452,
            "p(90)": 24976.531000000003,
            "p(95)": 26862.3252
        },
        "http_reqs": {
            "count": 969,
            "rate": 3.141710458835821
        },
        "iteration_duration": {
            "avg": 13840.287124971099,
            "max": 36073.158113,
            "med": 10885.631916,
            "min": 1029.545993,
            "p(90)": 24975.976765400002,
            "p(95)": 26861.7135772
        },
        "iterations": {
            "count": 969,
            "rate": 3.141710458835821
        },
        "vus": {
            "max": 50,
            "min": 1,
            "value": 1
        },
        "vus_max": {
            "max": 50,
            "min": 50,
            "value": 50
        }
    },
    "root_group": {
        "name": "",
        "path": "",
        "id": "d41d8cd98f00b204e9800998ecf8427e",
        "groups": {},
        "checks": {
            "status is 200": {
                "name": "status is 200",
                "path": "::status is 200",
                "id": "6210a8cd14cd70477eba5c5e4cb3fb5f",
                "passes": 969,
                "fails": 0
            }
        }
    }
}
